{"selectors":["{\"selector\":\".Button_root__UZ8td\",\"tasks\":[[\"has-text\",\"Share\"]]}","{\"selector\":\".article_detail__top_stories\",\"tasks\":[[\"has-text\",\"Follow us for ev updates\"]]}","{\"selector\":\".block-single-post__aside-heading\",\"tasks\":[[\"has-text\",\"Share\"]]}","{\"selector\":\".border-t-grey-200\",\"tasks\":[[\"has-text\",\"Share this story\"]]}","{\"selector\":\".border-y.py-2\",\"tasks\":[[\"has-text\",\"Share\"]]}","{\"selector\":\".br4.deep\",\"tasks\":[[\"has-text\",\"Want more SF Chronicle\"]]}","{\"selector\":\".br4\",\"tasks\":[[\"has-text\",\"Want more SFGATE?\"]]}","{\"selector\":\".col-xs-12 > div\",\"tasks\":[[\"has-text\",\"Follow AppleInsider\"]]}","{\"selector\":\".dcr-4gwv1z > ul\",\"tasks\":[[\"has-text\",\"Get our\"]]}","{\"selector\":\".edproj-share-video-wrapper\",\"tasks\":[[\"has-text\",\"Share your video\"]]}","{\"selector\":\".edproj-speedhub-wrapper\",\"tasks\":[[\"has-text\",\"read now\"]]}","{\"selector\":\".elementor-button-wrapper\",\"tasks\":[[\"has-text\",\"Social Media\"]]}","{\"selector\":\".elementor-heading-title\",\"tasks\":[[\"has-text\",\"SHARE\"]]}","{\"selector\":\".elementor-widget-container > h2\",\"tasks\":[[\"has-text\",\"Please share\"]]}","{\"selector\":\".execphpwidget\",\"tasks\":[[\"has-text\",\"FREE UPDATES!\"]]}","{\"selector\":\".free-body.text-block > p.content-item\",\"tasks\":[[\"has-text\",\"Email\"]]}","{\"selector\":\".has-background\",\"tasks\":[[\"has-text\",\"Follow us\"]]}","{\"selector\":\".heading-title\",\"tasks\":[[\"has-text\",\"Follow US\"]]}","{\"selector\":\".mar-b-6\",\"tasks\":[[\"has-text\",\"Follow Us\"]]}","{\"selector\":\".padding-top-small > .widgetizedArea\",\"tasks\":[[\"has-text\",\"Like this\"]]}","{\"selector\":\".po-fr__heading\",\"tasks\":[[\"has-text\",\"Share this article\"]]}","{\"selector\":\".post_style_zk > p\",\"tasks\":[[\"has-text\",\"Please subscribe\"]]}","{\"selector\":\".promo-card-muted\",\"tasks\":[[\"has-text\",\"RSS feed\"]]}","{\"selector\":\".tdm-descr\",\"tasks\":[[\"has-text\",\"Share\"]]}","{\"selector\":\".tdm_block_button_simplified\",\"tasks\":[[\"has-text\",\"Follow on LinkedIn\"]]}","{\"selector\":\".tds-button\",\"tasks\":[[\"has-text\",\"FOLLOW ON GOOGLE NEWS\"]]}","{\"selector\":\".tw-balloon\",\"tasks\":[[\"has-text\",\"Share To\"]]}","{\"selector\":\".widget-title\",\"tasks\":[[\"has-text\",\"Share this page!\"]]}","{\"selector\":\".widget_custom_html\",\"tasks\":[[\"has-text\",\"Follow us\"]]}","{\"selector\":\"[data-ga-track-action]\",\"tasks\":[[\"has-text\",\"Join The Conversation\"]]}","{\"selector\":\"[style=\\\"position: sticky; top: 55px;\\\"]\",\"tasks\":[[\"has-text\",\"Inscrivez-vous à notre newsletter quotidienne !\"]]}","{\"selector\":\"p.cms-textAlign-center\",\"tasks\":[[\"has-text\",\"follow NBC Sports\"]]}","{\"selector\":\"strong\",\"tasks\":[[\"has-text\",\"/Stay informed|Stay on top/\"]]}","{\"selector\":\".tve_social_items\",\"action\":[\"style\",\"visibility:hidden !important\"],\"cssable\":true}","{\"selector\":\"body, html\",\"action\":[\"style\",\"height: auto !important; overflow: auto !important\"],\"cssable\":true}","{\"selector\":\"body\",\"action\":[\"style\",\"overflow: auto !important;\"],\"cssable\":true}","{\"selector\":\"body\",\"action\":[\"style\",\"overflow: auto !important; position: initial !important;\"],\"cssable\":true}","{\"selector\":\"html\",\"action\":[\"style\",\"overflow: auto !important; position: initial !important;\"],\"cssable\":true}"],"selectorLists":["0","1","2","3","4","5","6","7","8","10,15,9","11","12","13","14","16,24","17","18","19","20","21","22","23","25","26","27","28","29","30","31","32","33","34","35","36","37"],"selectorListRefs":[2,32,24,23,0,27,6,3,32,18,29,9,33,32,19,28,31,15,13,5,4,8,7,1,26,17,11,34,22,10,20,30,21,25,12,16,14],"hostnames":["qodo.ai","gulte.com","ruwix.com","twitch.tv","abc.net.au","clubic.com","sfgate.com","gizmodo.com","govtrack.us","jacobin.com","psypost.org","stuff.co.nz","vgtimes.com","aliprice.com","lifenews.com","nbcsports.com","ultraslan.com","cryptotimes.io","openculture.com","sfchronicle.com","thedispatch.com","theguardian.com","appleinsider.com","carnewschina.com","theintercept.com","theshovel.com.au","bitcoinsensus.com","finance.yahoo.com","heritagedaily.com","newskarnataka.com","newsroom.ucla.edu","swingliteracy.com","tvblackbox.com.au","archaeologymag.com","freethoughtnow.org","techissuestoday.com","cybersecuritynews.com"],"hasEntities":false}