{"selectors":["{\"selector\":\"[data-sentry-component=\\\"Box\\\"]\",\"tasks\":[[\"has-text\",\"Legal Terms and Privacy\"]]}","{\"selector\":\".MuiBox-root\",\"tasks\":[[\"has-text\",\"Welcome,\"]]}","{\"selector\":\".MuiStack-root\",\"tasks\":[[\"has-text\",\"Personalised ads\"]]}","{\"selector\":\".Wrapper--1lbmq00\",\"tasks\":[[\"has-text\",\"This website uses cookies\"]]}","{\"selector\":\".b_hPanel\",\"tasks\":[[\"has-text\",\"Terms of Use\"]]}","{\"selector\":\".bg-white.flex-col.flex.fixed\",\"tasks\":[[\"has-text\",\"Your Privacy is Important to Us\"]]}","{\"selector\":\".bottom-0.fixed\",\"tasks\":[[\"has-text\",\"This website uses cookies\"]]}","{\"selector\":\".bottom-16.fixed\",\"tasks\":[[\"has-text\",\"We use cookies\"]]}","{\"selector\":\".box-PQtsNf\",\"tasks\":[[\"has-text\",\"Privacy Policy\"]]}","{\"selector\":\".box-beCrD2\",\"tasks\":[[\"has-text\",\"cookies\"]]}","{\"selector\":\".cdk-overlay-pane\",\"tasks\":[[\"has-text\",\"We use cookies\"]]}","{\"selector\":\".css-175oi2r.r-12vffkv[style^=\\\"position: absolute; bottom: 0px; width: 100%;\\\"]\",\"tasks\":[[\"has-text\",\"data protection\"]]}","{\"selector\":\".dialog-lightbox-message\",\"tasks\":[[\"has-text\",\"/Cookies/i\"]]}","{\"selector\":\".dialog\",\"tasks\":[[\"has-text\",\"Cookies on PayerMax Website\"]]}","{\"selector\":\".e91i7z92.css-c9oklo\",\"tasks\":[[\"has-text\",\"We use technologies that provide information\"]]}","{\"selector\":\".ejn6mx64.emotion-8zds09\",\"tasks\":[[\"has-text\",\"cookies\"]]}","{\"selector\":\".elementor-popup-modal\",\"tasks\":[[\"has-text\",\"This website uses cookies\"]]}","{\"selector\":\".fixed\",\"tasks\":[[\"has-text\",\"cookies\"]]}","{\"selector\":\".footer\",\"tasks\":[[\"has-text\",\"By using our platform\"]]}","{\"selector\":\".gb_g\",\"tasks\":[[\"has-text\",\"cookie\"]]}","{\"selector\":\".hLgTAv\",\"tasks\":[[\"has-text\",\"Terms of Sale\"]]}","{\"selector\":\".justify-center.flex\",\"tasks\":[[\"has-text\",\"Make sure you agree\"]]}","{\"selector\":\".md\\\\:px-\\\\[60px\\\\]\",\"tasks\":[[\"has-text\",\"By messaging ChatGPT\"]]}","{\"selector\":\".md\\\\:right-\\\\[40px\\\\]\",\"tasks\":[[\"has-text\",\"By continuing to use our site\"]]}","{\"selector\":\".notification\",\"tasks\":[[\"has-text\",\"We use only essential cookies\"]]}","{\"selector\":\".orejime-Root\",\"tasks\":[[\"has-text\",\"We collect and process your personal information\"]]}","{\"selector\":\".toast\",\"tasks\":[[\"has-text\",\"We use cookies\"]]}","{\"selector\":\".top-0.z-9999.fixed.bg-opacity-30\",\"tasks\":[[\"has-text\",\"Website Cookies\"]]}","{\"selector\":\".z-50\",\"tasks\":[[\"has-text\",\"This site uses cookies\"]]}","{\"selector\":\"[role=\\\"dialog\\\"]\",\"tasks\":[[\"has-text\",\"/cookie/i\"]]}","{\"selector\":\"[role=\\\"dialog\\\"]\",\"tasks\":[[\"has-text\",\"cookies\"]]}","{\"selector\":\"div[class*=\\\"_toastContainer_\\\"]\",\"tasks\":[[\"has-text\",\"We care about your privacy\"]]}","{\"selector\":\"body:has(div[class*=\\\"Styled\\\"][class*=\\\"Container\\\"] [data-testid=\\\"bbc-logo-wrapper\\\"]) > .fc-consent-root\",\"action\":[\"style\",\"display: flex !important\"],\"cssable\":true}","{\"selector\":\"body\",\"action\":[\"style\",\"overflow: auto !important;\"],\"cssable\":true}","{\"selector\":\"body\",\"action\":[\"remove-class\",\"has-cookie-consent\"]}","{\"selector\":\"button\",\"tasks\":[[\"has-text\",\"Accept\"],[\"upward\",\"section\"]]}","{\"selector\":\"#ask-consent\",\"action\":[\"remove\",\"\"]}","{\"selector\":\"body, html\",\"action\":[\"style\",\"overflow: auto !important; position: initial !important;\"],\"cssable\":true}","{\"selector\":\"body\",\"action\":[\"style\",\"position: static !important; overflow: auto !important; width: auto !important;\"],\"cssable\":true}","{\"selector\":\"body\",\"action\":[\"style\",\"overflow: auto !important; position: initial !important;\"],\"cssable\":true}","{\"selector\":\"html\",\"action\":[\"style\",\"overflow: auto !important; position: initial !important;\"],\"cssable\":true}","{\"selector\":\"body.ordrepsy.cookies-banner-visible\",\"action\":[\"style\",\"overflow: auto !important;\"],\"cssable\":true}","{\"selector\":\"body, html\",\"action\":[\"style\",\"height: auto !important; overflow: auto !important\"],\"cssable\":true}","{\"selector\":\"html\",\"action\":[\"style\",\"position: static !important; overflow: auto !important; width: auto !important;\"],\"cssable\":true}","{\"selector\":\"#contenitore\",\"action\":[\"style\",\"filter: none !important;\"],\"cssable\":true}","{\"selector\":\"body, html\",\"action\":[\"style\",\"position: static !important; overflow: auto !important; width: auto !important;\"],\"cssable\":true}","{\"selector\":\"html\",\"action\":[\"style\",\"overflow:auto !important\"],\"cssable\":true}","{\"selector\":\"html\",\"action\":[\"style\",\"overflow: auto !important\"],\"cssable\":true}","{\"selector\":\"#header_head\",\"action\":[\"style\",\"top: 0 !important\"],\"cssable\":true}","{\"selector\":\"body\",\"action\":[\"style\",\"overflow: auto !important\"],\"cssable\":true}","{\"selector\":\"html, body\",\"action\":[\"style\",\"overflow: auto !important; position: initial !important;\"],\"cssable\":true}","{\"selector\":\"body, html\",\"action\":[\"style\",\"overflow: visible !important; padding-right: 0 !important; overflow-y: visible !important; overflow-x: visible !important\"],\"cssable\":true}","{\"selector\":\"#body, html\",\"action\":[\"style\",\"overflow: auto !important; position: initial !important;\"],\"cssable\":true}","{\"selector\":\"body.tac-modal-open\",\"action\":[\"style\",\"overflow: auto !important;\"],\"cssable\":true}","{\"selector\":\"html.sp-message-open\",\"action\":[\"style\",\"width: initial !important\"],\"cssable\":true}","{\"selector\":\"html.sp-message-open > body\",\"action\":[\"style\",\"position: unset !important; overflow: unset !important\"],\"cssable\":true}","{\"selector\":\"body.overflowHidden\",\"action\":[\"style\",\"overflow: auto !important\"],\"cssable\":true}","{\"selector\":\"html[style=\\\"overflow: hidden;\\\"]:not(:has(#cmp_consent_wall))\",\"action\":[\"style\",\"overflow: auto !important\"],\"cssable\":true}","{\"selector\":\"#cmp_consent_wall\",\"action\":[\"style\",\"visibility: hidden !important;\"],\"cssable\":true}","{\"selector\":\"body:has(#cmp_consent_wall)\",\"action\":[\"style\",\"overflow: auto !important;\"],\"cssable\":true}","{\"selector\":\"html.sp-message-open > body\",\"action\":[\"style\",\"position: unset !important; overflow: unset !important; margin-top: 0 !important\"],\"cssable\":true}","{\"selector\":\"#mms-consent-portal-container\",\"action\":[\"style\",\"visibility: hidden !important;\"],\"cssable\":true}","{\"selector\":\"body:has(#mms-consent-portal-container)\",\"action\":[\"style\",\"overflow: auto !important;\"],\"cssable\":true}","{\"selector\":\"div[role=\\\"dialog\\\"]:has(button[data-tracking-name=\\\"cookie-preferences-mloi-initial-opt-out\\\"])\",\"action\":[\"style\",\"visibility: hidden !important;\"],\"cssable\":true}","{\"selector\":\"[data-testid=\\\"cookie-policy-manage-dialog\\\"]\",\"action\":[\"style\",\"visibility: hidden !important;\"],\"cssable\":true}","{\"selector\":\"#onetrust-consent-sdk\",\"action\":[\"style\",\"visibility: collapse !important;\"],\"cssable\":true}","{\"selector\":\".ev-modals div[class*=\\\"ev-open-modal-notifier\\\"], .ev-modals-notifier div[class*=\\\"ev-open-modal-notifier\\\"]\",\"action\":[\"style\",\"visibility: hidden !important;\"],\"cssable\":true}","{\"selector\":\"html > body\",\"action\":[\"style\",\"margin-top: 45px !important;\"],\"cssable\":true}","{\"selector\":\"body\",\"action\":[\"style\",\"overflow: auto !important; position: unset !important;\"],\"cssable\":true}","{\"selector\":\"body.didomi-popup-open\",\"action\":[\"style\",\"overflow: auto !important;\"],\"cssable\":true}","{\"selector\":\".aa_optoutmulti-cookie-policy\",\"action\":[\"style\",\"visibility: hidden !important;\"],\"cssable\":true}","{\"selector\":\"#iubenda-cs-banner\",\"action\":[\"style\",\"visibility: hidden !important;\"],\"cssable\":true}","{\"selector\":\"html\",\"action\":[\"style\",\"overflow: auto !important;\"],\"cssable\":true}","{\"selector\":\".qc-cmp2-container\",\"action\":[\"style\",\"visibility: hidden !important;\"],\"cssable\":true}","{\"selector\":\"#CIPAConsentNotice\",\"action\":[\"style\",\"visibility: hidden !important;\"],\"cssable\":true}","{\"selector\":\"#didomi-host\",\"action\":[\"style\",\"visibility: hidden !important;\"],\"cssable\":true}","{\"selector\":\"#__tealiumGDPRcpPrefs\",\"action\":[\"style\",\"visibility: hidden !important;\"],\"cssable\":true}","{\"selector\":\".cmp_gdpr\",\"action\":[\"style\",\"visibility: hidden !important;\"],\"cssable\":true}","{\"selector\":\".body_fixed\",\"action\":[\"style\",\"overflow: auto !important;\"],\"cssable\":true}","{\"selector\":\"#kick__pur__layer:has(a[href][onclick=\\\"ov.cmp.acceptAllConsents()\\\"])\",\"action\":[\"style\",\"visibility: hidden !important;\"],\"cssable\":true}","{\"selector\":\".fc-consent-root\",\"action\":[\"style\",\"opacity: 0 !important;\"],\"cssable\":true}","{\"selector\":\"body[style=\\\"overflow: hidden;\\\"]\",\"action\":[\"style\",\"overflow: auto !important;\"],\"cssable\":true}","{\"selector\":\"body.appconsent_noscroll\",\"action\":[\"style\",\"overflow: auto !important;\"],\"cssable\":true}","{\"selector\":\"#appconsent\",\"action\":[\"style\",\"visibility: hidden !important;\"],\"cssable\":true}","{\"selector\":\".videop em:not([data-video-src])\",\"action\":[\"remove\",\"\"]}","{\"selector\":\".videop em[data-video-src]\",\"action\":[\"style\",\"display: block !important;\"],\"cssable\":true}","{\"selector\":\"[id^=\\\"sp_message_container\\\"]\",\"action\":[\"style\",\"visibility: hidden !important;\"],\"cssable\":true}","{\"selector\":\".sp-message-open body\",\"action\":[\"style\",\"overflow: auto !important;\"],\"cssable\":true}","{\"selector\":\"body:has(.cmpboxinner)\",\"action\":[\"style\",\"overflow: auto !important;\"],\"cssable\":true}","{\"selector\":\"[id^=\\\"cmpbox\\\"]\",\"action\":[\"style\",\"visibility: hidden !important;\"],\"cssable\":true}"],"selectorLists":["0","1","2","3","4","5","6","7","8,9","10","11","12","13","14","15","16","17","18","19","20","21","22","23","24","25","26","27","28","29","30","31","32,33","33","34","35","36","37","37,39","38","39","40","41","42","43","-44","44","45","46","47","48","49","50","51","52","53","54,55","54","54,60","55","56","57","57,58,59","61,62","63","64","65","66,69,75","67","68","69","69,75","70","71,72","73,74","76","77,78","79","80,81","82,83","84,85","86,87","88,89"],"selectorListRefs":[36,16,70,42,36,36,69,36,36,36,10,36,36,70,36,52,36,36,39,36,70,36,14,36,36,36,36,57,39,32,70,36,70,36,36,36,39,36,39,36,36,60,36,36,36,36,36,36,39,70,70,36,39,32,42,32,32,36,36,34,36,36,70,81,46,36,69,31,36,36,36,36,32,58,70,38,36,36,36,36,70,36,36,32,36,36,36,36,36,70,36,36,36,36,36,36,36,36,36,36,36,36,42,36,36,36,36,36,32,42,42,70,36,36,20,36,32,36,36,36,36,36,38,36,36,36,36,36,36,74,36,36,36,36,36,36,36,42,70,4,36,36,36,36,58,39,36,70,36,36,36,51,36,36,13,43,36,50,36,36,36,36,36,58,36,36,38,36,36,36,36,36,70,36,36,39,36,36,36,36,36,36,36,70,36,61,70,36,36,69,36,36,36,70,36,36,32,36,36,36,36,36,36,36,69,36,36,36,36,36,36,36,36,36,36,36,43,42,36,36,36,36,36,36,70,32,38,36,36,75,36,36,55,63,46,36,36,36,36,36,39,70,36,36,36,36,36,36,36,38,36,36,36,36,36,36,7,69,36,36,28,36,39,36,42,36,36,60,36,36,38,36,36,36,39,36,36,36,38,36,36,36,36,36,59,36,43,36,36,36,36,36,36,36,36,36,36,36,36,36,36,39,36,36,36,36,36,36,36,36,36,39,43,36,36,36,11,36,36,36,76,36,36,36,70,36,36,69,42,70,36,70,60,36,70,36,70,36,36,36,36,36,36,36,36,39,36,36,36,39,36,42,36,36,36,36,42,69,36,36,36,36,32,39,70,70,36,36,36,36,36,36,36,36,32,36,70,36,36,36,36,39,36,36,36,32,36,69,75,75,36,36,36,36,36,36,19,36,36,36,36,36,36,36,36,36,36,42,36,36,36,43,36,36,36,39,36,36,36,36,36,36,39,36,36,36,36,36,36,36,36,32,36,38,69,36,36,8,60,36,36,36,36,81,49,36,36,70,11,36,36,42,36,36,36,69,70,70,32,36,36,70,36,32,36,36,36,39,70,36,70,36,36,36,36,42,42,36,36,36,36,36,36,70,42,36,36,70,36,36,36,36,69,36,36,42,36,36,36,36,36,70,70,36,40,36,36,36,36,36,36,75,36,69,36,36,36,36,36,36,36,36,36,36,36,36,36,39,39,39,39,39,39,39,36,36,69,36,36,36,36,36,36,36,75,36,43,70,36,36,36,36,36,36,36,70,36,32,36,36,36,36,36,36,36,36,32,32,70,43,70,36,36,36,36,36,36,42,36,40,75,60,36,36,39,36,36,58,32,55,36,36,36,36,36,36,36,36,36,36,68,36,36,36,36,36,36,36,64,36,43,52,36,36,39,36,70,36,36,38,36,36,36,36,36,36,39,36,38,36,36,36,9,36,36,36,36,36,36,36,36,36,21,36,36,36,36,36,36,36,36,36,36,36,36,70,36,36,39,38,36,39,36,35,36,36,36,36,70,36,36,70,36,36,39,36,36,70,36,13,36,36,36,67,36,36,36,42,36,36,32,36,32,36,36,39,36,36,36,42,36,36,36,36,0,36,36,36,36,36,36,75,36,36,36,36,36,36,36,36,36,36,36,36,36,36,36,36,36,36,36,36,70,36,36,70,70,78,36,36,36,70,36,36,69,36,36,36,70,42,42,42,69,70,52,2,36,36,36,36,36,36,36,36,36,42,36,36,36,70,36,36,36,36,36,36,40,36,36,36,36,36,36,36,36,36,36,36,36,36,36,36,36,36,36,36,36,36,36,36,38,36,36,36,70,36,36,36,69,36,36,36,36,39,69,36,36,69,36,36,36,47,36,36,36,36,70,36,36,42,36,52,36,13,36,36,36,36,36,69,36,36,36,36,36,36,70,70,36,36,36,36,38,36,36,36,36,36,36,36,27,36,36,70,36,36,36,36,36,36,36,36,36,36,36,39,42,42,42,36,38,36,36,70,69,36,36,36,36,36,36,36,36,36,36,36,36,36,36,36,36,69,70,70,36,36,36,69,16,36,36,36,36,38,70,39,70,36,70,36,70,36,39,70,70,70,36,36,36,36,36,36,69,36,70,36,36,36,36,36,36,36,36,36,36,39,36,36,36,36,36,36,39,36,36,36,36,69,70,61,36,36,36,36,36,69,36,36,36,36,36,36,36,36,69,39,55,70,36,36,69,36,70,36,36,70,70,69,36,32,36,39,70,36,36,42,42,70,42,36,39,62,36,69,36,73,36,36,70,36,36,36,36,12,36,36,36,36,36,36,36,36,48,36,36,36,36,36,36,36,36,36,32,36,17,36,36,36,36,36,36,36,42,32,36,32,36,32,70,36,36,36,36,36,63,47,46,39,36,39,36,36,36,36,79,36,36,36,36,36,42,38,36,38,36,36,36,36,39,36,36,39,36,36,53,36,39,36,36,69,36,36,29,36,36,42,36,36,36,36,36,36,69,36,36,53,36,36,26,36,39,36,36,36,36,75,36,36,36,36,38,38,36,70,36,36,36,36,36,69,36,70,70,13,36,36,36,5,32,36,39,70,36,70,36,77,36,69,36,59,36,36,42,39,39,36,36,81,39,36,39,3,42,36,39,39,36,36,36,36,36,36,38,36,36,36,36,36,36,36,36,36,36,69,36,36,39,36,39,70,36,36,36,36,36,39,36,36,36,62,36,36,36,36,81,36,70,59,36,36,36,36,70,70,42,36,36,36,36,36,36,36,36,36,39,36,36,36,36,36,36,36,36,36,36,36,36,42,39,38,36,42,42,36,36,36,36,70,36,13,36,36,36,36,36,36,36,36,70,36,40,39,36,36,36,39,36,39,36,36,36,36,36,43,36,36,39,36,36,32,13,11,36,36,36,36,36,30,36,36,36,36,36,36,36,36,39,36,36,70,36,36,36,36,36,36,36,36,39,69,36,36,81,36,36,36,36,32,36,36,36,36,36,36,70,36,69,69,36,36,36,70,36,36,36,70,36,36,36,36,36,36,36,42,36,36,36,36,36,36,39,36,36,36,36,36,36,36,40,36,36,36,36,36,36,36,36,42,36,36,36,70,39,43,36,36,36,36,36,36,36,36,36,36,36,36,36,38,36,38,36,39,36,36,36,39,36,36,39,39,36,36,39,39,39,36,36,36,42,36,72,36,36,36,39,38,36,36,36,39,36,36,36,36,36,36,36,36,36,36,36,36,70,36,36,36,36,36,36,36,36,70,39,36,36,69,36,36,36,70,13,36,36,70,36,36,70,39,41,39,36,36,69,36,69,36,36,36,36,36,36,13,25,36,36,69,36,36,36,36,70,36,36,36,13,39,36,36,36,36,69,36,36,36,36,36,36,39,36,38,55,55,36,36,36,36,70,36,38,42,75,36,70,39,36,36,36,36,52,58,55,36,36,36,36,36,36,36,36,36,36,36,36,36,36,43,36,70,36,36,36,36,36,36,36,81,36,42,36,36,39,36,42,36,36,80,42,43,29,39,36,73,36,39,70,36,36,36,36,70,36,70,36,36,6,36,36,38,36,70,36,70,36,55,36,36,36,36,36,36,36,36,36,36,36,36,36,39,39,36,36,72,72,36,36,36,36,43,36,36,36,36,70,39,70,78,36,36,36,36,36,36,36,69,36,36,36,36,36,36,59,39,36,39,36,69,18,36,36,39,36,36,36,36,39,43,43,36,42,42,36,36,36,36,36,36,36,36,36,39,36,36,36,36,36,36,36,36,36,44,36,81,36,36,36,36,36,36,36,39,36,36,36,36,39,36,36,36,36,22,36,36,24,36,43,36,36,36,36,36,36,36,36,36,36,36,38,36,36,36,36,36,70,36,36,36,36,36,36,36,36,42,38,36,36,36,36,36,39,36,38,36,36,36,36,36,36,36,39,65,36,36,36,36,36,36,36,36,36,36,39,36,37,36,36,39,36,36,36,36,33,36,36,36,36,36,36,36,36,70,36,70,69,70,38,36,36,36,36,36,36,36,69,36,36,70,39,1,36,36,36,36,36,36,36,36,36,38,39,36,69,36,36,13,36,36,13,36,36,36,36,36,70,36,36,36,42,36,36,36,36,36,36,36,36,36,36,36,38,36,36,36,36,36,36,36,36,36,36,36,36,36,36,36,36,36,36,42,36,36,36,36,36,36,36,36,36,36,36,36,36,36,36,42,36,39,36,36,36,36,36,36,36,36,36,36,70,36,39,36,36,36,39,36,36,70,36,36,36,36,43,36,36,59,36,36,36,36,36,36,36,36,36,13,36,36,36,36,36,39,36,56,39,36,36,36,55,36,40,36,70,69,36,36,36,36,39,36,36,36,36,36,11,36,36,36,36,54,36,39,36,36,36,36,36,38,36,36,36,36,23,70,36,36,36,39,36,36,36,42,36,36,36,36,36,42,38,36,36,36,36,36,15,36,36,36,36,36,40,36,36,36,39,36,36,39,36,43,36,36,75,36,39,36,36,36,36,36,36,36,71,38,36,36,36,39,36,36,36,36,42,42,36,36,36,36,42,36,36,36,36,36,39,36,39,36,42,36,36,36,70,70,36,36,70,36,36,36,39,36,70,36,36,36,36,36,36,36,36,36,42,36,36,36,37,69,13,38,36,36,36,36,36,36,36,36,36,36,36,36,36,36,36,36,36,36,36,36,39,36,66,36,39,36,39,36,36,36,36,36,36,36,38,39,36,36,36,36,36,39,36,36,36,36,36,36,36,36,36,70,36,42,36,36,36,36,32,36,36,36,36,36,38,36,36,36,36,36,36,36,36,36,36,36,36,36,36,36,36,36,38,36,42,36,36,36,36,36,36,36,36,36,36,36,36,36,36,36,39,39,36,36,36,39,39,39,36,36,36,36,36,70,36,36,36,36,36,36,32,36,36,36,36,38,36,39,36,36,36,42,42,36,39,39,36,36,36,39,39,39,36,69,36,36,36,36,36,36,39,36,36,36,39,36,36,36,36,36,36,36,36,36,36,36,36,36,36,36,36,39,43,36,36,36,36,36,36,36,36,36,36,36,42,36,36,36,36,36,38,36,36,42,13,36,36,36,39,36,36,39,36,39,36,36,36,36,36,36,36,36,36,36,36,36,59,36,36,36,39,36,36,36,36,36,36,36,36,36,36,36,36,75,36,36,36,36,36,36,36,36,38,36,36,36,13,36,36,36,36,36,36,36,36,39,36,36,36,81,36,36,36,36,36,36,36,39,36,36,36,36,36,13,36,36,36,43,36,36,36,59,36,36,36,36,39,36,36,36,36,36,36,36,36,36,36,36,36,42,36,39,36,70,36,36,36,36,36,36,36,36,36,36,36,52,36,36,36,36,36,36,36,36,70,36,36,36,36,36,36,36,36,36,36,36,36,36,36,39,36,39,42,36,36,38,39,39,36,36,36,36,36,36,36,36,36,36,36,36,36,32,43,36,36,36,36,13,36,36,36,36,36,36,36,36,36,36,39,36,36,36,36,45,36,36,36,36,36,36,36,70,36,36,36,36,36,16,36,36,36,36,36,36,39,36,36,36,36,36,36,36,39,36,39,36,40,38,36,36,42,36,36,36,36,36,36,70,36,36,36,36,36,36,36,36,42,36,36,36,39,36,36,36,36,36,39,36,36,36,36,70,36,36,36,36,36,36,36,36,36,36,36,36,70,39,36,36,36,36,36,36,36,36,36,36,39,36,36,36,42,36,36,36,36,36,36,36,70,70,36,36,36,36,36,36,36,36,39,36,36,36,36,36,39,36,36,36,36,39,37,36,36,36,36,36,36,69,36,36,36,36,39,38,36,36,36,36,36,36,36,36,36,39,36,36,36,70,36,42,36,36,36,70,36,36,39,36,36,36,36,36,36,36,36,36,36,39,42,36,36,36,36,36,36,36,36,36,36,38,36,39,36,36,36,36,36,36,36,36,36,36,36,36,36,39,36,36,39,36,46,36,36,36,39,36,36,36,36,36,36,36,36,39,36,36,36,36,36,36,36,36,36,36,36,36,36,36,36,36,36],"hostnames":["a1.si","bc.co","bt.se","df.eu","hh.se","kb.se","o2.fr","sh.se","tk.de","vr.se","x.com","3di.it","a2o.be","abc.es","ale.se","as.com","bdz.bg","ben.nl","btb.es","bvp.ie","cas.sk","ecm.nl","eda.ru","emk.de","ew.com","fgh.de","flz.de","ft.com","gii.fr","gov.lv","gva.be","hot.at","hoy.es","ikb.at","ims.sm","joe.ie","kbv.de","kkh.de","lg.com","lhv.ee","log.cz","m2o.it","nfe.de","nsa.bg","ont.es","oru.se","paz.de","ppn.sk","pwn.pl","rfi.fr","rtl.lu","sfd.pl","sis.lt","snp.nl","srv.fi","tyg.se","ufz.de","wdp.eu","wng.at","xe.com","xm.com","1mmo.at","actu.fr","aedt.de","ages.at","akcr.cz","auto.it","bbc.com","bhg.com","bjuv.se","bund.de","bvvf.se","cgi.com","chip.de","cope.es","e100.eu","eisl.at","ejot.at","ejot.cn","ejot.de","elle.fr","enib.be","epac.it","fitx.de","flip.hu","flip.ro","foma.cz","gies.sm","gulf.lu","hbvl.be","hema.nl","icmf.es","inno.be","ivam.de","jobs.cz","leso.at","mega.nl","mfiv.nl","mfof.se","ncad.ie","oekb.at","ojen.es","oney.pt","paom.pl","qtur.pt","qwic.de","qwic.eu","qwic.nl","riga.lv","roxy.fi","roxy.fr","rtbf.be","sera.de","smbp.fr","t3.chat","teba.es","terc.hu","ticx.fr","umea.se","unna.de","uzsi.cz","vado.be","vias.es","vwfs.pl","wels.at","weum.se","zill.de","zora.bg","zoxs.de","1und1.de","adlon.be","agesc.it","altor.ws","audis.it","bazar.cz","bazle.de","bbcbb.be","beboo.ro","bemad.es","bing.com","bopla.de","boras.se","bulex.be","bulk.com","bunte.de","cinc.com","cmteb.ro","cnews.fr","croso.de","cutar.es","dockx.be","ejobs.ro","ejot.com","eliis.eu","elle.com","emons.de","enva.com","esv.info","etsba.sk","evelb.es","falun.se","fapyc.es","flota.es","focus.de","gd4k.com","gefu.com","genua.de","georg.at","glibl.fr","h-tec.us","hema.com","hrci.org","ideal.es","iemdr.es","ifrs.org","igbce.de","ikasa.es","immoi.at","ispot.pl","itsam.se","jpccr.eu","kiids.de","kocca.it","krone.at","kroo.com","leggo.it","lejdd.fr","lerum.se","libet.pl","linfo.re","mecos.es","miele.ca","monda.es","mtmad.es","mykal.de","myray.it","neplp.lv","nmsu.edu","o-f-s.eu","ocaso.es","omoda.at","omoda.be","omoda.de","omoda.nl","orpi.com","otelo.de","par71.de","praca.by","prace.cz","pubg.com","quiko.gr","r-u-s.at","rafer.es","remax.at","renee.pl","retel.sk","rfeda.es","sanel.lv","sanik.be","sgim.org","simac.fr","simyo.es","soest.de","somme.fr","sport.es","stwbs.de","tecsa.es","telia.lt","temco.es","tempo.pt","tinte.de","tolox.es","tyla.com","uber.com","ubook.at","ujam.com","uniqa.at","vakin.se","varma.fi","yd4k.com","116117.de","24sata.hr","admer.net","akbank.de","alpsp.org","amitek.it","arche.net","archez.es","arctic.de","arktis.de","atirio.be","axa-im.de","axa-im.fr","axa-im.it","azmark.es","bazzar.rs","bcgame.lu","bfmtv.com","bliink.io","canto.com","canva.com","casius.be","cd-lux.de","cilgro.nl","clo3d.com","couzeo.fr","cre-or.fr","deejay.it","denia.com","desch.com","drace.com","eibach.de","ek-bau.at","elinex.nl","entuk.org","enviro.sk","epd4k.com","eremex.be","essent.nl","expira.de","fazua.com","fegas.net","feiyr.com","ferret.fr","festool.*","foodex.fr","fosps.com","gamoni.de","gaucin.es","gescan.es","giens.com","givery.cz","givery.sk","gnosjo.se","go-fit.es","grazer.at","guiral.es","hatten.dk","helbig.be","highas.es","hiwio.com","hole19.fr","ic-kuh.de","icoiig.es","imusic.co","imusic.de","imusic.dk","imusic.no","imusic.se","inbank.ee","indole.es","io.google","iqair.com","ivolta.pl","iznate.es","jawoll.de","join.chat","joueco.nl","juzcar.es","kafkas.gr","kicker.de","kodiko.gr","koliro.de","krokom.se","kurier.at","la-ola.de","labrit.es","largus.fr","leireg.de","lejsl.com","lesaco.de","lesoir.be","libero.it","licefa.de","los40.com","lumie.com","lunion.fr","lw.com.pl","maene.com","marlou.be","medibe.be","milcom.es","mimpo.com","mline.com","motusa.es","mytime.de","nbanka.si","nbkbv.com","netbox.cz","netkom.de","newtom.it","noesis.pt","nygart.dk","ofpr.info","olerum.de","omerus.be","opngo.com","orange.fr","osimis.io","p-plus.nl","packgo.es","passau.de","pickup.de","plesk.com","profil.at","public.fr","ractem.de","ractem.es","ractem.fr","rb1890.fr","recail.es","rockol.it","romaro.nl","s-r-p.com","senec.com","shape.com","shure.com","sirops.fr","slixa.com","solaga.dk","solaga.es","solaga.fr","soleil.se","spacek.sk","sperli.de","stoffe.de","sukia.com","suzuki.fr","tameteo.*","tempo.com","ter-as.pt","th-deg.de","tomshw.it","tui.co.uk","tulodz.pl","tuwien.at","twitch.tv","uebba.com","uebex.com","urbana.ie","urgibl.de","veobio.es","vmock.com","wark24.de","wbimmo.at","yazio.com","yurmax.cz","zivara.ro","zsw-bw.de","zvsaar.de","a-spect.be","aarsfjv.dk","aikikai.de","airteam.eu","alameda.es","albixon.de","allimex.eu","almogia.es","aquafex.at","araani.com","ardales.es","arriate.es","artero.com","asfinag.at","atajate.es","axa-im.com","bartyde.be","bassant.nl","bektv.plus","bianchi.sk","blumixx.de","boohoo.com","born2be.pl","brauzz.com","brut.media","byrdie.com","cajamar.es","capcut.com","capital.it","carflex.fr","cartama.es","certech.de","comares.es","connect.de","core77.com","covivio.eu","cteasy.com","cuatro.com","cun.edu.co","davorin.sk","dcmemba.eu","deco-in.ro","defence.hu","desatel.nl","diasta.com","diverto.tv","dnevnik.hr","dumpert.nl","dunelm.com","durocub.be","ecostal.fr","edreams.de","educado.pl","edumsko.ru","ejot.co.uk","elborge.es","elburgo.es","elmega.com","elpais.com","enracha.es","es.ara.cat","eurizon.hu","exxacon.cl","factsd.com","farajan.es","festool.de","festool.pl","florado.de","fordbdt.ro","frusoed.dk","fuzeau.com","gap360.com","gasunie.nl","ghacks.net","glenair.it","gtv.com.pl","health.com","heraldo.es","hitland.nl","homesud.fr","imaios.com","inflora.de","jobijoba.*","jobspin.cz","johntoy.nl","kalkito.gr","kap4613.at","kidioui.fr","klwshop.de","kommago.nl","kronapo.de","lalibre.be","larazon.es","liblox.com","liquor.com","litozin.de","ljusdal.se","lnl.com.hk","luminsa.es","m3panel.no","m3panel.se","meteored.*","mfulvon.se","michelin.*","mollina.es","moneris.pt","montkov.cz","mprj.mp.br","mullsjo.se","myrhodo.de","nanolab.cz","narila.com","nascar.com","neiske.com","nest34.com","nsi-be.com","numares.us","obelink.at","obelink.be","obelink.de","obelink.es","obelink.fr","obelink.it","obelink.nl","one.com.mt","onecall.no","oscaro.com","osehero.pl","parauta.es","pasquet.fr","people.com","periana.es","phase-6.de","pitstop.de","pogoda.com","polizei.de","ppk.pzu.pl","publico.es","pujerra.es","puratos.be","puratos.bg","puratos.fr","puratos.md","puratos.nl","puratos.pt","rankia.com","rattvik.se","reddit.com","roesle.com","rotork.com","rowenta.gr","salares.es","sandnet.se","sedella.es","sedulus.de","serrato.es","sevdesk.at","sevdesk.de","sfgame.net","sgbeurs.nl","silicon.es","skm.pkp.pl","smb.museum","solgar.com","spsobor.ru","starnet.md","stozzon.de","szappan.hu","tea4you.de","thebarn.de","tiempo.com","tiscali.it","totalan.es","traffiq.de","trinta.net","tvmnews.mt","tvprato.it","tvtoday.de","uktv.co.uk","unilad.com","unilink.pl","vaneste.fr","vanrooy.nl","vautron.de","vaxholm.se","verdeck.de","via-cg.com","viduca.com","vpiera.com","wefit.club","wetter.com","zanker.net","zucami.com","0rechner.de","abser-t.com","acino.co.za","acino.swiss","acropole.fr","ai.meta.com","aiti.gov.bn","alkhabar.ma","allocine.fr","almargen.es","alozaina.es","amisprix.fr","andwork.com","antena3.com","aplitop.com","apmnews.com","aprintex.be","aprotech.de","aratina.com","artforum.sk","asincar.com","aucotec.com","audioweb.ro","aurapol.com","avis.com.tr","baukjen.com","beichel.com","bellmon.com","benakey.com","betsson.com","bikesale.de","bluebird.hu","bm-lille.fr","bonyplus.cz","brainzap.de","carflex.pro","carglass.es","cbgetafe.es","ccifj.or.jp","chatgpt.com","cinbesa.com","cirrosi.com","cityreal.at","clubcode.bg","colmenar.es","comarch.com","coperama.es","cwanylis.pl","cyta.com.cy","dashofer.hu","dashofer.sk","decoform.be","divinity.es","dougalls.es","dpi-immo.fr","drgoerg.com","dryrobe.com","dubplate.be","dunemer.com","dyzurnet.pl","e-comas.com","easyphp.org","edelkamp.de","edencasa.it","edenjobs.de","edreams.net","ekassir.com","ekoplaza.nl","eldiario.es","elevatr.com","elsoplao.es","elvezio.com","emmaboda.se","enact.co.uk","energytv.es","escoper.com","esquire.com","esthesia.cz","eucoc.cloud","eurodata.de","everyeye.it","fagersta.se","fastdeal.pl","favoptic.se","festool.com","file.com.tr","filmzie.com","finnkino.fi","fluidui.com","fortune.com","goodloot.cz","gourret.com","gqitalia.it","groedig.net","groepmsi.be","groofly.com","groupama.fr","grundig.com","halmstad.se","haubois.com","herrfors.fi","history.com","hometown.ae","hotelius.fr","hoy-voy.com","hspv.nrw.de","iberdeli.nl","idoctors.it","ilmeteo.net","immorev.com","in2waste.eu","incadans.be","instyle.com","iwatson.com","jagsonly.be","jerry-s.com","jobijoba.de","joguiba.com","jubrique.es","kbhallen.dk","keimling.ch","keimling.de","kiennast.at","kloundco.de","kontrast.dk","kovoinox.cz","kundisch.de","kupzidle.cz","kwissle.com","lacoste.com","laculla.com","landreau.fr","lasexta.com","laverdad.es","lefigaro.fr","leineapo.de","levi.com.bo","levi.com.py","lexpress.fr","longinus.fr","loparex.com","lopinion.fr","luzmedia.co","mainfer.com","maksyna.com","marianne.cz","martifer.es","martifer.fr","martifer.pt","maville.com","mediaset.es","mein-mmo.de","memefi.club","mentolin.es","metro.co.uk","metzler.com","mgfruit.com","negrini.com","netz-noe.at","nfz-lodz.pl","noodweer.be","nordhavn.dk","nseguros.pt","nuessing.de","nunzium.com","oldstars.nl","ondacero.es","openpdm.com","or-azur.com","ovikshem.se","p-laser.com","pamprofi.cz","paravol.org","parents.com","patreon.com","pearson.com","peticie.com","peticiq.com","piardino.cz","piardino.eu","piardino.it","plan-bee.nl","pranarom.fr","prinoth.com","pro-doma.cz","profesia.sk","promondo.de","protefix.be","protefix.cz","protefix.es","protefix.ro","protefix.sk","protefix.ua","queisser.de","queisser.pl","r-stahl.com","rauch.bz.it","repostuj.pl","resurja.com","riogordo.es","roscamat.de","rossmann.pl","santelys.fr","scroller.de","seebauer.de","seloger.com","sendiroo.fr","shirtee.com","shop.spd.de","shopping.st","siemtech.fr","societe.com","stabila.com","stilgut.com","sudouest.fr","systhen.com","taschen.com","teamreal.at","therover.ca","tidaholm.se","tmleuven.be","topnatur.cz","trading.com","trailrun.es","trcfrant.ru","treijtel.nl","tsohost.com","vebecon.com","vecernji.hr","velfair.com","veranda.com","verdelab.it","vertary.com","vivantia.be","vlgpeer.com","vosker.shop","web-agri.fr","wtfares.com","zaugg.swiss","zav-sava.si","zt-fritz.at","1a-garten.de","1pmobile.com","20minutes.fr","20minutos.es","24helmets.de","40grados.net","ackstorm.com","actronics.no","adlerapo.com","adnmotos.com","adressit.com","airteam.shop","alfarnate.es","algatocin.es","alpha-tex.de","apiformes.de","app.filen.io","applegang.cz","archidona.es","autopista.es","avilcasa.com","axa-im.co.uk","baeyens-l.be","barbecues.be","bau-tadic.at","beckhoff.com","benadalid.es","benahavis.es","benarraba.es","bergkamen.de","bg-bruno.com","bigoutlet.dk","billabong.dk","billabong.fi","billabong.fr","bioitalia.it","blacknut.com","bluefort.com","bluorbank.lv","bonduelle.it","boursier.com","bploodsen.nl","browsbox.com","burmester.de","ca-laloue.fr","campillos.es","cantabria.es","capsugel.com","carflexi.com","carshop24.at","cartajima.es","cbelpalo.com","cbpozuelo.es","comiccave.de","creameng.com","daelgrau.com","davidoff.com","decathlon.fr","decathlon.nl","decathlon.pl","decolight.gr","defence24.pl","deltaflor.de","diariosur.es","diatribe.org","donauimmo.at","duerbusch.de","e-glamour.pl","e-mobilbw.de","ebenefits.es","ebuyclub.com","eivillas.com","elcorreo.com","elpidajob.gr","elplural.com","emobil-sw.de","engadget.com","epatiteb.com","escenoset.es","euronews.com","europafm.com","expressen.se","falkoping.se","firmensms.at","fiselgraf.es","floragard.de","florapark.de","florawelt.de","foodvisor.io","fotoskoda.cz","france24.com","frankfurt.de","freiheit.org","fresubin.com","ftejerez.com","gauloises.de","gdpr-2018.hr","gibbscam.com","gmgurban.com","gokarthof.de","granhold.com","greatist.com","gripsholm.be","gripumps.com","hagemeyer.de","hanssens.net","hartorama.gr","heart-tec.de","heatgeek.com","hemdenbox.de","heyupnow.com","hogbobruk.se","hotelius.com","idealista.it","idealista.pt","ilmattino.it","immo-gith.at","inforata.com","inkmaker.com","intakt-pc.de","intergen.com","intersport.*","itextpdf.com","ivoxpanel.be","jbavicon.com","jetspirit.be","jonkoping.se","ks-gruppe.de","kultur.bz.it","kwik-fit.com","la-croix.com","lacavita.com","ladbible.com","ladepeche.fr","lalettrea.fr","larcenter.nu","laredoute.fr","larroutis.fr","latribune.fr","lavinuela.es","le-regent.fr","leboncoin.fr","lecturas.com","leprogres.fr","letrianon.fr","liberbank.es","lifewire.com","linfusion.fr","localeyes.dk","locastay.com","lubexpert.ro","lusitania.pt","markoshop.si","marmiton.org","martifer.com","masfiesta.es","mazda.com.tr","mediamarkt.*","mensagia.com","midilibre.fr","mindtile.com","mirror.co.uk","moebel-as.de","netzteam.net","numerama.com","nynashamn.se","odenbadet.se","opendesc.com","oventrop.com","payermax.com","piguillet.nl","printful.com","protefix.com","queisser.com","raildude.com","rbnainfo.com","reflects.com","regioware.de","revijahak.hr","rightdeal.sk","safarati.com","sagicheck.jp","sandviken.se","sani-lux.net","santander.pl","satkurier.pl","scalegas.com","selexium.com","shopilya.com","smsmiles.com","sniffies.com","socchef.shop","solaga.co.uk","sonologic.es","srovpraxi.sk","stardance.at","starmoney.de","sudeclope.fr","svaposhop.fr","swedbank.com","synchrone.be","t-mobile.com","targetsms.nl","tedbaker.com","telegraaf.nl","titancoop.sm","todoviaje.es","top4fans.com","tradeweb.com","travivel.com","ubereats.com","univie.ac.at","upromania.ro","valve-up.com","vaxserve.com","villalia.com","vitivola.com","webvillas.nl","wetixpro.com","wilsaflor.de","winfuture.de","woolworth.de","woolworth.pl","xcine-tv.com","xmarabia.net","zomaplast.cz","123-reg.co.uk","4dimension.be","4dimension.de","4dimension.fr","act-europe.eu","adtemptare.be","agramonia.com","airastana.com","akouashop.com","algaenergy.es","alpandeire.es","alpinawein.de","ambientika.eu","anais.digital","anjunadeep.co","asbrav.org.br","auto-media.fr","axa-im.com.sg","bassereau.com","beauxarts.com","benalauria.es","benimetal.com","bitbucket.org","biterswit.com","bne-portal.de","bokadirekt.se","box24corp.com","bozponline.sk","brnodaily.com","budget.com.tr","cabri-sbo.org","campingred.es","canalplus.com","carratraca.es","cbarganda.com","cencenelec.eu","cogalhome.com","compro-oro.eu","coopmobile.ch","cpratts.co.uk","craftserve.pl","cupohotel.com","czyodebrac.pl","dailypaws.com","dalatrafik.se","daswetter.com","dbftechnic.lv","deermeadow.se","delbruyere.be","dermaplan.com","desktronic.de","desktronic.nl","dewiekslag.be","diepresse.com","digiwallet.nl","doppelherz.ru","doppelherz.ua","duo-caudry.fr","edampfer24.de","eden-park.com","efestarnow.pl","elcomercio.es","elespanol.com","elledecor.com","enterprise.fi","epatitec.info","faberkabel.de","fairwinds.org","fanipogody.pl","fcgticket.com","feelporto.com","filmstarts.de","floridaeis.de","folkbladet.nu","formatype.com","formulatv.com","foxtons.co.uk","frandroid.com","fresh-jobs.uk","fuso-trucks.*","ganslmaier.de","gmc-media.com","godtlevert.no","gq-magazin.de","gqmagazine.fr","greens-efa.eu","guarconsa.com","gutefrage.net","gutes-shop.de","hagengrote.ch","hogastjob.com","honeygain.com","hosteurope.de","hubitools.com","hydroscand.dk","hydroscand.fr","idlesband.com","imd-berlin.de","immoagency.at","impacthub.net","inbayreuth.de","isobil.com.tr","italradio.org","jensgerdes.de","jobscout24.ch","journeyou.com","kalkulator.hu","kazi-tani.com","kite-buddy.de","kolorslab.com","kungahuset.se","kungsbacka.se","lacomarca.net","lamontagne.fr","landaluce.com","landuwasco.nl","lapiglove.com","lasertack.com","leankoala.com","leparisien.fr","libenflex.com","liftshare.com","lindesberg.se","liveabout.com","lo-obernai.fr","malijunaki.si","manoferro.net","market.com.br","maximiles.com","mediaworld.it","mijazztel.com","miramodel.com","monkmakes.com","montecorto.es","morgenpost.de","motofaktor.pl","moviepilot.de","my.tonies.com","mycourant.com","mydomaine.com","napvoyages.fr","naturkraft.at","nicematin.com","nieuwsblad.be","noesis.com.br","nordanstig.se","nordcloud.com","novoserve.com","oberoejobs.at","osenioroch.sk","ostermaier.de","ovenclean.com","pampatype.com","patnbk.com.tw","philatema.com","piardino.info","pluspagos.com","poettinger.at","poryparami.es","ppfeurope.com","press-shop.be","protec-sai.es","psoemalaga.es","puntatacco.it","puratos.co.id","puratos.co.jp","redondela.gal","remppatori.fi","revistagq.com","riisrejser.dk","routershop.nl","roxy-store.se","roxy-uk.co.uk","royalcrown.be","safenames.net","schlattham.at","sdsdrives.com","sensacine.com","sesiasoft.com","seventeen.com","sharewise.com","shoot-club.de","supra-cell.de","svenljunga.se","svgaustria.at","szcoportal.sk","targetpay.com","tarifcheck.de","telequebec.tv","themisbar.com","thespruce.com","thestreets.it","think.ing.com","thoughtco.com","tiendafvf.org","tigeraudio.eu","tisseront.com","topvapote.com","travebook.net","tri-active.be","tripsavvy.com","ttieurope.com","turistcasa.it","u-bordeaux.fr","undelucram.ro","vandoornbv.nl","vitalpoint.cz","webvillas.net","wienerjobs.at","wikifolio.com","womansday.com","worklouder.cc","wuestenrot.at","wurstladen.de","xmtrading.com","zewelcome.com","zoo-berlin.de","aainflight.com","adcboadilla.es","aderferias.com","ajaxfanzone.nl","alfarnatejo.es","allrecipes.com","amiga-life.com","amonnhotel.com","amrecycling.nl","andarlibre.com","apollon.com.cy","aquazergues.fr","atresmedia.com","au-beffroi.com","automeister.hu","automeister.ro","axa-im-usa.com","baer-schuhe.at","baer-schuhe.ch","baer-schuhe.de","baer-shoes.com","basquestay.com","beinsports.com","benamargosa.es","benamocarra.es","berlin-live.de","bessahotel.com","betriebsrat.de","bibliotheek.be","bio-circle.com","bioplanete.com","blumen-dorn.de","blumen-eber.de","bodyselect.com","boehringer.net","bolilleando.es","bomagasinet.dk","bonniernews.se","bookchoice.com","boursobank.com","boursorama.com","brotagonist.de","brutkasten.com","buss-wohnen.de","cadenadial.com","cafe-royal.com","cafenix.com.uy","canidimondo.de","caracol.com.co","casabermeja.es","casacarral.com","cerasroura.com","consordini.com","contabiliza.es","coroacoroa.com","cptm.sp.gov.br","craft-conf.com","csobleasing.sk","csoszplatan.hu","cuevasbajas.es","dasweltauto.se","dealstunter.nl","demokracija.si","dentoolapp.com","depildiodo.com","deregenboog.be","design-home.be","donamatilde.pt","donauregion.at","doschblumen.de","duesselraum.de","eatingwell.com","ecoleduthe.com","edukacentar.hr","energydrink.fr","eschgfeller.eu","escort-side.dk","estropical.com","expocolchon.es","ferntech.co.nz","festoolusa.com","ff-prissian.it","fit.technology","flenhealth.com","flooxernow.com","fluidmotion.fr","fo-renault.com","ford-rulate.ro","freyerleben.de","frigoplanet.it","futononline.de","g4vigilanza.it","galenpharma.de","gartengraaf.de","gcorpgroup.com","genalguacil.es","germanwines.de","gocollette.com","gotaalvvvf.org","graftonplc.com","grupovillar.es","habsburger.net","hallmark.co.uk","happy-schuh.de","healthline.com","heinz-glas.com","helicea-cab.fr","hierwohnich.at","holavillas.com","hollandpark.de","hotel-liszt.de","hourraheros.be","hourraheros.fr","huaweistore.bg","humilladero.es","hurrahelden.at","hurrahelden.de","hurraheroes.es","hutchinson.com","hyperoptic.com","ibizacorso.com","idesigni.co.uk","idmarketing.es","ilsecoloxix.it","immo-knoll.com","immogeidorf.at","inmoathome.com","innovtools.com","inselfaehre.de","inselradio.com","isa-racing.com","istories.media","jeans-fritz.de","jegy.bahart.hu","kaffeeraum.com","katholisch1.tv","ker.mvmnext.hu","kineco-shop.de","klascement.net","konferencje.pl","kopp-verlag.de","kwvanbladel.be","lagoresort.com","lapitagora.com","layerboots.com","ledauphine.com","leoprinting.at","leoprinting.be","leoprinting.de","leoprinting.fr","leoprinting.lu","leoprinting.nl","levaisseau.com","loca-linge.com","lotoquebec.com","lra-cannes.com","maklerpoint.at","malagaviva.org","marieclaire.fr","mcahandicap.fr","mediadesign.at","mediccentre.pl","melodia-fm.com","menshealth.com","mercamadrid.es","mesanalyses.fr","metronieuws.nl","mizunogolf.com","netnews.com.mt","notretemps.com","olalahomes.com","ordrepsy.qc.ca","outdoorview.fr","overhemden.com","p-import.co.at","pagesjaunes.fr","panwybierak.pl","parismatch.com","partycenter.ro","pavesderue.com","pelix-media.de","pfotenfroh.vet","piratescove.ie","pizza-diana.de","prevention.com","privatekeys.pw","progrentis.com","psicoaragon.es","publicsenat.fr","puratos.com.ar","puratos.com.au","puratos.com.my","qastack.com.de","radiofrance.fr","radiosilver.it","radniodnosi.hr","realsimple.com","redbookmag.com","refinery29.com","reflectives.de","regiondunaj.cz","rent-paris.com","restaurants.st","rmcbfmplay.com","shangri-la.com","shop-univer.de","sleepaways.com","smartclinic.hu","smskaraborg.se","solarkurier.pl","solhabitat.com","solpelotic.com","sportamore.com","sportbible.com","standard.co.uk","steirerjobs.at","stellenpool.eu","suedtirol.live","targetmedia.eu","techcrunch.com","tehamatech.com","tepedirect.com","thegreenegg.ch","theweather.net","tirolerjobs.at","tradingsat.com","travshoppen.dk","treehugger.com","trendy-mama.sk","tropicfeel.com","tusairways.com","tuttosport.com","tvspielfilm.de","uniladtech.com","vaatkliniek.be","vesely-drak.cz","villasduma.com","vivalidays.com","western.com.ph","wgm-rastatt.de","yellowbrick.nl","zkbs-online.de","zurbrueggen.de","a2o-omgeving.be","abouthungary.hu","agriculture.com","alfa-remani.com","antenne-holm.de","app.web-byte.de","atelierstore.fr","atresplayer.com","austriareal.com","benefit-plus.eu","benneckerent.es","benneckerent.fr","benneckerent.ru","bgasecurity.com","biblesociety.bg","bike-magazin.de","bikebox-shop.de","billabong.co.uk","bja-augsburg.de","blauesaenger.de","bloomfashion.nl","bogner-eshop.cz","bolerojunior.gr","breitetiefe.com","businesspool.eu","caminteresse.fr","casabottega.net","cgt-renault.com","chat.mistral.ai","colegioemma.com","cuponmobile.com","dailystar.co.uk","descours1893.fr","design-only.com","diariovasco.com","e-acceptgiro.nl","e8finsystem.com","ebvila-real.com","edmundoptics.fr","eldesmarque.com","electropapa.com","elperiodico.com","esquelasweb.com","europcar.com.mx","ev-mallorca.com","farmfoods.co.uk","fenis-blumen.de","flyingtiger.com","foodandwine.com","footmercato.net","forzapalermo.it","francetvinfo.fr","futter-simon.de","gamingbible.com","garten-sauer.de","gildavenezia.it","glow-worm.co.uk","golfpichlarn.at","granfestival.es","grupousieto.com","hegemann-kwh.de","henrybetwin.com","herwerthner.com","hlpklearfold.es","horecatrends.pl","hornerakusko.sk","hotcinema.co.il","hurraheroes.com","hurrahjaltar.se","hygiene-shop.eu","iber-dreams.com","ilgazzettino.it","ilmessaggero.it","ilsole24ore.com","inmopatraix.com","jardincelas.com","karl-pitzer.com","kizroyalkino.at","kreuzfahrten.de","laboconnect.com","ladies-forum.de","lamusardine.com","lavoixdunord.fr","lemecblinde.com","letelegramme.fr","linternaute.com","listapromos.com","manosunidas.org","maraverbena.com","martinsbrunn.it","mauch-garten.de","maximiles.co.uk","metaltressl.com","meteofrance.com","meyermotoren.de","molinabasket.es","moses-verlag.de","muehlviertel.at","murciacobras.es","muszakiforum.hu","myfabrics.co.uk","naturalpower.at","oh-heilbronn.de","orangecosta.com","ornskoldsvik.se","ouest-france.fr","play.google.com","primaenergia.hu","pro-biomarkt.de","productosqp.com","protefix.com.tr","puebloastur.com","radioclub91.net","ravenol-shop.de","rcmodeltruck.dk","riverisland.com","roseoftralee.ie","roure-tours.com","roxy-denmark.dk","roxy-ireland.ie","rynekzdrowia.pl","sakral-orgel.de","sandvikenhus.se","sceneo-capso.fr","scherpesteen.be","selders-toni.de","sendalitoral.es","seriouseats.com","sierranevada.es","slowcontrol.com","sokalapesca.com","sport-people.nl","sport-scherz.at","sportschrank.de","stevensbikes.de","tamarine.com.br","tangleangel.com","taravoyages.com","teamaretuza.com","technomarket.bg","terre-emerse.it","thueringen24.de","topografica.net","topspeed-tt.com","tpi-maderas.com","travelbefore.it","tu-clausthal.de","tu-darmstadt.de","verywellfit.com","villarentals.gr","vinzenztreff.de","visittallinn.ee","wambamfence.com","weekendjeweg.nl","wendoverart.com","wolkengarage.de","xn--bafg-7qa.de","zootecniasl.com","admpeleteiro.com","alohaprofile.com","alvaromoreno.com","androiddigger.de","app.prolific.com","asimakopoulou.gr","audiolivres.info","ausflugstipps.at","autonet-group.hu","avlwoningbouw.be","baer-shoes.co.uk","belivehotels.com","bestoftechnic.de","biker-boarder.de","birdingmalaga.es","boller-binzen.de","bookadriatic.com","bookmygarage.com","brasil-latino.de","camaracoruna.com","casinodeparis.fr","castelatours.com","catoletworld.com","centrotiziano.it","charentelibre.fr","citeaquademie.fr","clever-zoeger.de","clinicakorall.ro","clubnuoveidee.it","cocinassoinco.es","compair-airco.nl","dabluehichauf.de","danesemilano.com","design-floral.ro","desktronic.co.uk","digitalimpact.nl","domainvendor.com","drschaer-shop.si","dshi-otradnoe.ru","dutchlightpro.nl","ebainteriors.com","ecosatmadrid.com","energiedirect.nl","esteticarosi.com","etejoaillier.com","eventssystem.com","fahr-pflanzen.de","faircore4eosc.eu","fight-academy.eu","forcinaviaggi.it","forsasesores.com","gameinformer.com","garten-kremer.de","garten-reiter.de","genserenergy.com","giovaniemedia.ch","goldman-sachs.it","gorna-austria.pl","gruporobledo.com","gruppocenseo.com","headsetwinkel.nl","highlight-led.de","holster-etfr.com","hondoscenter.com","hooray-heroes.ca","hornirakousko.cz","hotdk2023.kre.hu","hydroscand.co.za","ieftin-da-bun.ro","ilcambiamento.it","investopedia.com","jimeradelibar.es","juken-mikata.net","just-gregory.net","juventudsanse.es","kaerntnerjobs.at","kazaportugal.com","koestner-shop.de","krungsricard.com","lahacienda.co.uk","lansstyrelsen.se","lasprovincias.es","lattanzi-wine.it","lavanguardia.com","libramemoria.com","libremercado.com","loopearplugs.com","macsatextile.com","madmaxfashion.cz","management30.com","manageritalia.it","mapadinamics.com","meinungsplatz.de","mirnockbauern.at","mondialtissus.fr","montres-shop.com","msvhousing.co.uk","multilife.com.pl","myrobotcenter.de","news.abs-cbn.com","offresasaisir.fr","omaggiomania.com","omcmachinery.com","ortolaviajes.com","ovikparkering.se","pferdekaemper.de","piscine-baker.fr","planterspunch.de","play-cricket.com","promosejours.com","psychcentral.com","puntocapsula.com","raymond-weil.com","rentlikehome.com","ritter-blumen.de","roadandtrack.com","rosenberg-apo.de","royacosmetics.de","runnersworld.com","salzkammergut.at","schulzmuseum.org","seelenschoen.com","segeln-lernen.de","shop.blautel.com","sncf-connect.com","solucionesip.com","southwark.gov.uk","suso-apotheke.de","systembolaget.se","tbs-education.fr","teamdrjoseph.com","tecnospiromt.com","theras-group.com","therealestate.at","travelhabitat.es","ungifalkoping.se","upperaustria.com","vernouillet28.fr","verywellmind.com","victoryliner.com","vidrioperfil.com","vintagebazaar.pt","vrijdagmarkt.net","vsmedien-shop.de","walter-outlet.de","waschkampagne.de","welovegreece.com","werkenbijdfzs.nl","wir-sind-bund.de","woodmagazine.com","zegg-cerlati.com","1a-garten-hopp.de","academiahotels.at","actronics-gmbh.de","alaparisienne.com","allmusicitalia.it","alpeslocation.com","aquatop-aachen.de","arbeiterkammer.at","armeriavarona.com","art-immobilien.at","asadorderoxos.com","aslbi.piemonte.it","ateautoimport.com","attiva-mente.info","autonet-group.com","bakertilly-ca.com","barracudashoes.it","basquetalella.com","bessemerskolan.se","blumen-radloff.de","blumen-wilking.de","booking-locly.com","btorrelodones.com","bubble-soccer.net","bundesanzeiger.de","butor-mirjan24.hu","cameraworld.co.uk","campingcuenca.com","campingdeharo.com","campingurbasa.com","casavaleriosb.com","cashconverters.es","cashconverters.pt","catolet-world.com","centro-shalom.com","cfos-emobility.de","chalkandnotch.com","ciclismoafondo.es","clickyourflat.com","clinicaprodent.es","covea-finance.com","crazy-factory.com","crazypatterns.net","cristallehrer.com","dasinvestment.com","derwinkelhofer.at","diariocordoba.com","eh-ludwigsburg.de","eiendomspriser.no","elortzabotika.com","emmabodaenergi.se","energym-nerac.com","estagilize.com.br","excellent-hemd.de","festoolcanada.com","fllifranchini.com","fuentedepiedra.es","fundacionasla.com","funghimagazine.it","gestoriarubio.com","globalcause.co.uk","golnanpuratos.com","growtopiagame.com","hairstyletools.de","harpersbazaar.com","hhccespanasur.org","hotel-oriente.com","hotelesnature.com","hotelscombined.se","hungariasport.com","hurraasankarit.fi","ig-immobilien.com","independent.co.uk","irontimepieces.fr","jeunesetmedias.ch","juliaestetica.com","kirchenbichler.at","ladbiblegroup.com","landhotel-kolb.at","landwirtschaft.de","lascorralizas.com","lavozdegalicia.es","lesnumeriques.com","lilienthal.berlin","liswood-tache.com","lk-premiumpack.de","locosxelmundo.com","magneticpoint.com","mallorca4rent.com","manthorpebp.co.uk","marthastewart.com","midwestliving.com","mielitekomedia.fi","milkinkstudio.com","minihof-liebau.at","mobiliagestion.es","morphologicum.org","morsesclubplc.com","musee-moyenage.fr","nalgeneiberia.com","ocurrodaparra.com","onlinecourses.ooo","onlineuciliste.hr","outletbodegas.com","pelican-paros.com","pepperl-fuchs.com","perfect-logic.com","peter-berger.info","petitieonline.com","petycjeonline.com","piscine-godard.fr","planeteclipse.com","podiumpodcast.com","powermetershop.de","psiconsultants.es","regionedanubio.it","replacebase.co.uk","rheinhessische.de","roms-download.com","ropitadenenes.com","roscomponents.com","rose-vacances.com","rugbycisneros.com","salzburgerjobs.at","schwalbetires.com","seat-schneider.de","shandhigson.co.uk","shark-helmets.com","sierradeyeguas.es","simplyrecipes.com","skolaefektivne.sk","sonnhof-ramsau.at","specialdiesel.com","spectracities.com","spielgeschenke.de","sports.admiral.at","surgestaffing.com","tbs-education.com","thespruceeats.com","thesprucepets.com","tidningencurie.se","trading-point.com","tradingsystems.it","tuapartamento.com","ucinkovitasola.si","ungutveckling.com","unicreditgroup.eu","vestel-germany.de","vivirasturias.com","voltabaterias.com","werder-ketshop.de","yourweather.co.uk","a2o-architecten.be","agrofertpolska.com","agroservice.com.pl","aibbricherasio.com","allpeoplequilt.com","almacenerotico.com","almaceneslavin.com","alpacaboerderij.be","alpenhof-ramsau.at","americanairlines.*","andrea-apotheke.de","apothekerkammer.at","app-baumschulen.de","autocheckcenter.ro","avoriazchalets.com","baumschule-haid.de","beaumont-finet.com","beta-motor-shop.de","bijouterie-nora.fr","billabong-store.ie","billabong-store.pl","blackvoicenews.com","blumen-frondorf.de","blumen-osswald.com","blumenhof-pfeil.de","breakwaterit.co.uk","brikett-rekord.com","buddeautomobile.de","campingboltana.com","campingelastral.es","campingetxarri.com","carbajobarrios.com","casasdelcaribe.com","catalunyacasas.com","cbsantfeliuenc.com","climahosteleria.es","codewordagency.com","codigocarnaval.com","commentreparer.com","correryfitness.com","courrier-picard.fr","devoordeelmarkt.nl","dewaagnederland.nl","diariodenavarra.es","dimoreinsicily.com","doc-du-juriste.com","drblitz-weblab.com","e-metropolight.com","edmundoptics.co.uk","elconfidencial.com","espana-holiday.com","fadenkreuz-shop.de","flashbacksalou.com","freefestival.co.uk","garten-vielfalt.de","grabo-balloons.com","graf-dichtungen.de","gueguin-picaud.com","happiesthealth.com","harveynorman.co.nz","hearingaids.com.cy","hobbysaliplant.com","homedesignshops.nl","hoorayheroes.co.uk","hotelsbarriere.com","housebeautiful.com","joingoodcompany.nl","jouwictvacature.nl","jugendundmedien.ch","konrad-adenauer.de","kunzbaumschulen.ch","lavaritamagica.com","libreriaproteo.com","licefa-eyewear.com","loslagosnature.com","lovebookonline.com","lufthansagroup.com","majordome-prive.fr","marketingalumni.de","mauk-gartenwelt.de","mccinnovations.com","medico-apotheke.de","messinamagazine.it","mh-stavebnictvi.cz","microscope-shop.be","mobilabonnemang.se","modellbau-metz.com","motifpersonnel.com","motorsportmarkt.de","mundodeportivo.com","museumsfreunde.org","myhomesorrento.com","mynice-vacances.fr","navygreen-eshop.gr","newfies-dialer.org","nordwal-colour.com","nowa-manufaktur.de","oberoesterreich.at","opendxmglobalx.com","oxfordproducts.com","palafoxhoteles.com","paper-republic.com","parapluieparis.com","pflanzen-breuer.de","pflanzenrichter.de","piscine-estrees.fr","portalspozywczy.pl","portofoonwinkel.nl","precieusesante.com","priorityvillas.com","quantelectronic.de","raffeiner-shop.net","reederei-frisia.de","resolutionlife.com","rhoongolfcenter.nl","rickettsluxury.com","salvadorcaetano.pt","sandvikenenergi.se","science-et-vie.com","sennerei-lehern.de","sinopiarestauro.it","sorteosamedida.com","southernliving.com","stauden-siebler.de","stellfeld-ernst.de","successinsights.nl","suedtirolerjobs.it","tarifasmasmovil.es","taxidoefkeries.com","terra-australia.de","the-only-place.com","thechillidoctor.cz","thechillidoctor.sk","theglassfactory.se","thenightleague.com","tommedications.com","torten-boutique.de","trapiantofegato.it","unavidadeviaje.com","upinternational.nl","verywellhealth.com","werkenmetmerken.be","werkenmetmerken.nl","yolo-insurance.com","yusteasociados.com","1a-garten-krauss.de","abm-accountants.com","alexanderhall.co.uk","alphatronmarine.com","apotheke-holzner.de","atleticariccardi.it","authentic-plaza.com","baloncestoliceo.com","benidormparaiso.com","bergenlogistics.com","bijouterie-leat.com","billetterie-bopb.fr","blackburndesign.com","blumen-tinneberg.de","borasstadsteater.se","bundesimmobilien.de","caminitodelrey.info","caminolebaniego.com","campingcastillo.com","campingelmolino.com","campingriojerte.com","cbarroyomolinos.com","clinicadentalrv.com","clinicapardinas.com","cosasdeeducacion.es","culturacattolica.it","der-druckerprofi.de","designfromparis.com","destock-stickers.fr","dickinsonvillas.com","disfracesgilmar.com","doppelherzpharma.de","earthinnovation.org","edmundoptics.com.au","educacionbioparc.es","eldiariomontanes.es","entdeckerviertel.at","erfurt-tourismus.de","errorfarealerts.com","fagorcommercial.com","finquesballesta.com","fischer-pflanzen.de","fussballgucken.info","gaertnerei-dunst.de","gaertnerei-jandl.at","gaertnerei-otten.de","gasthof-ruescher.at","generalivitality.fr","giffgaffrecycle.com","globaltopografia.es","gruenewiese-shop.de","habitatparisien.com","haingartner-holz.at","harveynorman.com.my","harveynorman.com.sg","helpfulmonsters.com","hoorayheroes.com.au","idealcostabrava.net","isabellefontaine.ca","juchheim-methode.de","kosmetik-pinsel.com","laboxauxtresors.com","lacucinaitaliana.it","lapetitechenille.be","latiendaclasica.com","lechorepublicain.fr","lesenundschenken.de","malerei-ramsauer.at","masante.belgique.be","medvidkovehracky.cz","meineoldenburger.de","metzler-stiftung.de","myrobotcenter.co.uk","offentligarummet.se","online.smith.com.ro","paraetpharmacie.com","parque-montroig.com","pen-and-sword.co.uk","people-base-cbm.com","pflanzenhof-plum.de","piscine-berlioux.fr","primaria-soldanu.ro","rehadat-adressen.de","reichstein-opitz.de","remolquesalzaga.com","sava-pokojninska.si","schizophrenianet.eu","schule-mainhardt.de","schwab-rollrasen.de","selexium-groupe.com","shipoffoolsgame.com","shooter-media-tv.de","shop.zoo-leipzig.de","shortletrentals.com","skjernfjernvarme.dk","spotlightstores.com","starclassifieds.com","stoecker-stauden.de","strazmiejska.gda.pl","tendersdirect.co.uk","thesprucecrafts.com","tiendafcarreras.org","tiendagreenpeace.es","tischkulturshop.com","toptravelsights.com","traiteurmerenda.com","tuttopasticceria.it","unfallvertretung.at","unitedutilities.com","valledeabdalajis.es","varstvo-podatkov.si","verwaltungs-jobs.ch","vigilanzalatorre.it","villa-selvatico.com","weber-baumschule.de","wildwestdomains.com","womenshealthmag.com","zeusapartamentos.es","zippity-outdoor.com","zirener-pflanzen.de","zone-artisanale.com","4-pfoten-fuer-sie.de","academyofbusiness.pl","acheter-lunettes.com","advantageaustria.org","alles-im-lackshop.de","alwayseasyrental.com","antiek-albarello.com","apotheke-drvetter.de","archeshousing.org.uk","architekturbedarf.de","bancatransilvania.ro","bauer-baumschulen.ch","bellandris-lueske.de","bijouteriegeorges.fr","billetterie.stade.fr","blumenland-halmer.de","camaracompostela.com","cambio-carsharing.de","campingcabodegata.es","cbs-nizhnegorskij.ru","centroculturalmva.es","chamonixholidays.com","complexe-citelium.fr","cuevasdesanmarcos.es","deco-et-ambiances.fr","derkum-modellbau.com","dorise-joaillier.com","e-mediatheque.sqy.fr","einrichten-design.de","electronics.semaf.at","elektrofladischer.at","elrobleperfumado.com","eninternetgratis.com","erkanlitatilkoyu.com","estadiodeportivo.com","fagorprofessional.pl","felopateerpalace.com","finanzasparatodos.es","fitzmuseum.cam.ac.uk","freeromsdownload.com","fscastrourdiales.com","gaertnerei-jenkel.de","gartenversandhaus.de","generalivitality.com","gesundheitsamt-bw.de","golfclub-kleiburg.nl","golfschoolhitland.nl","goodhousekeeping.com","grancanariareiser.no","gransendademalaga.es","hautsdefrance.cci.fr","hgrgevelrenovatie.nl","horecadisposables.nl","hosteriadetorazo.com","hoteloasishamaca.com","hotelscombined.co.kr","houseofwatches.co.uk","i2c-construction.com","icelandicglacial.com","innovativsanering.se","insideparadeplatz.ch","integratecnologia.es","interpass-viagens.pt","joaillerie-hardy.com","juguetesquevedos.com","kolegiata-sieradz.pl","louisvilleladder.com","magnus-gartenpark.de","medicalnewstoday.com","migration.qld.gov.au","orange-immobilien.de","pflanzenkonzepte.net","pharmindex-online.hu","playa-vacaciones.com","popularmechanics.com","projektsicherheit.de","rammes-gruenland.com","rhetorik-trainer.com","rodovrefjernvarme.dk","rsc-slaapcomfort.com","tahitiresidences.com","todolicenciaspty.com","tracker.fressnapf.de","travelandleisure.com","trust-itservices.com","tuincenterlissens.be","umbriasettegiorni.it","vacancescamargue.com","verfassungsschutz.de","verpackungs-shop.net","viaggiareinpuglia.it","villanuevadetapia.es","voigt-pflanzenhof.de","wanderreitershop.com","webonallestimenti.it","wiener-staatsoper.at","wissenschaft-shop.de","witter-towbars.co.uk","wolf-und-kollegen.de","activeplacespower.com","allegrigirarrosti.com","artesaniasmontejo.com","artisanat-francais.fr","artroscopiaycadera.es","atresmediastudios.com","baumschule-mueller.de","baumschule-stielau.de","bauwerk-schladming.at","bestexamszaragoza.com","bijouterie-dutoyat.fr","bijouterie-julian.com","bijouteriefrancor.com","bootsfuehrerschein.de","campingcabodegata.com","canillasdeaceituno.es","comprarenvalencia.com","corrieredellosport.it","cortesdelafrontera.es","costadelsolmalaga.org","d-power-modellbau.com","die-fischerstrasse.de","dreamhomesrentals.com","eckstein-bandoneon.de","economycarrentals.com","elearningindustry.com","factoriadeficcion.com","feuerwehr.lustenau.at","gaertnerei-huebsch.de","gartencenter-braun.de","gartencenter-kruse.de","gartencenter-nickl.de","gartencenter-streb.de","gartenstuhl-kissen.de","gartenundambiente.com","hallie-vanklooster.nl","happysmilestupelo.com","hotelnatureoviedo.com","ilmioartigiano.lvh.it","inactievooramnesty.nl","indennizzolegge210.it","insecticide-spray.com","intelligenceonline.fr","jetrouvemespieces.com","kikka-activechair.com","kircher-collection.de","lacasonacasarural.com","lacollectemedicale.fr","lisbonnecollection.fr","lisbonnecollection.pt","lombard-joaillier.com","maggioreosp.novara.it","mallorcaprivilege.com","meinhandwerker.lvh.it","midwestbankcentre.com","misericordia-sesto.it","mobilitytechgreen.com","perfectingpilates.com","piscine-champerret.fr","plannedparenthood.org","rainfordsolutions.com","salmoiraghievigano.it","schleswig-holstein.de","schuurman-schoenen.nl","skaarup-fjernvarme.dk","stadtapotheke-zell.de","studerainorrbotten.se","studio-ausruestung.de","towerhousewares.co.uk","townandcountrymag.com","travelingtolisbon.com","trend-immotreuhand.at","ttisuccessinsights.fr","ushio-staging.ewag.nl","versteigerungspool.de","visitatiebottelare.be","weinhandel-fertsch.de","werkenindetechniek.nl","worldarchitecture.org","africaintelligence.com","agrafeuse-cloueuse.com","aguilasdemoratalaz.com","alpineinspirations.com","analytics-debugger.com","apotheke-am-strauch.de","apps.dirittopratico.it","ausbildung-weltweit.de","autoescuelalaflota.com","avanzartransportes.com","balonmanodominicos.com","baumschule-plattner.de","baumschule-rosskamp.de","baumschulen-suedost.at","belfasttelegraph.co.uk","bezpieczny-przejazd.pl","bibliotheques.paris.fr","bijouterie-neuville.fr","bijouterieponsolle.com","bingen-ruedesheimer.de","blog.smithsecurity.biz","bueromoebel-experte.de","centres-vaccination.fr","consorciorsumalaga.com","crossfit-westerwald.de","domov-senioru-praha.cz","e-newspaperarchives.ch","escalier-colimacon.com","fensterbank-express.at","gaertnerei-petersen.de","gartencenter-decker.de","gartencenter-erfurt.de","greatplacetowork.co.id","hoffmann-speedster.com","kupfersmetzgermarkt.de","leprintempsdemarnie.fr","lesezirkel-brabandt.de","letruckdecharlotte.com","lojista.rovitex.com.br","mainlinemenswear.co.uk","mit-dem-rad-zur-uni.de","modellbau-berlinski.de","mojligheternashusab.se","noesis-corporation.com","nuovifarmaciepatite.it","offshoreleaks.icij.org","onlineshop-baumarkt.de","orangedigitalcenter.es","orionsafetystation.com","pflanzenhof-schuerg.de","portail.lotoquebec.com","restauranteseiruga.com","schlemmer-metzgerei.de","schley-gartencenter.de","schupp-gartencenter.de","sport-praxenthaler.com","stadt-apo-offenburg.de","standaardboekhandel.be","thejunctionmemphis.com","transparenzregister.de","uhlsalarymaxing.nhs.uk","vattenmyndigheterna.se","akustik-stegermaier.com","alpvisionresidences.com","apotheke29-karlsruhe.de","bijouterie-doreille.com","bijouterie-fournier.com","blauhousealquileres.com","destination-algarve.com","distinctiveportugal.com","doppelherz-elearning.de","dragons-billetterie.com","e-businessconsulting.it","eichhorn-kinderwagen.de","elperiodicodearagon.com","folkbiblioteken.lund.se","frayssinet-joaillier.fr","gaertnerei-sylvester.de","gartencenter-stassen.de","greatplacetowork.com.ph","happysmileshornlake.com","happysmilesmeridian.com","iberorentapartments.com","inmobiliariacanovas.com","innviertel-tourismus.at","istanbulplusriviera.com","landgaertnerei-beier.de","lanouvellerepublique.fr","lasavonneriedenyons.com","lavague-plainevallee.fr","leidenamateurvoetbal.nl","ma-villa-en-provence.fr","montpellierhandball.com","naturbaustoffcentrum.de","opendigitalservices.com","ottos-gartenparadies.de","patrouillesuisseshop.ch","rats-apotheke-hilden.de","restaurantelasarten.com","riumar-family-resort.de","smrraurisapartments.com","sporleder-gaertnerei.de","tiendadeacuariofilia.es","unternehmensregister.de","urlaub-bei-hartweger.at","verpackungsregister.org","veteranemployment.co.uk","viennaestate-makler.com","villanuevadeltrabuco.es","wertarbeit-steinfurt.de","wijcontrolerenjedata.nl","antena3internacional.com","atresmediapublicidad.com","behobia-sansebastian.com","blumenparadies-radtke.de","booking.alps-resorts.com","businesslincolnshire.com","centerzaizobrazevanje.si","deutschlandstipendium.de","doctordiegoruizcasas.com","droitconstitutionnel.org","estudiometropolitano.com","garten-center-spiegel.de","gartencenter-bachmann.de","gartencenter-nordharz.de","gemeinsam-klasse-sein.de","goeppert-gartencenter.de","hoehenberger-biokiste.de","iledefrance-mobilites.fr","kunstmuseum-stuttgart.de","manufactura-eggenburg.at","masterpro-collection.com","monessentielbienetre.com","nerjaparadiserentals.com","noorwegenhitravissers.be","openfinancebrasil.org.br","pflanzenhof-vaihingen.de","pharmaciefontvieille.com","prescottcabinrentals.com","prinoth-snowgroomers.com","programme-television.org","sansebastianturismoa.eus","seeberger-pflanzenhof.de","studentenwerk-dresden.de","uniqueluxuryholidays.com","apartamentos-alcoceber.es","apotheke-am-nikolaitor.de","archeologiapreventiva.com","billetterie-ffhandball.fr","camaradeentreijuis.com.br","detske-dekorace-lunami.cz","dr-schweizer-schubert.com","fitnesscamp-westerwald.de","gaertnerei-steinhilber.de","gartenwelt-dauchenbeck.de","lascarrerasdecaballos.com","lesmotssontdescadeaux.com","loewenapothekebetzdorf.de","luxury-gunstockblanks.com","mallorcasunshineradio.com","nationalgeographic.com.es","pointblankmusicschool.com","publikations-plattform.de","saunawelt-hamburg-shop.de","sportbootfuehrerschein.de","videntetarotesmeralda.com","video-streaming.orange.fr","apotheke-langenfeld-app.de","berghausener-blumentopf.de","blumen-apotheke-simbach.de","carlton-riviera-cannes.com","ccbuchner-medienbildung.de","check24-partnerprogramm.de","clinicasusanagutierrez.com","documentation.insp.gouv.fr","druckweiterverarbeitung.de","gartenbaumschule-becker.de","gartencenter-bergerhoff.de","gartencenter-meckelburg.de","gartenvergnuegen-lochte.de","glastonburyfestivals.co.uk","laboutiquemajorpigalle.com","lafuentonadesantillana.com","manufaktur-joerg-geiger.de","markt-apotheke-hannover.de","metallbearbeitung-wendt.de","nationaalbespaarcentrum.nl","pflanzenmarkt-schlereth.de","samostojno-podjetnistvo.si","shop.gaertnerei-heckel.com","urbanretreatapartments.com","wingendorfer-gaertnerei.de","alpha-apotheke-wuppertal.de","aquarius-divingtenerife.com","boutique-lost-funeraire.com","campingfuentescarrionas.com","continental-aftermarket.com","engelapotheke-hammelburg.de","plannedparenthoodaction.org","portaildocumentaire.inrs.fr","prinoth-crawlercarriers.com","raffeiner-orchidee-shop.net","siebenbuergisches-museum.de","solymarhoteles.bookinweb.es","sonnen-apotheke-gerwisch.de","tranquilityvillarentals.com","villanuevadelaconcepcion.es","ammerlaender-versicherung.de","collectivites-equipements.fr","defencediscountservice.co.uk","dr-geeraerts-dermatologie.be","equipements-collectivites.fr","garten-baumschule-woehrle.de","metalltechnischeindustrie.at","rathaus-apotheke-hannover.de","risikolebensversicherung.com","rosen-apotheke-wiernsheim.de","savonnerie-lesessentiels.com","striebel-haus-des-gartens.de","colegiocostaadeje.clickedu.eu","conciergerie-remigriffoul.com","cristobalbalenciagamuseoa.com","flaschen-glaeser-und-dosen.de","formation-industries-isere.fr","gartencenter-schrieverhoff.de","billetterie.stadetoulousain.fr","boutique.hifivideogambetta.com","malattieautoimmunidelfegato.it","tobaccopreventioncessation.com","trabajosverticalescantabria.es","cavanmonaghansciencefestival.ie","lloguervacancesempuriabrava.com","michaelis-apotheke-papenburg.de","pflanzen-fuer-unsere-gaerten.ch","berlinguainternationalschool.com","prinoth-vegetationmanagement.com","vakantiewoninghuurcostabrava.com","xn--rnskldsviksgymnasium-29be.se","foundationforauditingresearch.org","pflanzenkatalog.ley-baumschule.de","alquilervacationesempuriabrava.com","bundesverband-systemgastronomie.de","vehicle-certification-agency.gov.uk","sverigesdepabibliotekochlanecentral.se"],"hasEntities":true}