{"selectors":["{\"selector\":\".adblock-modal\",\"action\":[\"style\",\"display: none !important;\"],\"cssable\":true}","{\"selector\":\"body.adblock-modal-active\",\"action\":[\"style\",\"overflow: auto !important; position: static !important;\"],\"cssable\":true}","{\"selector\":\"html\",\"action\":[\"style\",\"overflow: auto !important;\"],\"cssable\":true}","{\"selector\":\"div[class^=\\\"layui-layer-\\\"]:not(#color)\",\"action\":[\"style\",\"display: none !important;\"],\"cssable\":true}","{\"selector\":\".download .content-area > div[class]\",\"action\":[\"style\",\"background-image: none !important;\"],\"cssable\":true}","{\"selector\":\".col-xs-6 > div[data-type][style]:has(> ins + script)\",\"action\":[\"remove\",\"\"]}","{\"selector\":\"#detect.ad-placement\",\"action\":[\"style\",\"display: block !important;\"],\"cssable\":true}","{\"selector\":\".ant-modal-root\",\"action\":[\"style\",\"display: none !important;\"],\"cssable\":true}","{\"selector\":\"body\",\"action\":[\"style\",\"overflow-y: auto !important;\"],\"cssable\":true}","{\"selector\":\".adsbygoogle\",\"action\":[\"style\",\"height: 1px !important;\"],\"cssable\":true}","{\"selector\":\"body #aswift_1:not(#style_important)\",\"action\":[\"style\",\"display: block !important;\"],\"cssable\":true}","{\"selector\":\"#PAGE_AD_1\",\"action\":[\"remove\",\"\"]}","{\"selector\":\"a[href*=\\\".umtrack.com/\\\"]\",\"action\":[\"style\",\"position: absolute !important; left: -3000px !important;\"],\"cssable\":true}","{\"selector\":\".player-rm > a[target=\\\"_blank\\\"]\",\"action\":[\"style\",\"position: absolute !important; left: -3000px !important;\"],\"cssable\":true}","{\"selector\":\"#SlashviewAdDetector\",\"action\":[\"style\",\"display: block !important;\"],\"cssable\":true}","{\"selector\":\"a[href*=\\\"/entry/register/?i_code=\\\"]\",\"action\":[\"style\",\"position: absolute !important; left: -3000px !important;\"],\"cssable\":true}","{\"selector\":\"#byspider\",\"action\":[\"style\",\"display: none !important;\"],\"cssable\":true}","{\"selector\":\"body[style]\",\"action\":[\"style\",\"overflow: auto !important;\"],\"cssable\":true}","{\"selector\":\":is(#volume-list, #TextContent)\",\"action\":[\"style\",\"display: block !important;\"],\"cssable\":true}","{\"selector\":\".dag + div[class]:not([id])\",\"action\":[\"style\",\"display: none !important;\"],\"cssable\":true}","{\"selector\":\"#mlfy_main_text > div[class]:not([id])\",\"action\":[\"style\",\"display: none !important;\"],\"cssable\":true}","{\"selector\":\".adblock-tips\",\"action\":[\"style\",\"display: none !important;\"],\"cssable\":true}","{\"selector\":\"#mdAdsAnnouncement\",\"action\":[\"style\",\"display: none!important;\"],\"cssable\":true}","{\"selector\":\"body.modal-open .modal-backdrop\",\"action\":[\"style\",\"display: none!important;\"],\"cssable\":true}","{\"selector\":\"body.modal-open\",\"action\":[\"style\",\"padding-right: 0!important; overflow: visible!important;\"],\"cssable\":true}","{\"selector\":\".fb_fanpage_inpage > .other_news_box_2\",\"action\":[\"style\",\"padding: 0 0px!important; margin: 26px 0!important;\"],\"cssable\":true}","{\"selector\":\"#BH-bigbanner\",\"action\":[\"style\",\"position: absolute!important; left: -3000px!important;\"],\"cssable\":true}","{\"selector\":\"img[onload=\\\"AntiAd.check(this)\\\"]\",\"action\":[\"style\",\"position: absolute!important; left: -3000px!important;\"],\"cssable\":true}","{\"selector\":\"a[href*=\\\".11h5.\\\"] img\",\"action\":[\"style\",\"position: absolute!important; left: -3000px!important;\"],\"cssable\":true}","{\"selector\":\"body > article[class][style*=\\\"position: fixed;top: 0;z-index: 9999;display:block !important;\\\"]\",\"action\":[\"style\",\"position: absolute!important; left: -3000px!important;\"],\"cssable\":true}","{\"selector\":\"#ypaad\",\"action\":[\"style\",\"height: 3px!important;\"],\"cssable\":true}","{\"selector\":\"div[id^=\\\"gklobl\\\"]\",\"action\":[\"style\",\"height: 1px!important;\"],\"cssable\":true}","{\"selector\":\".sptable_do_not_remove\",\"action\":[\"style\",\"display: block !important; visibility: hidden !important;\"],\"cssable\":true}","{\"selector\":\".cc5278_banner_ad\",\"action\":[\"remove\",\"\"]}","{\"selector\":\".bg-overlayer\",\"action\":[\"style\",\"pointer-events: unset !important;\"],\"cssable\":true}","{\"selector\":\".ec_wise_ad\",\"action\":[\"style\",\"position: absolute !important; left: -3000px !important;\"],\"cssable\":true}","{\"selector\":\"#ADback\",\"action\":[\"style\",\"background: none !important;\"],\"cssable\":true}","{\"selector\":\"body\",\"action\":[\"style\",\"background-image: none !important;\"],\"cssable\":true}","{\"selector\":\"#alert_windows\",\"action\":[\"style\",\"display: none !important;\"],\"cssable\":true}","{\"selector\":\".main-content\",\"action\":[\"style\",\"background-image: none !important;\"],\"cssable\":true}","{\"selector\":\".pum-overlay\",\"action\":[\"style\",\"display: none !important;\"],\"cssable\":true}","{\"selector\":\".finance_header_gg\",\"action\":[\"style\",\"display: none !important;\"],\"cssable\":true}","{\"selector\":\".finance_header\",\"action\":[\"style\",\"height: auto !important;\"],\"cssable\":true}","{\"selector\":\".special_conf_skin .wrap1\",\"action\":[\"style\",\"background: none !important;\"],\"cssable\":true}","{\"selector\":\".app.padding\",\"action\":[\"style\",\"margin-top: 0 !important;\"],\"cssable\":true}","{\"selector\":\".app.padding > .header\",\"action\":[\"style\",\"top: 0 !important;\"],\"cssable\":true}","{\"selector\":\"body[style*=\\\"overflow\\\"]\",\"action\":[\"style\",\"overflow: auto !important;\"],\"cssable\":true}","{\"selector\":\".wpcom_ad_wrap\",\"action\":[\"style\",\"position: absolute !important; left: -3000px !important;\"],\"cssable\":true}","{\"selector\":\"#comment\",\"action\":[\"style\",\"margin-bottom: 0 !important;\"],\"cssable\":true}","{\"selector\":\".player-side > .block\",\"action\":[\"style\",\"visibility: hidden !important; min-height: 390px !important;\"],\"cssable\":true}","{\"selector\":\"div[data-content-source=\\\"导航栏\\\"] > a.modalOpenWidth\",\"action\":[\"style\",\"display: none !important;\"],\"cssable\":true}","{\"selector\":\".wrapper > div[data-content-source] > .modalOpenWidth[style*=\\\"top:\\\"]\",\"action\":[\"style\",\"top: 80px !important;\"],\"cssable\":true}","{\"selector\":\".q-body--prevent-scroll\",\"action\":[\"style\",\"position: static !important;\"],\"cssable\":true}","{\"selector\":\"body\",\"action\":[\"style\",\"overflow: auto !important;\"],\"cssable\":true}","{\"selector\":\"#j-topBgBox + .crumbs-nav.top-op\",\"action\":[\"style\",\"margin-bottom: 10px !important;\"],\"cssable\":true}","{\"selector\":\"iframe[src=\\\"/close.html\\\"]\",\"action\":[\"style\",\"display: none !important;\"],\"cssable\":true}","{\"selector\":\"#mainContent\",\"action\":[\"style\",\"display: block !important;\"],\"cssable\":true}","{\"selector\":\"#firstSingle\",\"action\":[\"style\",\"padding: 0 !important;\"],\"cssable\":true}","{\"selector\":\"img[width=\\\"960\\\"][height=\\\"90\\\"]\",\"action\":[\"style\",\"height: 0 !important;\"],\"cssable\":true}","{\"selector\":\".whitecon > .related[data-desc=\\\"相關新聞\\\"] > li:nth-child(5)\",\"action\":[\"style\",\"margin-right: 0!important; margin-left: 20px!important;\"],\"cssable\":true}","{\"selector\":\"#header > nav.floated-navbar\",\"action\":[\"style\",\"top: 0!important;\"],\"cssable\":true}","{\"selector\":\"#m2\",\"action\":[\"style\",\"height: 5px!important;\"],\"cssable\":true}","{\"selector\":\"body\",\"action\":[\"style\",\"overflow: visible!important;\"],\"cssable\":true}","{\"selector\":\".modal-backdrop\",\"action\":[\"style\",\"display: none!important;\"],\"cssable\":true}","{\"selector\":\".main_ad_head_wide\",\"action\":[\"style\",\"padding-top: 0 !important;\"],\"cssable\":true}","{\"selector\":\".c-ad-103\",\"action\":[\"style\",\"height: 0 !important;\"],\"cssable\":true}","{\"selector\":\".app-container[aria-expanded=\\\"false\\\"] section.with-ad\",\"action\":[\"style\",\"width: calc(100% - 20px) !important;\"],\"cssable\":true}","{\"selector\":\".with-ad[data-layout=\\\"list\\\"] .main-header\",\"action\":[\"style\",\"width: 100% !important;\"],\"cssable\":true}","{\"selector\":\".with-ad[data-layout=\\\"list\\\"][data-section-type=\\\"new-video\\\"] .content-wrap:nth-child(-1n+2)\",\"action\":[\"style\",\"width: 100% !important;\"],\"cssable\":true}","{\"selector\":\"#flyRightBox\",\"action\":[\"style\",\"position: absolute!important; left: -3000px!important;\"],\"cssable\":true}","{\"selector\":\"iframe[width=\\\"728\\\"][height=\\\"90\\\"]\",\"action\":[\"style\",\"position: absolute!important; left: -3000px!important;\"],\"cssable\":true}","{\"selector\":\"[data-href*=\\\"://sax\\\"]\",\"action\":[\"style\",\"position: absolute!important; left: -3000px!important;\"],\"cssable\":true}","{\"selector\":\"#content_left > div[style*=\\\"display:block !important;\\\"]:not(.result)\",\"action\":[\"style\",\"position: absolute!important; left: -4000px!important;\"],\"cssable\":true}","{\"selector\":\"#player_div\",\"action\":[\"style\",\"display: block!important;\"],\"cssable\":true}","{\"selector\":\"#player_ad_div\",\"action\":[\"style\",\"display: none!important;\"],\"cssable\":true}","{\"selector\":\"div[class*=\\\"-ad-sidebar-\\\"]\",\"action\":[\"style\",\"position: absolute!important; left: -3000px!important;\"],\"cssable\":true}","{\"selector\":\".sidebar > section#text-8[style*=\\\"bottom: 240px;\\\"]\",\"action\":[\"style\",\"position: static !important;\"],\"cssable\":true}","{\"selector\":\"body\",\"action\":[\"style\",\"padding-top: 0!important;\"],\"cssable\":true}","{\"selector\":\"html\",\"action\":[\"style\",\"overflow: visible!important;\"],\"cssable\":true}","{\"selector\":\"#wrapfabtest\",\"action\":[\"style\",\"height: 1px!important;\"],\"cssable\":true}","{\"selector\":\".top_bg\",\"action\":[\"style\",\"height: 60px !important;\"],\"cssable\":true}","{\"selector\":\".tipi-overlay\",\"action\":[\"style\",\"display: none !important;\"],\"cssable\":true}","{\"selector\":\".timed-pup\",\"action\":[\"style\",\"display: none !important;\"],\"cssable\":true}","{\"selector\":\"html\",\"action\":[\"style\",\"margin-top: 0 !important;\"],\"cssable\":true}","{\"selector\":\"html #globalnav\",\"action\":[\"style\",\"top: 0 !important;\"],\"cssable\":true}","{\"selector\":\"#ac-globalnav\",\"action\":[\"style\",\"top: 0 !important;\"],\"cssable\":true}","{\"selector\":\".ac-gn-blur\",\"action\":[\"style\",\"top: 0 !important;\"],\"cssable\":true}","{\"selector\":\"#content_left > div.result[data-cost]\",\"tasks\":[[\"has\",{\"selector\":\".c-row > a[target=\\\"_blank\\\"] > span\",\"tasks\":[[\"has-text\",\"腾讯广告\"]]}]]}","{\"selector\":\"#adsPanel\",\"action\":[\"style\",\"display: none !important;\"],\"cssable\":true}","{\"selector\":\".show-text4\",\"tasks\":[[\"has-text\",\"AD\"]]}","{\"selector\":\"#modal-dm\",\"action\":[\"style\",\"display: none !important;\"],\"cssable\":true}","{\"selector\":\"main ~ div[class^=\\\"bg___\\\"][style*=\\\"background-image: url\\\"]\",\"action\":[\"style\",\"background-image: none !important;\"],\"cssable\":true}","{\"selector\":\"body > div[style^=\\\"position:fixed;\\\"]\",\"action\":[\"remove\",\"\"]}","{\"selector\":\"#content-right div[class]\",\"tasks\":[[\"has\",{\"selector\":\"> h1\",\"tasks\":[[\"has-text\",\"热门应用\"]]}]]}","{\"selector\":\"div[class^=\\\"placeholder-top-\\\"]\",\"action\":[\"style\",\"min-height: 0 !important;\"],\"cssable\":true}","{\"selector\":\".ad-banner\",\"action\":[\"style\",\"visibility: hidden !important;\"],\"cssable\":true}","{\"selector\":\"body\",\"action\":[\"style\",\"overflow: auto !important; padding-right: 0 !important;\"],\"cssable\":true}","{\"selector\":\".a-modal\",\"action\":[\"style\",\"display: none !important;\"],\"cssable\":true}","{\"selector\":\".modal-backdrop\",\"action\":[\"style\",\"display: none !important;\"],\"cssable\":true}","{\"selector\":\".footer\",\"action\":[\"style\",\"margin-top: 0px !important;\"],\"cssable\":true}","{\"selector\":\".widget_custom_html\",\"tasks\":[[\"has\",{\"selector\":\"> h3\",\"tasks\":[[\"has-text\",\"赞助\"]]}]]}","{\"selector\":\"body > div.content\",\"action\":[\"style\",\"margin-top: 0 !important;\"],\"cssable\":true}","{\"selector\":\"#adsModal\",\"action\":[\"style\",\"display: none !important;\"],\"cssable\":true}","{\"selector\":\"div.mt-2:has(> ins)\",\"action\":[\"style\",\"display: none !important;\"],\"cssable\":true}","{\"selector\":\"#chaptercontent\",\"action\":[\"style\",\"filter: unset !important;\"],\"cssable\":true}","{\"selector\":\".swiper-wrapper > .swiper-slide:has(> .banner[href^=\\\"https://\\\"][target=\\\"_blank\\\"])\",\"action\":[\"remove\",\"\"]}","{\"selector\":\".swiper-wrapper > .swiper-slide:has(> a[target-url])\",\"action\":[\"style\",\"visibility: hidden !important;\"],\"cssable\":true}","{\"selector\":\".newslist > li\",\"tasks\":[[\"has\",{\"selector\":\"> span\",\"tasks\":[[\"has-text\",\"广 告\"]]}]]}","{\"selector\":\"article > div.block-default\",\"tasks\":[[\"has\",{\"selector\":\"> div.content-wrapper p > span\",\"tasks\":[[\"has-text\",\"Cosmart\"]]}]]}","{\"selector\":\".Gmaeinfobtn_tab > a.patchshow[style]\",\"tasks\":[[\"has\",{\"selector\":\"> span\",\"tasks\":[[\"has-text\",\"/^广告$/\"]]}]]}","{\"selector\":\".excerpt > li:has(.info .cat a[rel$=\\\"tag\\\"])\",\"tasks\":[[\"has-text\",\"产品推荐\"]]}","{\"selector\":\"div[class^=\\\"news_info\\\"] > ul.newslist > li\",\"tasks\":[[\"has\",{\"selector\":\"> span\",\"tasks\":[[\"has-text\",\"广告\"]]}]]}","{\"selector\":\"#douyin-right-container > div[class] > div[class]\",\"tasks\":[[\"has\",{\"selector\":\"> ul[class] > li[class] > a[href][target=\\\"_blank\\\"] + div\",\"tasks\":[[\"has-text\",\"广告\"]]}]]}","{\"selector\":\".content-main > div > .container-fluid\",\"tasks\":[[\"has\",{\"selector\":\"span\",\"tasks\":[[\"has-text\",\"广告\"]]}]]}","{\"selector\":\".swiper-container-horizontal > div.swiper-wrapper > div.swiper-slide:has(a[href*=\\\"/tg.602.com/\\\"])\",\"action\":[\"remove\",\"\"]}","{\"selector\":\".newswiper_big_swiper_container > div.swiper-container-horizontal > div.swiper-wrapper > div.swiper-slide:has(> a[data-href]:not([data-href^=\\\"https://v.youku.com/\\\"]):not([data-scm]))\",\"action\":[\"remove\",\"\"]}","{\"selector\":\".pc-header-video > a[class^=\\\"top-ad-\\\"] + .youtube-container\",\"action\":[\"remove\",\"\"]}","{\"selector\":\"#root > div[class] > div[class]\",\"tasks\":[[\"matches-css\",{\"name\":\"z-index\",\"value\":\"^4$\"}],[\"has\",{\"selector\":\"> div[class]\",\"tasks\":[[\"matches-css\",{\"name\":\"height\",\"value\":\"^250px$\"}]]}]]}","{\"selector\":\"#root > div[class] > div[class]\",\"tasks\":[[\"matches-css\",{\"name\":\"z-index\",\"value\":\"^4$\"}],[\"spath\",\":has(> button path[d^=\\\"M16 4c6.627 0 12 5.373\\\"])\"]]}","{\"selector\":\"#root div[class]\",\"tasks\":[[\"matches-css\",{\"name\":\"row-gap\",\"value\":\"^13px$\"}],[\"spath\",\" > div[class]\"],[\"matches-css\",{\"name\":\"row-gap\",\"value\":\"^6px$\"}],[\"has\",{\"selector\":\"> div[class]\",\"tasks\":[[\"matches-css\",{\"name\":\"width\",\"value\":\"^300px$\"}]]}]]}","{\"selector\":\"#root div[class]\",\"tasks\":[[\"matches-css\",{\"name\":\"position\",\"value\":\"^relative$\"}],[\"spath\",\" > div[class]\"],[\"matches-css\",{\"name\":\"justify-content\",\"value\":\"^center$\"}],[\"has\",{\"selector\":\"> div[class]\",\"tasks\":[[\"matches-css\",{\"name\":\"width\",\"value\":\"^300px$\"}]]}]]}","{\"selector\":\"#root div[class]\",\"tasks\":[[\"matches-css\",{\"name\":\"padding-left\",\"value\":\"^70px$\"}],[\"spath\",\" > div[class]\"],[\"matches-css\",{\"name\":\"column-gap\",\"value\":\"^30px$\"}],[\"has\",{\"selector\":\"> div[class]\",\"tasks\":[[\"matches-css\",{\"name\":\"align-items\",\"value\":\"^center$\"}]]}]]}","{\"selector\":\"#sidebar__inner > #links-row-1 > .box.folder\",\"tasks\":[[\"has\",{\"selector\":\"> h4\",\"tasks\":[[\"has-text\",\"AD\"]]}]]}","{\"selector\":\".container-fluid > .row > .item\",\"tasks\":[[\"has\",{\"selector\":\"> .card > .card-body > .lines > span.badge\",\"tasks\":[[\"has-text\",\"/^ad$/\"]]}]]}","{\"selector\":\"#toptb ~ #wp > *:not(div):not(style):not(ul):not(script) + div[class][id]:has(div[style=\\\"display:none\\\"])\",\"tasks\":[[\"has\",{\"selector\":\"script\",\"tasks\":[[\"has-text\",\"window.slotbydup\"]]}]]}","{\"selector\":\"#Rightbar > .box\",\"tasks\":[[\"has\",{\"selector\":\"> .inner > div > span\",\"tasks\":[[\"has-text\",\"Sponsored by\"]]}]]}","{\"selector\":\"#Rightbar > .box > .inner > .sidebar_units:not(:has(+ strong))\",\"tasks\":[[\"upward\",2]]}","{\"selector\":\"#Rightbar > .box > .inner:has(> a[href]:only-child) + .sidebar_compliance > a[href=\\\"/advertise\\\"]\",\"tasks\":[[\"upward\",2]]}","{\"selector\":\".t-b.sel > ul.nl > li:has(> a[href*=\\\"/lapin.\\\"])\",\"action\":[\"style\",\"visibility: hidden !important;\"],\"cssable\":true}","{\"selector\":\"#sidebar > section.widget_text > div.textwidget > script[src^=\\\"//pagead2.googlesyndication.com/\\\"]\",\"tasks\":[[\"upward\",2]]}","{\"selector\":\".riverSections-DS-EntryPoint1-1 > div[style^=\\\"display: grid;\\\"] > div[style^=\\\"grid-area:\\\"]:last-child > .card-DS-card1-1 > div[class^=\\\"nativeAd-DS-card\\\"]\",\"tasks\":[[\"upward\",2]]}","{\"selector\":\".slide_doubleimg > .baiBox\",\"action\":[\"remove\",\"\"]}","{\"selector\":\".container-fluid > div.row\",\"tasks\":[[\"has\",{\"selector\":\"> div.item > div.card > div.card-body > div > span\",\"tasks\":[[\"has-text\",\"/^ad$/\"]]}]]}","{\"selector\":\"#carousel-container > div[class^=\\\"D_\\\"] > div[class^=\\\"D_\\\"] > div[style^=\\\"width:\\\"]:has(a[aria-label^=\\\"licksang\\\"])\",\"action\":[\"remove\",\"\"]}","{\"selector\":\".col-md-4 > div.row\",\"tasks\":[[\"has\",{\"selector\":\"> div.col > h5\",\"tasks\":[[\"has-text\",\"支持一下吧\"]]}]]}","{\"selector\":\".swiper-wrapper > li.swiper-slide:has(> a[target=\\\"_blank\\\"]:not([href^=\\\"/\\\"]))\",\"action\":[\"remove\",\"\"]}","{\"selector\":\"#sidebar > ul\",\"tasks\":[[\"has\",{\"selector\":\"> h3\",\"tasks\":[[\"has-text\",\"广告\"]]}]]}","{\"selector\":\".commentlist > li.row\",\"tasks\":[[\"has\",{\"selector\":\"> div > font\",\"tasks\":[[\"has-text\",\"广告\"]]}]]}","{\"selector\":\".card-wrap\",\"action\":[\"remove\",\"\"],\"tasks\":[[\"has\",{\"selector\":\"> .card-top > .s-fr\",\"tasks\":[[\"has-text\",\"广告\"]]}]]}","{\"selector\":\".news_info > p\",\"tasks\":[[\"has\",{\"selector\":\"> strong\",\"tasks\":[[\"has-text\",\"双11红包活动推荐\"]]}]]}","{\"selector\":\".cube-list-recommend > div.cube-mod.cpc-card > div.cube-bd > div.cube-card > div.dh-cpcad-container\",\"tasks\":[[\"upward\",\"div.cube-mod.cpc-card\"]]}","{\"selector\":\".ebookRight > div.tb_cell.mb10\",\"tasks\":[[\"has\",{\"selector\":\"> div.listcell > div.lc_head > h2\",\"tasks\":[[\"has-text\",\"课本赞助商\"]]}]]}","{\"selector\":\".readingList > ul > div\",\"tasks\":[[\"has\",{\"selector\":\"> li > span\",\"tasks\":[[\"has-text\",\"PR\"]]}]]}","{\"selector\":\"div[class^=\\\"leftSide_\\\"] > ._popIn_recommend + div[data-reactid]:last-child > h2\",\"tasks\":[[\"has-text\",\"NOWnews 推薦\"]]}","{\"selector\":\"div[class^=\\\" margin10_\\\"] > div[data-reactid] > a[class^=\\\"clearfix box_\\\"][data-on=\\\"click\\\"]\",\"tasks\":[[\"has\",{\"selector\":\"> .right > [class^=\\\"category_\\\"]\",\"tasks\":[[\"has-text\",\"Sponsored\"]]}]]}","{\"selector\":\"article > aside.left > .adsbygoogle\",\"tasks\":[[\"upward\",1]]}","{\"selector\":\"#wrapper > #mainbar > .area:not(#story):not(#comments)\",\"tasks\":[[\"has\",{\"selector\":\"> h3 > a[href]\",\"tasks\":[[\"has-text\",\"商品推薦\"]]}]]}","{\"selector\":\"[data-spotim-module=\\\"recirculation\\\"][data-spotim-showing-slots~=\\\"1-start-300x250\\\"] .spotim-recirculation div[data-spotim-row] > div[data-spotim-slot-size=\\\"300x250\\\"] ~ .sprcRftoX\",\"action\":[\"style\",\"margin-left: 0!important;\"],\"cssable\":true}","{\"selector\":\"body [data-spotim-module=\\\"recirculation\\\"][data-spotim-showing-slots~=\\\"1-start-300x250\\\"] .sprc2PlxR [data-spotim-row=\\\"1\\\"]::before\",\"action\":[\"style\",\"left: 0!important;\"],\"cssable\":true}","{\"selector\":\"div[data-widget-area=\\\"sidebar\\\"] > div[class=\\\"panel panel-primary\\\"]\",\"tasks\":[[\"has\",{\"selector\":\"> div.panel-heading > h3\",\"tasks\":[[\"has-text\",\"广告\"]]}]]}","{\"selector\":\".body > div.body-wrap\",\"tasks\":[[\"has\",{\"selector\":\"> div.mod-box > div.mod-title > h3\",\"tasks\":[[\"has-text\",\"友情链接\"]]}]]}","{\"selector\":\"#rightPanel div[id^=\\\"page-\\\"] ~ div[class] > div > div[style^=\\\"display:\\\"] ins.adsbygoogle\",\"tasks\":[[\"upward\",\"div[style^=\\\"display:\\\"]\"]]}","{\"selector\":\"section[class*=\\\"widget_text\\\"] > .widget-wrap > .textwidget > div[class^=\\\"Zi_ad\\\"]\",\"tasks\":[[\"upward\",3]]}","{\"selector\":\"div[data-index] > article\",\"tasks\":[[\"has-text\",\"贊助活動\"]]}","{\"selector\":\"#sidebar > div.widget\",\"tasks\":[[\"has\",{\"selector\":\"> h4\",\"tasks\":[[\"has-text\",\"廣告\"]]}]]}","{\"selector\":\".widget_text > .inn-sidebar__widget\",\"tasks\":[[\"has\",{\"selector\":\"> .poi-panel__header > .poi-panel__header__title\",\"tasks\":[[\"has-text\",\"赞助商\"]]}]]}","{\"selector\":\"#banner > a ~ .banner-close\",\"action\":[\"style\",\"display: none !important;\"],\"cssable\":true}","{\"selector\":\".recommended-container_floor-aside .container > div[class$=\\\"feed-card\\\"]\",\"tasks\":[[\"has\",{\"selector\":\"div[style$=\\\"56.25%;\\\"] > div[class]\",\"tasks\":[[\"matches-css\",{\"name\":\"content\",\"pseudo\":\"before\",\"value\":\"AdGuard\"}]]}]]}","{\"selector\":\".feed-card:has(> div.bili-feed-card > div > div > div.bili-video-card__no-interest + a[target=\\\"_blank\\\"]:not([href^=\\\"https://www.bilibili.com/\\\"]))\",\"action\":[\"remove\",\"\"]}","{\"selector\":\".feed-card:has(> div.bili-feed-card > div.shortcut-bg:empty ~ div.bili-video-card[style*=\\\"display: none !important;\\\"])\",\"action\":[\"remove\",\"\"]}","{\"selector\":\".bili-feed-card:has(> div.bili-video-card[style*=\\\"display: none !important;\\\"])\",\"action\":[\"remove\",\"\"]}","{\"selector\":\".container > div[class*=\\\"-card\\\"]:has(div[style=\\\"display: none !important;\\\"])\",\"action\":[\"style\",\"position: absolute !important; left: -3000px !important;\"],\"cssable\":true}","{\"selector\":\".ex-card-common:has(.gg-icon)\",\"action\":[\"remove\",\"\"]}","{\"selector\":\".van-slide > .item:has(.bypb-icon)\",\"action\":[\"remove\",\"\"]}","{\"selector\":\".container > .feed-card:has(> .bili-video-card.is-rcmd > div.bili-video-card__wrap .bili-video-card__stats--icon > path[d*=\\\"M16.9122 1.50323C17.4366 1.48358 17.99745 1.54938 18.4701 1.8207C18.9423 2.09168 19.28085\\\"])\",\"action\":[\"remove\",\"\"]}","{\"selector\":\".img-list > .img-item:has(> a[href*=\\\".ad_click\\\"])\",\"action\":[\"remove\",\"\"]}","{\"selector\":\"a.focus_title_inner[href*=\\\".ad_click\\\"]\",\"action\":[\"remove\",\"\"]}","{\"selector\":\"#hellBoy > li[track-by=\\\"$index\\\"] > div[style] > .show-div\",\"tasks\":[[\"has\",{\"selector\":\"> .show-card > .update-play\",\"tasks\":[[\"has-text\",\"/^AD$/\"]]}]]}","{\"selector\":\".slider-group > .nut-swiper > .nut-swiper-inner > .nut-swiper-item\",\"tasks\":[[\"has\",{\"selector\":\"> .swiper-page > span\",\"tasks\":[[\"has-text\",\"/^AD/\"]]}]]}","{\"selector\":\".asset-content > p\",\"tasks\":[[\"has-text\",\"/二维|助教|0 元|报名费|原价/\"],[\"spath\",\" + p + p > img\"]]}","{\"selector\":\".asset-content > p\",\"tasks\":[[\"has-text\",\"/二维|助教|0 元|报名费|原价/\"],[\"spath\",\" + p > img\"]]}","{\"selector\":\"li\",\"tasks\":[[\"has\",{\"selector\":\"> .info > .cat > a[rel=\\\"category tag\\\"]\",\"tasks\":[[\"has-text\",\"推广\"]]}]]}","{\"selector\":\"li\",\"tasks\":[[\"has\",{\"selector\":\"> .item-thumb > .item-category\",\"tasks\":[[\"has-text\",\"推广\"]]}]]}","{\"selector\":\"li\",\"tasks\":[[\"has\",{\"selector\":\"> .titl + *\",\"tasks\":[[\"has-text\",\"好物\"]]}]]}","{\"selector\":\"#videoSideBar\",\"tasks\":[[\"has\",{\"selector\":\"div\",\"tasks\":[[\"has-text\",\"/商品|商家|退款|店铺/\"]]}]]}","{\"selector\":\"li\",\"tasks\":[[\"has-text\",\"/贊助|推廣/\"]]}","{\"selector\":\".tl_shadow\",\"tasks\":[[\"has\",{\"selector\":\"> .ti_item > .ti_infos > .label_text_tag\",\"tasks\":[[\"has-text\",\"广告\"]]}]]}","{\"selector\":\".row\",\"tasks\":[[\"has\",{\"selector\":\".badge\",\"tasks\":[[\"has-text\",\"ad\"]]}]]}","{\"selector\":\".tabbable > div\",\"tasks\":[[\"has-text\",\"宝红\"]]}","{\"selector\":\".discover-video-card-item\",\"tasks\":[[\"has\",{\"selector\":\"> div > div > span\",\"tasks\":[[\"has-text\",\"广告\"]]}]]}","{\"selector\":\".SharePanel\",\"tasks\":[[\"has\",{\"selector\":\"> .SharePanel-content > .SharePanel-contentTitle\",\"tasks\":[[\"has-text\",\"福利\"]]}]]}","{\"selector\":\"li\",\"tasks\":[[\"has\",{\"selector\":\"> div > .content-other > .content-type\",\"tasks\":[[\"has-text\",\"广告\"]]}]]}","{\"selector\":\"div[class^=\\\"titleImg-\\\"]\",\"tasks\":[[\"has\",{\"selector\":\"span[class^=\\\"source-\\\"]\",\"tasks\":[[\"has-text\",\"推广\"]]}]]}","{\"selector\":\".cell\",\"tasks\":[[\"has\",{\"selector\":\".txt\",\"tasks\":[[\"has-text\",\"广告\"]]}]]}","{\"selector\":\".imgcell\",\"tasks\":[[\"has\",{\"selector\":\".txt\",\"tasks\":[[\"has-text\",\"广告\"]]}]]}","{\"selector\":\"div\",\"tasks\":[[\"has\",{\"selector\":\"> h1\",\"tasks\":[[\"has-text\",\"推广\"]]}]]}","{\"selector\":\".imgNewText\",\"tasks\":[[\"has\",{\"selector\":\"> footer > .info > .source\",\"tasks\":[[\"has-text\",\"/广告/\"]]}]]}","{\"selector\":\"a\",\"tasks\":[[\"has\",{\"selector\":\"> div > p\",\"tasks\":[[\"has-text\",\"广告\"]]}]]}","{\"selector\":\".core-rail > div > div[id^=\\\"ember\\\"]\",\"tasks\":[[\"has\",{\"selector\":\".feed-shared-actor__description span\",\"tasks\":[[\"has-text\",\"/促銷內容|广告/\"]]}]]}","{\"selector\":\".core-rail > div > div[id^=\\\"ember\\\"]\",\"tasks\":[[\"has\",{\"selector\":\".feed-shared-actor__sub-description span\",\"tasks\":[[\"has-text\",\"/促銷內容|广告/\"]]}]]}","{\"selector\":\".forum_Post_index\",\"tasks\":[[\"has\",{\"selector\":\"nobr\",\"tasks\":[[\"has-text\",\"18\"]]}]]}","{\"selector\":\".index-list-item\",\"tasks\":[[\"has\",{\"selector\":\".tip-time\",\"tasks\":[[\"has-text\",\"广告\"]]}]]}","{\"selector\":\".list16 > ul > li\",\"tasks\":[[\"has-text\",\"广告\"]]}","{\"selector\":\".myui-panel-bg\",\"tasks\":[[\"has\",{\"selector\":\"strong\",\"tasks\":[[\"has-text\",\"广告\"]]}]]}","{\"selector\":\"div[class^=\\\"right-feedback\\\"]\",\"tasks\":[[\"has\",{\"selector\":\"> .list-step-title\",\"tasks\":[[\"has-text\",\"网游\"]]}]]}","{\"selector\":\".box\",\"tasks\":[[\"has\",{\"selector\":\"> .inner > div > span[style]\",\"tasks\":[[\"has-text\",\"Sponsored\"]]}]]}","{\"selector\":\".card-wrap\",\"tasks\":[[\"has\",{\"selector\":\"> .card-film > .card-head > .title\",\"tasks\":[[\"has-text\",\"广告\"]]}]]}","{\"selector\":\".card-wrap\",\"tasks\":[[\"has\",{\"selector\":\"> .card-top > .s-fr\",\"tasks\":[[\"has-text\",\"广告\"]]}]]}","{\"selector\":\".vue-recycle-scroller__item-view\",\"tasks\":[[\"has\",{\"selector\":\".wbpro-ad-tag\",\"tasks\":[[\"has-text\",\"广告\"]]}]]}","{\"selector\":\".vue-recycle-scroller__item-view\",\"tasks\":[[\"has\",{\"selector\":\"div[class*=\\\"head-info_\\\"] > div\",\"tasks\":[[\"has-text\",\"热推\"]]}]]}","{\"selector\":\".vue-recycle-scroller__item-view\",\"tasks\":[[\"has\",{\"selector\":\"span[class^=\\\"wbpro-icon-search\\\"]\",\"tasks\":[[\"has-text\",\"/商|上新|好物/\"]]}]]}","{\"selector\":\".wbpro-side-panel\",\"tasks\":[[\"has\",{\"selector\":\"span[class^=\\\"wbpro-icon-search\\\"]\",\"tasks\":[[\"has-text\",\"商\"]]}]]}","{\"selector\":\".js-stream-content\",\"tasks\":[[\"has\",{\"selector\":\"div\",\"tasks\":[[\"has-text\",\"雅虎搜尋\"]]}]]}","{\"selector\":\".stream-item\",\"tasks\":[[\"has\",{\"selector\":\"> div > div > div > span\",\"tasks\":[[\"has-text\",\"即日熱搜\"]]}]]}","{\"selector\":\"span\",\"tasks\":[[\"has\",{\"selector\":\"> p\",\"tasks\":[[\"has-text\",\"高速\"]]}]]}","{\"selector\":\"ul\",\"tasks\":[[\"has\",{\"selector\":\"> dd\",\"tasks\":[[\"has-text\",\"高速\"]]}]]}","{\"selector\":\".tpc_content\",\"tasks\":[[\"has\",{\"selector\":\"> b:nth-child(1n+40) > span > a[onmouseover=\\\"this.style.background='#DEF5CD';\\\"]\",\"tasks\":[[\"has-text\",\"91TV\"]]}],[\"spath\",\" > :nth-child(-1n+45)\"]]}","{\"selector\":\".tpc_content\",\"tasks\":[[\"has\",{\"selector\":\"> b:nth-child(1n+50) > span > a[onmouseover=\\\"this.style.background='#DEF5CD';\\\"]\",\"tasks\":[[\"has-text\",\"91TV\"]]}],[\"spath\",\" > :nth-child(-1n+55)\"]]}","{\"selector\":\"[class]\",\"tasks\":[[\"has\",{\"selector\":\"> a[onmouseover=\\\"this.style.background='#DEF5CD';\\\"]:nth-child(1n+150)\",\"tasks\":[[\"has-text\",\"/赌|娱|澳/\"]]}],[\"spath\",\" > :nth-child(-1n+155)\"]]}","{\"selector\":\"[class]\",\"tasks\":[[\"has\",{\"selector\":\"> a[onmouseover=\\\"this.style.background='#DEF5CD';\\\"]:nth-child(1n+160)\",\"tasks\":[[\"has-text\",\"/赌|娱|澳/\"]]}],[\"spath\",\" > :nth-child(-1n+170)\"]]}","{\"selector\":\"[class]\",\"tasks\":[[\"has\",{\"selector\":\"> a[onmouseover=\\\"this.style.background='#DEF5CD';\\\"]:nth-child(1n+180)\",\"tasks\":[[\"has-text\",\"/赌|娱|澳/\"]]}],[\"spath\",\" > :nth-child(-1n+188)\"]]}","{\"selector\":\"[class]\",\"tasks\":[[\"has\",{\"selector\":\"> a[onmouseover=\\\"this.style.background='#DEF5CD';\\\"]:nth-child(1n+190)\",\"tasks\":[[\"has-text\",\"/赌|娱|澳/\"]]}],[\"spath\",\" > :nth-child(-1n+195)\"]]}"],"selectorLists":["0,1","2,3","2,40","4","5","6","7,8","9","10","11","12,13","14","15","16,17","16,17,18,19,20,21","22,23,24","25","26,27,69","28,29","-29","30","31","206,207,208,209,210,211,32","33","34","34,49","35,72","36","116,37","37","38","38,52","39","41,42","176,43","44,45","46","47","48","50,51","53","53,81,82","53,88","53,90","54","55,56","57","58","59","60","61","62,63","62,78","64,65,66,67,68","70","71","73,74","75","76","77","79","80","83,84,85,86","87","89","91","92","93","94","95","96,97,98","102,103,96,98","99","100","101,109","104","105","106,114,115","107,111,173","108","110,171,172","112,174,179","113","117,118,119,120,121","122","123,177","124","125,126,127,195","128","129","130","131","132","133","134","135","136,137","138,196,197,198,199,200,201","139","140","141","142","143,144","145","146","147,148","149","150","151","152","153","154","155","156","157,158,159,160,161,162,163,164","165,166","167,168","-170,-171,169,170","175","176","178","180","181","182","183,184","185","186,187","188,189","190","191","192","193","194","202,203","204,205","206,207,208,209,210,211"],"selectorListRefs":[47,25,30,89,43,36,55,32,24,29,31,12,110,37,68,112,113,71,103,22,87,13,118,61,26,119,101,65,109,134,121,66,23,123,38,108,50,115,8,135,132,31,119,97,72,133,77,24,16,27,81,0,52,39,88,96,125,48,131,115,115,115,45,95,86,6,73,42,31,3,75,4,4,74,80,9,20,59,7,79,21,28,99,35,116,116,116,116,116,116,128,29,67,102,46,94,70,5,62,114,17,100,124,49,127,116,116,51,104,92,60,10,10,10,10,10,10,10,130,76,85,1,18,107,2,7,126,14,59,33,78,130,111,15,11,10,10,10,10,10,10,10,10,10,10,10,10,10,10,10,10,10,10,10,10,10,10,10,10,10,10,10,10,10,10,10,83,63,58,120,54,84,122,63,129,117,64,56,63,82,41,106,44,4,34,93,69,19,63,53,40,91,98,105,90,57],"hostnames":["com.tw","iyf.tv","9xav.cc","ants.tw","cava.tw","dm5.com","sina.cn","udn.com","yfsp.tv","4399.com","69xx.one","bde4.icu","dcard.tw","ghxi.com","hk01.com","hmoe.one","huya.com","ibbs.pro","kukuo.tw","t66y.com","v2ex.com","yodu.org","141jj.com","51cto.com","baidu.com","bdimg.com","ck101.com","csqaq.com","dacota.tw","ddooo.com","douyu.com","efuxs.com","hboav.com","ifeng.com","jieav.com","lihkg.com","macapp.so","nivod2.tv","rjno1.com","rvlev.com","sogou.com","theav.xyz","tieba.com","weibo.com","wxsck.com","yahoo.com","youku.com","aiyifan.tv","cna.com.tw","csgoob.com","douyin.com","dqzboy.com","h5.17k.com","huaban.com","ithome.com","jandan.net","kostool.cn","ltn.com.tw","nfstar.net","nivod2.com","nivod4.com","nivod5.com","nxpaaq.com","olevod.com","pcbeta.com","renfei.net","sixyin.com","sou-yun.cn","theporn.cc","xbgame.net","xiuting.cc","18comic.org","18comic.vip","3dmgame.com","423down.com","bigpixel.cn","bingfeng.tw","duodada.com","ekamus.info","elle.com.hk","game735.com","gameapps.hk","hao.360.com","iqihang.com","m.nivod2.tv","m.nivod4.tv","m.nivod5.tv","m.nivod7.tv","m.nivod8.tv","m.nivod9.tv","muchong.com","mysteel.com","news.qq.com","nownews.com","pansci.asia","rouman5.com","sosimhk.com","1keydata.com","apple.com.cn","bilibili.com","gamer.com.tw","haoduoyun.cc","image.so.com","kocpc.com.tw","linkedin.com","m.nivod2.com","m.nivod4.com","mobile01.com","oops.udn.com","pornbest.org","v2rayssr.com","waipian1.com","waipian2.com","waipian3.com","waipian4.com","waipian5.com","waipian7.com","waipian8.com","www.sohu.com","yanaifei.net","cartoon18.com","colamanga.com","dilidili.wang","dilidili3.com","ezneering.com","haoweichi.com","lenovo.com.cn","linovelib.com","m.lelekan.com","money.163.com","mydrivers.com","news.sohu.com","sharonlife.tw","slashlook.com","slashview.com","waipian10.com","waipian11.com","waipian12.com","waipian13.com","waipian14.com","waipian15.com","waipian16.com","waipian17.com","waipian18.com","waipian19.com","waipian20.com","waipian21.com","waipian22.com","waipian23.com","waipian24.com","waipian25.com","waipian26.com","waipian27.com","waipian28.com","waipian29.com","waipian30.com","waipian31.com","waipian32.com","waipian33.com","waipian34.com","waipian35.com","waipian36.com","waipian37.com","waipian38.com","waipian39.com","waipian40.com","wealth.com.tw","www.baidu.com","buzzorange.com","copyfuture.com","discuss.com.hk","fox-saying.com","guilinlife.com","ipv6.baidu.com","news.baidu.com","ruanyifeng.com","w4gv.4rzxy.net","weihemenye.com","www1.baidu.com","yuanxue365.com","applefans.today","bbs.liyuans.com","book.qidian.com","jmcomic-zzz.org","tieba.baidu.com","carousell.com.hk","digitimes.com.tw","h5.dilidili.wang","xueshu.baidu.com","liaoningmovie.net","ulifestyle.com.hk","military.china.com","news.mydrivers.com","chinese.engadget.com","microsoftnews.msn.cn","sutin0831.pixnet.net"],"hasEntities":false}