{"selectors":["{\"selector\":\".bbj\",\"tasks\":[[\"has-text\",\"Warning\"]]}","{\"selector\":\".col-lg-12\",\"tasks\":[[\"has-text\",\"Please enable\"]]}","{\"selector\":\".recommender-wrapper\",\"tasks\":[[\"has-text\",\"Gesponsert\"]]}","{\"selector\":\".bg-rpi-grey-100\",\"tasks\":[[\"has-text\",\"Advertisement\"]]}","{\"selector\":\".card\",\"tasks\":[[\"has\",{\"selector\":\".card-header\",\"tasks\":[[\"has-text\",\"Sponsor\"]]}]]}","{\"selector\":\".et_pb_code_inner\",\"tasks\":[[\"has-text\",\"advertisement\"]]}","{\"selector\":\".leading-\\\\[16px\\\\]\",\"tasks\":[[\"has-text\",\"Advertisement\"]]}","{\"selector\":\".mgtop_20.nxart\",\"tasks\":[[\"has-text\",\"#ad\"]]}","{\"selector\":\".py-4.my-6\",\"tasks\":[[\"has-text\",\"Advertisement\"]]}","{\"selector\":\".textwidget\",\"tasks\":[[\"has-text\",\"ADVERTISEMENT\"]]}","{\"selector\":\".visible-lg\",\"tasks\":[[\"has-text\",\"Advertisement\"]]}","{\"selector\":\"article\",\"tasks\":[[\"has\",{\"selector\":\"header:has(.ct-sponsored)\"}]]}","{\"selector\":\"p + div\",\"tasks\":[[\"has\",{\"selector\":\".responsive-post:has([href^=\\\"https://www.semrush.com\\\"])\"}]]}","{\"selector\":\".css-1nhzth8\",\"tasks\":[[\"has-text\",\"/sponsorisé|sponsored/\"]]}","{\"selector\":\"div[aria-labelledby=\\\"schedules-header\\\"] > div > div\",\"tasks\":[[\"has-text\",\"Ad\"]]}","{\"selector\":\".shopee-header-section\",\"tasks\":[[\"has\",{\"selector\":\"> .shopee-header-section__content\",\"tasks\":[[\"has-text\",\"Ad\"]]}]]}","{\"selector\":\".side-by-side-carousel__carousel_container\",\"tasks\":[[\"has-text\",\"Sponsored Products\"]]}","{\"selector\":\"[data-automation=\\\"crossSellShelf\\\"] div\",\"tasks\":[[\"has\",{\"selector\":\"> span\",\"tasks\":[[\"has-text\",\"Sponsored\"]]}]]}","{\"selector\":\"[data-automation=\\\"relatedStories\\\"] div > div\",\"tasks\":[[\"has\",{\"selector\":\"a\",\"tasks\":[[\"has-text\",\"SPONSORED\"]]}]]}","{\"selector\":\"div.md\\\\:block.pb-5\",\"tasks\":[[\"has-text\",\"Advertisement\"]]}","{\"selector\":\".post__content > p\",\"tasks\":[[\"has-text\",\"This segment is a paid ad\"]]}","{\"selector\":\".product-card-col\",\"tasks\":[[\"has-text\",\"Sponsored\"]]}","{\"selector\":\".PropertyCardItem\",\"tasks\":[[\"has\",{\"selector\":\"div\",\"tasks\":[[\"has-text\",\"Promoted\"]]}]]}","{\"selector\":\".J-offer-wrapper\",\"tasks\":[[\"has-text\",\"Top sponsor listing\"]]}","{\"selector\":\".blockTitle\",\"tasks\":[[\"has-text\",\"Advertisement\"]]}","{\"selector\":\"aside[data-animation-event]\",\"tasks\":[[\"has-text\",\"PARTNERS\"]]}","{\"selector\":\"center\",\"tasks\":[[\"has-text\",\"ADVERT\"]]}","{\"selector\":\"article\",\"tasks\":[[\"has-text\",\"Promoted\"]]}","{\"selector\":\"div.main-art\",\"tasks\":[[\"has-text\",\"Sponsored Content\"]]}","{\"selector\":\"[data-test^=\\\"component-slider-slide-\\\"]\",\"tasks\":[[\"has-text\",\"SPONSORED\"]]}","{\"selector\":\".indiana-scroll-container > ul > li\",\"tasks\":[[\"has\",{\"selector\":\".chakra-badge\",\"tasks\":[[\"has-text\",\"/Sponsorisé|Sponsored/\"]]}]]}","{\"selector\":\".product-tile-group__list__item\",\"tasks\":[[\"has-text\",\"Sponsored\"]]}","{\"selector\":\"[data-testid=\\\"card\\\"]\",\"tasks\":[[\"has-text\",\"sponsored\"]]}","{\"selector\":\"[data-testid=\\\"desktop-search\\\"] li\",\"tasks\":[[\"has\",{\"selector\":\"span\",\"tasks\":[[\"has-text\",\"Ad\"]]}]]}","{\"selector\":\".inventory-listing\",\"tasks\":[[\"has-text\",\"Sponsored\"]]}","{\"selector\":\"[data-cmp=\\\"PremiumSpotlightContainer\\\"]\",\"tasks\":[[\"has-text\",\"Sponsored\"]]}","{\"selector\":\".panel\",\"tasks\":[[\"has-text\",\"createAd\"]]}","{\"selector\":\".elementor-section\",\"tasks\":[[\"has-text\",\"Advertisement\"]]}","{\"selector\":\".mb32.b-gray300\",\"tasks\":[[\"has-text\",\"Advertisement\"]]}","{\"selector\":\".b-gray300\",\"tasks\":[[\"has-text\",\"Advertisement\"]]}","{\"selector\":\".before-author-block-bio\",\"tasks\":[[\"has-text\",\"Sponsored\"]]}","{\"selector\":\"span.text-secondary\",\"tasks\":[[\"has-text\",\"Advertisement\"]]}","{\"selector\":\".plp-ninja-carousel\",\"tasks\":[[\"has-text\",\"Sponsored\"]]}","{\"selector\":\".row.justify-center\",\"tasks\":[[\"has-text\",\"Advertisement\"]]}","{\"selector\":\".e-con-inner\",\"tasks\":[[\"has-text\",\"Our Favourite Trading Platforms\"]]}","{\"selector\":\"[data-cnstrc-recommendations]\",\"tasks\":[[\"has-text\",\"Sponsored Products\"]]}","{\"selector\":\".post_wrap\",\"tasks\":[[\"has-text\",\"AdBot\"]]}","{\"selector\":\"ul#bc-home-news-main-wrap > li\",\"tasks\":[[\"has-text\",\"Sponsored\"]]}","{\"selector\":\".fs-sm.flow\",\"tasks\":[[\"has-text\",\"Sponsored\"]]}","{\"selector\":\"[style*=\\\"center\\\"]\",\"tasks\":[[\"has-text\",\"Ad\"]]}","{\"selector\":\"div[data-testid=\\\"property-card\\\"]\",\"tasks\":[[\"has\",{\"selector\":\"span\",\"tasks\":[[\"has-text\",\"Promoted\"]]}]]}","{\"selector\":\".oct-listers-hits__item\",\"tasks\":[[\"has-text\",\"Sponsored\"]]}","{\"selector\":\"#card-list > .search-item-card-wrapper-gallery\",\"tasks\":[[\"has\",{\"selector\":\"a.search-card-item[href*=\\\"&aem_p4p_detail=\\\"] div[class*=\\\"cards--image--\\\"] > div[class*=\\\"multi--ax--\\\"]\",\"tasks\":[[\"has-text\",\"/^(?:AD|An[uú]ncio|광고|広告)$/\"]]}],[\"spath\",\":has(+ .search-item-card-wrapper-gallery a.search-card-item:not([href*=\\\"&aem_p4p_detail=\\\"]))\"]]}","{\"selector\":\".b-main__section\",\"tasks\":[[\"has\",{\"selector\":\"h2.homepage-headline\",\"tasks\":[[\"has-text\",\"Advertisement\"]]}]]}","{\"selector\":\".zox-side-widget\",\"tasks\":[[\"has-text\",\"/^Advertis/\"]]}","{\"selector\":\".border-bottom\",\"tasks\":[[\"has-text\",\"Sponsored\"]]}","{\"selector\":\".bg-white.flex.gap-6.w-full.shrink.justify-between.md\\\\:justify-normal.lg\\\\:flex-row-reverse\",\"tasks\":[[\"has\",{\"selector\":\".font-metadata.mr-1.uppercase\",\"tasks\":[[\"has-text\",\"Sponsored by\"]]}]]}","{\"selector\":\"li.group-\\\\[\\\\.inline\\\\]\\\\:mb-8\",\"tasks\":[[\"has-text\",\"Ad\"]]}","{\"selector\":\"[role=\\\"presentation\\\"]\",\"tasks\":[[\"has\",{\"selector\":\"[data-testid=\\\"product-tile\\\"]\",\"tasks\":[[\"has-text\",\"Sponsored\"]]}]]}","{\"selector\":\"a\",\"tasks\":[[\"has\",{\"selector\":\"div:last-child\",\"tasks\":[[\"has-text\",\"Hide\"]]}]]}","{\"selector\":\"aside.td_block_template_1.widget.widget_text\",\"tasks\":[[\"has\",{\"selector\":\"> h4.block-title > span\",\"tasks\":[[\"has-text\",\"Visit Our Sponsors\"]]}]]}","{\"selector\":\"[data-testid=\\\"shoppable-list-container\\\"]\",\"tasks\":[[\"has-text\",\"Spons\"]]}","{\"selector\":\"div[role=\\\"group\\\"]\",\"tasks\":[[\"has-text\",\"Sponsored\"]]}","{\"selector\":\".block\",\"tasks\":[[\"has\",{\"selector\":\"a[data-tracking]\",\"tasks\":[[\"has-text\",\"Sponsored\"]]}]]}","{\"selector\":\"div[class*=\\\"flex-col\\\"]\",\"tasks\":[[\"has\",{\"selector\":\"> h2\",\"tasks\":[[\"has-text\",\"Sponsored\"]]}]]}","{\"selector\":\"div#container-text\",\"tasks\":[[\"has-text\",\"ADVERTISEMENT\"]]}","{\"selector\":\"span.container-text\",\"tasks\":[[\"has-text\",\"ADVERTISEMENT\"]]}","{\"selector\":\"span\",\"tasks\":[[\"has-text\",\"AD\"]]}","{\"selector\":\"div[data-display-unit]\",\"tasks\":[[\"has\",{\"selector\":\"span\",\"tasks\":[[\"has-text\",\"Promoted\"]]}]]}","{\"selector\":\".chakra-link\",\"tasks\":[[\"has-text\",\"Advertise\"]]}","{\"selector\":\"[class] > p\",\"tasks\":[[\"has-text\",\"Advertisement\"]]}","{\"selector\":\"article.relative\",\"tasks\":[[\"has\",{\"selector\":\"div\",\"tasks\":[[\"has-text\",\"SPONSORED\"]]}]]}","{\"selector\":\".markdown > .w-full\",\"tasks\":[[\"has-text\",\"Sponsored\"]]}","{\"selector\":\".pb-4 > .mb-2\",\"tasks\":[[\"has-text\",\"Sponsored\"]]}","{\"selector\":\".wp-block-gamurs-article-tile\",\"tasks\":[[\"has-text\",\"Sponsored\"]]}","{\"selector\":\".relative.bg-white\",\"tasks\":[[\"has-text\",\"PolyBuzz\"]]}","{\"selector\":\".bg-slate-100\",\"tasks\":[[\"has-text\",\"Ad\"]]}","{\"selector\":\".bottom-0.gap-2\",\"tasks\":[[\"has-text\",\"/Stake Now|Invest Now/\"]]}","{\"selector\":\".justify-center\",\"tasks\":[[\"has-text\",\"Advertisement\"]]}","{\"selector\":\".m-object\",\"tasks\":[[\"has\",{\"selector\":\".m-object__quote\",\"tasks\":[[\"has-text\",\"/In partnership with|En partenariat avec|Mit Unterstützung von|In collaborazione con|En colaboración con|Em parceria com|Совместно с|ile birlikte|Σε συνεργασία με|Együttműködésben a|با همکاری|بالمشاركة مع/\"]]}]]}","{\"selector\":\".the-media-object--has-sponsored\",\"tasks\":[[\"has-text\",\"/In partnership with|In collaborazione con|En partenariat avec|Mit Unterstützung von|En colaboración con|Em parceria com|We współpracy z|Совместно с|ile birlikte|Σε συνεργασία με|Együttműködésben a|با همکاری|با همکاری/\"]]}","{\"selector\":\"tbody\",\"tasks\":[[\"has-text\",\"WARNING! Use a\"]]}","{\"selector\":\"article.card-article\",\"tasks\":[[\"has\",{\"selector\":\"span.card-article__author\",\"tasks\":[[\"has-text\",\"Sponsored Content\"]]}]]}","{\"selector\":\".gig-card-layout\",\"tasks\":[[\"has-text\",\"Ad by\"]]}","{\"selector\":\"caption\",\"tasks\":[[\"has-text\",\"advertisement\"]]}","{\"selector\":\".product-grid-cell\",\"tasks\":[[\"has-text\",\"Sponsored\"]]}","{\"selector\":\".swiper-slide\",\"tasks\":[[\"has-text\",\"Sponsored\"]]}","{\"selector\":\"span[display=\\\"inline-block\\\"]\",\"tasks\":[[\"has-text\",\"Advertisement\"]]}","{\"selector\":\".moduleContent\",\"tasks\":[[\"has-text\",\"Advertisement\"]]}","{\"selector\":\".pdl-generic-content_full\",\"tasks\":[[\"has-text\",\"Sponsored\"]]}","{\"selector\":\"[data-product-id]\",\"tasks\":[[\"has-text\",\"Sponsored\"]]}","{\"selector\":\"p.content-center\",\"tasks\":[[\"has-text\",\"ADVERTISEMENT\"]]}","{\"selector\":\".header-2\",\"tasks\":[[\"has-text\",\"Sponsored Suggestions\"]]}","{\"selector\":\".card-glow\",\"tasks\":[[\"has-text\",\"Sponsored\"]]}","{\"selector\":\".border-t\",\"tasks\":[[\"has-text\",\"You might also be interested in\"]]}","{\"selector\":\"div\",\"tasks\":[[\"has\",{\"selector\":\"> div > div[class^=\\\"Carousel_wrapper\\\"]\",\"tasks\":[[\"has-text\",\"Promoted\"]]}]]}","{\"selector\":\"div\",\"tasks\":[[\"has\",{\"selector\":\"> div > div[class^=\\\"ModuleSet_moduleSetContainer\\\"]\",\"tasks\":[[\"has-text\",\"Promoted\"]]}]]}","{\"selector\":\"div[class^=\\\"sc-\\\"]\",\"tasks\":[[\"has\",{\"selector\":\"> div[data-qe-id=\\\"productCard\\\"]\",\"tasks\":[[\"has-text\",\"Promoted\"]]}]]}","{\"selector\":\".article-sidebar\",\"tasks\":[[\"has-text\",\"Advertisement\"]]}","{\"selector\":\".et_pb_module\",\"tasks\":[[\"has-text\",\"Partners\"]]}","{\"selector\":\".et_pb_module\",\"tasks\":[[\"has-text\",\"Partners\"],[\"spath\",\" + .et_pb_module\"]]}","{\"selector\":\".et_pb_widget\",\"tasks\":[[\"has-text\",\"Partners\"]]}","{\"selector\":\"div[style=\\\"max-height: inherit; max-width: inherit; display: none !important;\\\"]\",\"tasks\":[[\"has\",{\"selector\":\"span\",\"tasks\":[[\"has-text\",\"Paid partnership with \"]]}]]}","{\"selector\":\"div[style=\\\"max-height: inherit; max-width: inherit; display: none !important;\\\"]\",\"tasks\":[[\"has\",{\"selector\":\"span\",\"tasks\":[[\"has-text\",\"Paid partnership\"]]}]]}","{\"selector\":\"div[style=\\\"max-height: inherit; max-width: inherit;\\\"]\",\"tasks\":[[\"has\",{\"selector\":\"span\",\"tasks\":[[\"has-text\",\"Paid partnership with \"]]}]]}","{\"selector\":\"[data-testid^=\\\"listing-card-list-item-\\\"]\",\"tasks\":[[\"has-text\",\"TOP AD\"]]}","{\"selector\":\"._2EeeR\",\"tasks\":[[\"has-text\",\"Sponsored\"]]}","{\"selector\":\".rs-infinite-scroll > div\",\"tasks\":[[\"has-text\",\"Sponsored\"]]}","{\"selector\":\".slider-slide\",\"tasks\":[[\"has-text\",\"Sponsored\"]]}","{\"selector\":\".wrapper\",\"tasks\":[[\"has-text\",\"Sponsored Articles\"]]}","{\"selector\":\".jeg_postblock\",\"tasks\":[[\"has-text\",\"SPONSORED\"]]}","{\"selector\":\".msg-overlay-list-bubble__conversations-list\",\"tasks\":[[\"has-text\",\"Sponsored\"]]}","{\"selector\":\"div.feed-shared-update-v2\",\"tasks\":[[\"has\",{\"selector\":\"span.update-components-actor__description\",\"tasks\":[[\"has-text\",\"/Anzeige|Sponsored|Promoted|Dipromosikan|Propagováno|Promoveret|Gesponsert|Promocionado|促銷內容|Post sponsorisé|프로모션|Post sponsorizzato|广告|プロモーション|Treść promowana|Patrocinado|Promovat|Продвигается|Marknadsfört|Nai-promote|ได้รับการโปรโมท|Öne çıkarılan içerik|Gepromoot|الترويج/\"]]}]]}","{\"selector\":\"div.feed-shared-update-v2\",\"tasks\":[[\"has\",{\"selector\":\"span.update-components-actor__sub-description--tla\",\"tasks\":[[\"has-text\",\"/Anzeige|Sponsored|Promoted|Dipromosikan|Propagováno|Promoveret|Gesponsert|Promocionado|促銷內容|Post sponsorisé|프로모션|Post sponsorizzato|广告|プロモーション|Treść promowana|Patrocinado|Promovat|Продвигается|Marknadsfört|Nai-promote|ได้รับการโปรโมท|Öne çıkarılan içerik|Gepromoot|الترويج/\"]]}]]}","{\"selector\":\"div.feed-shared-update-v2\",\"tasks\":[[\"has\",{\"selector\":\"span.update-components-actor__sub-description\",\"tasks\":[[\"has-text\",\"/Anzeige|Sponsored|Promoted|Dipromosikan|Propagováno|Promoveret|Gesponsert|Promocionado|促銷內容|Post sponsorisé|프로모션|Post sponsorizzato|广告|プロモーション|Treść promowana|Patrocinado|Promovat|Продвигается|Marknadsfört|Nai-promote|ได้รับการโปรโมท|Öne çıkarılan içerik|Gepromoot|الترويج/\"]]}]]}","{\"selector\":\"[data-testid=\\\"product-grid\\\"] > div\",\"tasks\":[[\"has-text\",\"Sponsored\"]]}","{\"selector\":\".chakra-container\",\"tasks\":[[\"has-text\",\"Featured Items\"]]}","{\"selector\":\"center\",\"tasks\":[[\"has-text\",\"Advertisement\"]]}","{\"selector\":\".Ssfiu-\",\"tasks\":[[\"has-text\",\"/Patrocinado|Gesponsert|Sponsorisé|Sponsorizzato/\"]]}","{\"selector\":\"[data-testid=\\\"productCardListing\\\"]\",\"tasks\":[[\"has-text\",\"/Patrocinado|Gesponsert|Sponsorisé|Sponsorizzato/\"]]}","{\"selector\":\".row\",\"tasks\":[[\"has-text\",\"Advertisement\"]]}","{\"selector\":\".z-10.justify-center\",\"tasks\":[[\"has-text\",\"Advertisement\"]]}","{\"selector\":\"aside > [class]\",\"tasks\":[[\"has-text\",\"Advertisement\"]]}","{\"selector\":\".ipsColumns_collapsePhone.classes\",\"tasks\":[[\"has-text\",\"Our Sponsors\"]]}","{\"selector\":\"._3JhNDX\",\"tasks\":[[\"has-text\",\"Advertisement\"]]}","{\"selector\":\".jsx-2230096219\",\"tasks\":[[\"has-text\",\"ad\"]]}","{\"selector\":\".product-banner\",\"tasks\":[[\"has-text\",\"Sponsored\"]]}","{\"selector\":\"div.md\\\\:block\",\"tasks\":[[\"has-text\",\"Advertisement\"]]}","{\"selector\":\"div.product-tile\",\"tasks\":[[\"has\",{\"selector\":\"span\",\"tasks\":[[\"has-text\",\"Sponsored\"]]}]]}","{\"selector\":\"span[class*=\\\"productContaine\\\"]\",\"tasks\":[[\"has\",{\"selector\":\"div\",\"tasks\":[[\"has-text\",\"Sponsored\"]]}]]}","{\"selector\":\"article\",\"tasks\":[[\"has\",{\"selector\":\".Yw5es\",\"tasks\":[[\"has-text\",\"Sponsored\"]]}]]}","{\"selector\":\"ul[style^=\\\"padding: 0px; position: relative;\\\"] > li[class]\",\"tasks\":[[\"has-text\",\"Sponsored\"]]}","{\"selector\":\"section.section-chain--triple-image\",\"tasks\":[[\"has-text\",\"Property news from OneRoof\"]]}","{\"selector\":\"section\",\"tasks\":[[\"has-text\",\"Partner content\"]]}","{\"selector\":\".py-sm.group\",\"tasks\":[[\"has-text\",\"Sponsored\"]]}","{\"selector\":\"[class^=\\\"CitrusCatapult-styled__LeftContent\\\"]\",\"tasks\":[[\"has\",{\"selector\":\"div\",\"tasks\":[[\"has-text\",\"Sponsored\"]]}]]}","{\"selector\":\"[class^=\\\"HorizontalWidget\\\"]\",\"tasks\":[[\"has\",{\"selector\":\"div\",\"tasks\":[[\"has-text\",\"Sponsored\"]]}]]}","{\"selector\":\"li\",\"tasks\":[[\"has-text\",\"Sponsored\"]]}","{\"selector\":\".text-12\",\"tasks\":[[\"has-text\",\"Promoted\"]]}","{\"selector\":\".p24_tileContainer\",\"tasks\":[[\"has-text\",\"Sponsored\"]]}","{\"selector\":\".creative\",\"tasks\":[[\"has-text\",\"remove advertising\"]]}","{\"selector\":\"span\",\"tasks\":[[\"has-text\",\"or Subscribe\"]]}","{\"selector\":\".q-sticky[style*=\\\"box-sizing: border-box; position: sticky;\\\"]\",\"tasks\":[[\"has-text\",\"Advertisement\"]]}","{\"selector\":\".qModule\",\"tasks\":[[\"has-text\",\"Sponsored\"]]}","{\"selector\":\"div > header + div > div + div\",\"tasks\":[[\"has-text\",\"Sponsors\"]]}","{\"selector\":\".pt-grid-item\",\"tasks\":[[\"has\",{\"selector\":\"[data-testid=\\\"citrus-label\\\"]\",\"tasks\":[[\"has-text\",\"Sponsored\"]]}]]}","{\"selector\":\"section header[data-test=\\\"c006-container-wrapper\\\"]\",\"tasks\":[[\"has-text\",\"Sponsored\"]]}","{\"selector\":\"section[class=\\\"ln-o-section ln-u-hard-bottom ln-u-margin-top*2\\\"]\",\"tasks\":[[\"has-text\",\"Sponsored\"],[\"spath\",\" + section[class=\\\"ln-o-section ln-u-hard-bottom ln-u-margin-top*2\\\"]\"]]}","{\"selector\":\".title\",\"tasks\":[[\"has-text\",\"Advertisement\"]]}","{\"selector\":\"li[data-slide]\",\"tasks\":[[\"has-text\",\"Sponsored\"]]}","{\"selector\":\"p\",\"tasks\":[[\"has-text\",\"Sponsor Message\"]]}","{\"selector\":\"div.mb-28\",\"tasks\":[[\"has\",{\"selector\":\"span\",\"tasks\":[[\"has-text\",\"Ads\"]]}]]}","{\"selector\":\".marketplace-row\",\"tasks\":[[\"has-text\",\"Sponsored\"]]}","{\"selector\":\".suppress-rss\",\"tasks\":[[\"has\",{\"selector\":\"\",\"tasks\":[[\"has-text\",\"Supported by\"]]}]]}","{\"selector\":\"div[class^=\\\"css-\\\"]\",\"tasks\":[[\"has\",{\"selector\":\"> a\",\"tasks\":[[\"has\",{\"selector\":\"span\",\"tasks\":[[\"has-text\",\"Sponsored\"]]}]]}]]}","{\"selector\":\"div.swiper-slide\",\"tasks\":[[\"has-text\",\"Sponsored\"]]}","{\"selector\":\"li[class]\",\"tasks\":[[\"has-text\",\"Sponsored\"]]}","{\"selector\":\"div[class=\\\"N_YeYe\\\"]\",\"tasks\":[[\"has\",{\"selector\":\"> .shopee_ic\",\"tasks\":[[\"has-text\",\"Ad\"]]}]]}","{\"selector\":\"div[class=\\\"oMSmr0\\\"]\",\"tasks\":[[\"has\",{\"selector\":\"> .shopee_ic\",\"tasks\":[[\"has-text\",\"Ad\"]]}]]}","{\"selector\":\".fhitem-story.fhitem\",\"tasks\":[[\"has-text\",\"Sponsored Content\"]]}","{\"selector\":\"div.mb-6\",\"tasks\":[[\"has-text\",\"Advertisement\"]]}","{\"selector\":\"[style=\\\"text-align: center\\\"]\",\"tasks\":[[\"has-text\",\"sponsored\"]]}","{\"selector\":\"li.product-wrapper\",\"tasks\":[[\"has\",{\"selector\":\"span\",\"tasks\":[[\"has-text\",\"Sponsored\"]]}]]}","{\"selector\":\".is-visible\",\"tasks\":[[\"has-text\",\"Remove ads\"]]}","{\"selector\":\"#subHeader3\",\"tasks\":[[\"has-text\",\"daily deals\"]]}","{\"selector\":\".ProductRecsLink-sc-4mw94v-0\",\"tasks\":[[\"has\",{\"selector\":\"p\",\"tasks\":[[\"has-text\",\"sponsored\"]]}]]}","{\"selector\":\"[data-test=\\\"ProductCardVariantRecommendation\\\"]\",\"tasks\":[[\"has-text\",\"Sponsored\"]]}","{\"selector\":\"[data-test=\\\"productCardVariantRecommendation\\\"]\",\"tasks\":[[\"has-text\",\"Sponsored\"]]}","{\"selector\":\"div[class^=\\\"styles_productCardVariantMiniWrapper_\\\"]\",\"tasks\":[[\"has\",{\"selector\":\"div.h-text-sm\",\"tasks\":[[\"has-text\",\"Sponsored\"]]}]]}","{\"selector\":\"div[data-test=\\\"@web/ProductCard/ProductCardVariantAisle\\\"]\",\"tasks\":[[\"has-text\",\"Sponsored\"]]}","{\"selector\":\"div[data-test=\\\"@web/site-top-of-funnel/ProductCardWrapper\\\"]\",\"tasks\":[[\"has-text\",\"sponsored\"]]}","{\"selector\":\"div[class] > p\",\"tasks\":[[\"has-text\",\"Advertisements\"]]}","{\"selector\":\"table\",\"tasks\":[[\"has\",{\"selector\":\"> tbody > tr > td > a\",\"tasks\":[[\"has-text\",\"Advertisements\"]]}]]}","{\"selector\":\".EKDT7a3v\",\"tasks\":[[\"has-text\",\"AD\"]]}","{\"selector\":\".splide__slide\",\"tasks\":[[\"has-text\",\"AD\"]]}","{\"selector\":\".article-body > div\",\"tasks\":[[\"has-text\",\"[Advertisement]\"]]}","{\"selector\":\".item-card-container\",\"tasks\":[[\"has-text\",\"/^Ad$/\"]]}","{\"selector\":\"tbody\",\"tasks\":[[\"has-text\",\"Please visit our below advertisers\"]]}","{\"selector\":\".cAWGu\",\"tasks\":[[\"has\",{\"selector\":\"a\",\"tasks\":[[\"has-text\",\"Similar Sponsored Properties\"]]}]]}","{\"selector\":\".tkvEM\",\"tasks\":[[\"has-text\",\"Sponsored\"]]}","{\"selector\":\"[aria-label=\\\"Map marker\\\"]\",\"tasks\":[[\"has-text\",\"Sponsored\"]]}","{\"selector\":\"[data-test=\\\"SL_list_item\\\"]\",\"tasks\":[[\"has-text\",\"Sponsored\"]]}","{\"selector\":\"article\",\"tasks\":[[\"has-text\",\"Sponsored\"]]}","{\"selector\":\"h2[role=\\\"heading\\\"]\",\"tasks\":[[\"has-text\",\"/Promoted|Gesponsert|Promocionado|Sponsorisé|Sponsorizzato|Promowane|Promovido|Реклама|Uitgelicht|Sponsorlu|Promotert|Promoveret|Sponsrad|Mainostettu|Sponzorováno|Promovat|Ajánlott|Προωθημένο|Dipromosikan|Được quảng bá|推廣|推广|推薦|推荐|プロモーション|프로모션|ประชาสมพนธ|परचरत|বজঞপত|تشہیر شدہ|مروج|تبلیغی|מקודם/\"]]}","{\"selector\":\"li.ProductListingResults__productCard\",\"tasks\":[[\"has\",{\"selector\":\".ProductCard__badge\",\"tasks\":[[\"has-text\",\"Sponsored\"]]}]]}","{\"selector\":\".ipsSideBlock.clearfix\",\"tasks\":[[\"has-text\",\"Affiliates\"]]}","{\"selector\":\".form-group center\",\"tasks\":[[\"has-text\",\"Advertisement\"]]}","{\"selector\":\".code-block\",\"tasks\":[[\"has-text\",\"ADVERTISEMENT\"]]}","{\"selector\":\"button\",\"tasks\":[[\"has\",{\"selector\":\"> div > div > div > span\",\"tasks\":[[\"has-text\",\"Sponsored\"]]}]]}","{\"selector\":\"div\",\"tasks\":[[\"has\",{\"selector\":\"> div > div > div > div > div > p\",\"tasks\":[[\"has-text\",\"Sponsored\"]]}]]}","{\"selector\":\"[dir=\\\"auto\\\"]\",\"tasks\":[[\"has-text\",\"ADVERTISEMENT\"]]}","{\"selector\":\".uppercase.text-xs\",\"tasks\":[[\"has-text\",\"Advertisement\"]]}","{\"selector\":\".leading-3\",\"tasks\":[[\"has-text\",\"Advertisement\"]]}","{\"selector\":\".md\\\\:block.dark\\\\:bg-ramones\",\"tasks\":[[\"has-text\",\"Advertisement\"]]}","{\"selector\":\"[width]\",\"tasks\":[[\"has-text\",\"ADVERTISEMENT\"]]}","{\"selector\":\".ta_c\",\"tasks\":[[\"has-text\",\"Sponsored\"]]}","{\"selector\":\"li.b_algo:has(.rms_img[src*=\\\"id=ODLS.A2450BEC-5595-40BA-9F13-D9EC6AB74B9F\\\"])\",\"tasks\":[[\"has\",{\"selector\":\".tptt\",\"tasks\":[[\"has-text\",\"/^([Aa]mazon(\\\\.[acdefinps][aeglnorst]m?\\\\.?[abjmtu]?[kprux]?)?|Best Buy|Booking\\\\.com|eBay|eDreams|Lenovo US|Trip\\\\.com|Tripadvisor|Walmart)$/\"]]}]]}","{\"selector\":\".banner\",\"tasks\":[[\"has-text\",\"/Sponsorizzato|Sponsorowane|Sponsorizat|Sponzorováno|Szponzorált|Спонсорирани|Sponsored|Gesponsert/\"]]}","{\"selector\":\".product\",\"tasks\":[[\"has-text\",\"/Sponsorizzato|Sponsorowane|Sponsorizat|Sponzorováno|Szponzorált|Спонсорирани|Sponsored|Gesponsert/\"]]}","{\"selector\":\".AaFRW\",\"tasks\":[[\"has-text\",\"Sponsored\"]]}","{\"selector\":\"div > div[io-id]\",\"tasks\":[[\"has-text\",\"Sponsored\"]]}","{\"selector\":\"div[role=\\\"group\\\"]\",\"tasks\":[[\"has\",{\"selector\":\"div\",\"tasks\":[[\"has-text\",\"/Sponsored|Commandité/\"]]}]]}","{\"selector\":\"main[class^=\\\"searchResultsContainer\\\"] li h2\",\"tasks\":[[\"has-text\",\"Sponsored\"]]}","{\"selector\":\".cUDaEv\",\"action\":[\"style\",\"margin-top:162px !important;\"],\"cssable\":true}","{\"selector\":\".gZyLpV .mobile-header\",\"action\":[\"style\",\"margin-top:0 !important;\"],\"cssable\":true}","{\"selector\":\".iOxiqE .mobile-header\",\"action\":[\"style\",\"margin-top:0 !important;\"],\"cssable\":true}","{\"selector\":\"[data-testid=\\\"commercial-above-header-box-1\\\"]\",\"action\":[\"remove\",\"\"]}","{\"selector\":\".bg-white\\\\/50.border.p-8\",\"action\":[\"style\",\"visibility:hidden !important;\"],\"cssable\":true}","{\"selector\":\"#o-site-hr__leaderboard-wallpaper.u-show-for-xlarge\",\"action\":[\"remove\",\"\"]}","{\"selector\":\"#readerChromeOverlayBottom.readerChromeOverlayBottom-banner-desktop\",\"action\":[\"style\",\"bottom:0 !important;\"],\"cssable\":true}","{\"selector\":\".video-player--stream-display-ad_lower-third\",\"action\":[\"style\",\"height:100% !important;\"],\"cssable\":true}","{\"selector\":\".video-holder > center > *\",\"tasks\":[[\"has-text\",\"/^Advertisement$/\"]]}","{\"selector\":\".ct-related-videos-title\",\"tasks\":[[\"has-text\",\"Advertisement\"]]}","{\"selector\":\".ct-related-videos-title\",\"tasks\":[[\"has-text\",\"You may also like\"]]}","{\"selector\":\".money\",\"tasks\":[[\"has\",{\"selector\":\".century\",\"tasks\":[[\"has-text\",\"ADS\"]]}]]}","{\"selector\":\".block_label--last\",\"tasks\":[[\"has-text\",\"Advertisement\"]]}","{\"selector\":\".bn-title\",\"tasks\":[[\"has-text\",\"Advertising\"]]}","{\"selector\":\".row\",\"tasks\":[[\"has-text\",\"Promotion Bot\"]]}","{\"selector\":\".items-center\",\"tasks\":[[\"has-text\",\"/^ad$/\"]]}","{\"selector\":\"[role=\\\"gridcell\\\"]\",\"tasks\":[[\"has-text\",\"/^AD$/\"]]}","{\"selector\":\".content > div[class]:not([class*=\\\"-\\\"])\",\"action\":[\"style\",\"min-height:40px !important;\"],\"cssable\":true}","{\"selector\":\".top-content > div[class]:not([class*=\\\"-\\\"])\",\"action\":[\"style\",\"min-height:40px !important;\"],\"cssable\":true}","{\"selector\":\".clean-grid-grid-post:has(> [id^=\\\"otomi-\\\"] + .clean-grid-grid-post-details-full)\",\"action\":[\"remove\",\"\"]}"],"selectorLists":["0,1","2","3","4","5","163,6","7","8","9","10","11","12","116,13,30,31,32","14","15,157,158","16","17,18,199","19,192,193","20","21","22","23","24","25","26","27","28","29","30,31,32","115,116,30,31","116,30,31,32","33","34,35","36","37","38,39","38","40","41","42","43","44","45","46,47","48","49","50","51","52","53","54","55","56","57","58","59","60","61","62","62,63","64","65,66","67","68","69","70","71","72,73","74","75","76,77","78","208,79,80","81","82","83","84","85","86","129,86","87","88","89,90","91","92","93","94","95,96,97","98","100,101,99","102,103,104","105","106,107,108","109","110","111,112,113,114","117","118,119","120","121","122","123","124","125","126","127","128","130,131","132,133","134","135,136,137","138","139","140","141","142","143","144","145,146,147","148","149","150","151","152","153","154","155,156","159","160","161","162","164","165,166,167,168,169,170","171","172","173,174","175","176","177","178,179,180,181","182","183","184","185","186","187","188,189","190","191","194","195,196","197,198","200,201","202","203,204,205","206","207","209","210","211","212,213","214","215","216","217","218,219","220,221","222"],"selectorListRefs":[141,0,63,153,42,60,73,73,87,28,35,116,150,66,93,151,79,135,142,19,144,146,147,30,159,20,47,35,166,91,92,93,110,115,119,19,126,14,158,152,17,55,57,35,62,9,75,19,1,29,97,101,104,163,164,12,3,36,132,18,21,27,33,39,45,46,19,28,162,28,165,19,124,125,8,128,130,15,7,35,140,141,30,154,40,49,51,52,54,156,70,71,72,77,80,131,95,98,113,19,117,13,120,127,129,19,10,143,25,34,160,35,74,82,84,90,19,94,35,100,35,107,19,109,157,65,16,145,148,149,19,48,19,32,33,37,44,65,68,76,161,96,99,102,105,35,108,35,112,114,19,5,19,155,64,35,78,81,88,35,167,111,96,121,35,136,137,139,23,26,31,11,59,61,4,93,35,82,35,118,122,133,134,138,22,6,41,50,53,83,35,103,106,123,24,58,67,85,86,35,38,56,82,35,35,43,35,19,35,35,35,28,35,89,2,30,28,69,28],"hostnames":["x.com","yts.*","dev.to","yelp.*","bjs.com","cvs.com","eztv.tf","eztv.yt","heb.com","maxi.ca","mrt.com","qvc.com","bing.com","digg.com","ktar.com","modivo.*","noon.com","temu.com","ulta.com","vons.com","wings.io","wolt.com","woot.com","zehrs.ca","4wank.com","agoda.com","boots.com","chron.com","hitomi.la","kijiji.ca","kogan.com","ksltv.com","petco.com","quora.com","salon.com","shaws.com","shipt.com","shopee.sg","twitch.tv","walmart.*","yahoo.com","coolors.co","costco.com","ctpost.com","decrypt.co","defkey.com","fiverr.com","haggen.com","kaufland.*","loblaws.ca","manomano.*","neowin.net","newegg.com","okxxx1.com","porn-w.org","provigo.ca","rclone.org","sfgate.com","target.com","404media.co","alibaba.com","argos.co.uk","backpack.tf","bestbuy.com","bolnews.com","booking.com","carrsqc.com","fortinos.ca","hotmovs.com","nofrills.ca","reddxxx.com","safeway.com","semafor.com","sephora.com","sfyimby.com","songbpm.com","sprouts.com","staples.com","theblock.co","thehour.com","tumlook.com","twitter.com","valumart.ca","benzinga.com","bitchute.com","china.ahk.de","coincarp.com","coindesk.com","coles.com.au","datanodes.to","dropstab.com","engadget.com","euronews.com","foodlion.com","fxempire.com","gsmarena.com","linkedin.com","mapchart.net","psprices.com","randalls.com","regex101.com","rome2rio.com","samsclub.com","slashdot.org","spigotmc.org","tomthumb.com","tympanus.net","vpforums.org","app.daily.dev","bayequest.com","crocotube.com","ctinsider.com","filehippo.com","giantfood.com","hannaford.com","instagram.com","jewelosco.com","leadership.ng","lmtonline.com","mobalytics.gg","newstimes.com","nordstrom.com","pavilions.com","perplexity.ai","read.amazon.*","thesaurus.com","tripadvisor.*","wltreport.com","www.yahoo.com","yourstory.com","albertsons.com","aliexpress.com","andronicos.com","autotrader.com","backpacktf.com","beincrypto.com","blockchair.com","dictionary.com","dotesports.com","foobar2000.org","hdpornpics.net","lovenovels.net","mapquest.co.uk","nerdwallet.com","news.yahoo.com","nhregister.com","nzherald.co.nz","ourmidland.com","property24.com","pushsquare.com","starmarket.com","stocktwits.com","acmemarkets.com","dailystar.co.uk","dexscreener.com","expressnews.com","freshdirect.com","gamersnexus.net","historic-uk.com","myplainview.com","otomi-games.com","producthunt.com","scamwarners.com","sciencenews.org","sfchronicle.com","thedailywtf.com","thingiverse.com","tripadvisor.com","anfieldindex.com","appleinsider.com","autotrader.co.uk","classcentral.com","cruisecritic.com","deccanherald.com","kids-in-mind.com","kslnewsradio.com","manisteenews.com","martinsfoods.com","mysanantonio.com","sainsburys.co.uk","search.yahoo.com","techonthenet.com","telugupeople.com","tossinggames.com","amusingplanet.com","autoevolution.com","bitcoinsensus.com","cleantechnica.com","cointelegraph.com","globalchinaev.com","greenwichtime.com","netflixjunkie.com","noelleeming.co.nz","seattleweekly.com","animalfunfacts.net","cruisecritic.co.uk","docs.openwebui.com","haveibeenpwned.com","health.harvard.edu","michigansthumb.com","belloflostsouls.net","corvetteblogger.com","giantfoodstores.com","middletownpress.com","registercitizen.com","bleepingcomputer.com","houstonchronicle.com","kingsfoodmarkets.com","myjournalcourier.com","stamfordadvocate.com","theintelligencer.com","atlanticsuperstore.ca","beaumontenterprise.com","infographicjournal.com","magazine.raspberrypi.com","yourindependentgrocer.ca","realcanadiansuperstore.ca","downforeveryoneorjustme.com","newfoundlandgrocerystores.ca"],"hasEntities":true}