{"selectors":["{\"selector\":\"html[class^=\\\"loading\\\"]\",\"action\":[\"style\",\"visibility: visible !important;\"],\"cssable\":true}","{\"selector\":\".inviewSection:not(.is-show)\",\"action\":[\"style\",\"transform: translateY(0) !important; opacity: 1 !important;\"],\"cssable\":true}","{\"selector\":\"body[style=\\\"opacity: 0;\\\"]\",\"action\":[\"style\",\"opacity: 1 !important;\"],\"cssable\":true}"],"selectorLists":["0","1","2"],"selectorListRefs":[0,1,2,2],"hostnames":["anikore.jp","e-begin.jp","bitdefender.com","mustar.meitetsu.co.jp"],"hasEntities":false}