{"selectors":["{\"selector\":\"#topBannerContainer.perte-desktop\",\"action\":[\"style\",\"display: block !important; visibility: collapse !important; position: absolute !important;\"],\"cssable\":true}","{\"selector\":\".perte-mobil ins.adsbygoogle\",\"action\":[\"style\",\"display: none !important;\"],\"cssable\":true}","{\"selector\":\".adci\",\"action\":[\"style\",\"display: none !important;\"],\"cssable\":true}","{\"selector\":\".sweet-ads\",\"action\":[\"style\",\"display: none !important;\"],\"cssable\":true}","{\"selector\":\"#wrapfabtest\",\"action\":[\"style\",\"height: 1px !important;\"],\"cssable\":true}","{\"selector\":\"body\",\"action\":[\"style\",\"overflow: auto !important;\"],\"cssable\":true}","{\"selector\":\"#overlay\",\"action\":[\"style\",\"display: none !important;\"],\"cssable\":true}","{\"selector\":\".qiota_onboard:has(> div.AdBlockModal)\",\"action\":[\"style\",\"display: none !important;\"],\"cssable\":true}","{\"selector\":\"body\",\"action\":[\"style\",\"overflow-y: auto !important;\"],\"cssable\":true}","{\"selector\":\"#abDetectorModal\",\"action\":[\"style\",\"display: none !important;\"],\"cssable\":true}","{\"selector\":\"#adblock_msg\",\"action\":[\"style\",\"display: none !important;\"],\"cssable\":true}","{\"selector\":\"#mywraptest\",\"action\":[\"style\",\"height: 1px !important;\"],\"cssable\":true}","{\"selector\":\"body[style^=\\\"overflow:\\\"]\",\"action\":[\"style\",\"overflow: auto !important;\"],\"cssable\":true}","{\"selector\":\".publicite.text-ad.adsbox\",\"action\":[\"style\",\"display: block !important;\"],\"cssable\":true}","{\"selector\":\".popup-adblocker\",\"action\":[\"style\",\"display: none !important;\"],\"cssable\":true}","{\"selector\":\"body\",\"action\":[\"style\",\"overflow: visible !important;\"],\"cssable\":true}","{\"selector\":\".AdBox.Ligatus.pub_300x250.pub_300x250m.pub_728x90.text-ad.textAd.text_ad.text_ads.text-ads.text-ad-links\",\"action\":[\"style\",\"display: block !important;\"],\"cssable\":true}","{\"selector\":\".noBlock__content\",\"action\":[\"style\",\"display: none!important;\"],\"cssable\":true}","{\"selector\":\"body.no-scroll\",\"action\":[\"style\",\"overflow: auto!important;\"],\"cssable\":true}","{\"selector\":\".adsbox.ad-banner:not([style=\\\"height: 5px; width: 5px; position: absolute; top: 0;\\\"]):not(.blocker-tester + .ad-banner)\",\"action\":[\"style\",\"display: block !important;\"],\"cssable\":true}","{\"selector\":\".pub_300x250.pub_300x250m.pub_728x90.text-ad.textAd.text_ad.text_ads.text-ads.text-ad-links\",\"action\":[\"style\",\"display: block !important;\"],\"cssable\":true}","{\"selector\":\".ads.ad.adsbox.ad-placement.carbon-ads\",\"action\":[\"style\",\"display: block !important;\"],\"cssable\":true}","{\"selector\":\"body > iframe:not([src])\",\"action\":[\"style\",\"position: absolute !important; left: -3000px !important;\"],\"cssable\":true}","{\"selector\":\"#donation\",\"action\":[\"style\",\"display: none !important;\"],\"cssable\":true}","{\"selector\":\"#msg_ads\",\"action\":[\"style\",\"display: none !important;\"],\"cssable\":true}","{\"selector\":\".site_content\",\"action\":[\"style\",\"margin-top: 0 !important;\"],\"cssable\":true}","{\"selector\":\".sticky-wrapper\",\"action\":[\"style\",\"height: auto !important;\"],\"cssable\":true}","{\"selector\":\"html > body.hasHabillage\",\"action\":[\"style\",\"padding-top: 0 !important;\"],\"cssable\":true}","{\"selector\":\"#advert-bg-top\",\"action\":[\"style\",\"visibility: hidden !important; height: 0 !important;\"],\"cssable\":true}","{\"selector\":\".topad\",\"action\":[\"style\",\"min-height: 0 !important; height: 0 !important; padding: 0 !important;\"],\"cssable\":true}","{\"selector\":\"html.async-hide\",\"action\":[\"style\",\"opacity: 1 !important;\"],\"cssable\":true}","{\"selector\":\".is-remaining-chicken\",\"action\":[\"style\",\"position: absolute !important; left: -9999px !important;\"],\"cssable\":true}","{\"selector\":\"header\",\"action\":[\"style\",\"top: 0 !important;\"],\"cssable\":true}","{\"selector\":\".nb\",\"action\":[\"style\",\"padding-top: 0 !important;\"],\"cssable\":true}","{\"selector\":\"body.ContentDetailComponent #p6GalleryWrapper.showed\",\"action\":[\"style\",\"display: none !important;\"],\"cssable\":true}","{\"selector\":\"body .container-ads + *:not(#style_important)\",\"action\":[\"style\",\"padding-top: 0 !important;\"],\"cssable\":true}","{\"selector\":\"body .container-ads + .tranche:not(#style_important)\",\"action\":[\"style\",\"padding-top: 50px !important;\"],\"cssable\":true}","{\"selector\":\"body .container-ads + .header-ariane:not(#style_important)\",\"action\":[\"style\",\"padding-top: 0 !important;\"],\"cssable\":true}","{\"selector\":\"body .container-ads ~ .tranche.section-article:not(#style_important)\",\"action\":[\"style\",\"padding-top: 0 !important;\"],\"cssable\":true}","{\"selector\":\"html > body:not(#style_important)\",\"action\":[\"style\",\"margin-top: 0 !important;\"],\"cssable\":true}","{\"selector\":\".header-space\",\"action\":[\"style\",\"height: 10px !important;\"],\"cssable\":true}","{\"selector\":\".main\",\"action\":[\"style\",\"margin-top: 10px!important;\"],\"cssable\":true}","{\"selector\":\"#wrapper-publicite\",\"action\":[\"style\",\"padding-top: 0 !important;\"],\"cssable\":true}","{\"selector\":\"#page-body div[style*=\\\"visibility: visible !important; display: block !important; opacity:\\\"]:not([class]):not([id])\",\"action\":[\"style\",\"position: absolute !important; left: -3000px !important;\"],\"cssable\":true}","{\"selector\":\".three-col tr > td > div[style*=\\\"visibility: visible !important; display: block !important; opacity:\\\"]:not([class]):not([id])\",\"action\":[\"style\",\"position: absolute !important; left: -3000px !important;\"],\"cssable\":true}","{\"selector\":\".inner > div[style*=\\\"visibility: visible !important; display: block !important; opacity:\\\"]:not([class]):not([id])\",\"action\":[\"style\",\"position: absolute !important; left: -3000px !important;\"],\"cssable\":true}","{\"selector\":\"#main-content > div[style*=\\\"visibility: visible !important; display: block !important; opacity:\\\"]:not([class]):not([id])\",\"action\":[\"style\",\"position: absolute !important; left: -3000px !important;\"],\"cssable\":true}","{\"selector\":\"#jSidebarSticky\",\"action\":[\"style\",\"min-height: 0 !important;\"],\"cssable\":true}","{\"selector\":\"body > #main[style^=\\\"margin-top:\\\"]\",\"action\":[\"style\",\"margin-top: 10px !important;\"],\"cssable\":true}","{\"selector\":\"body.td-ad-background-link\",\"action\":[\"style\",\"cursor: auto!important;\"],\"cssable\":true}","{\"selector\":\".adsbygoogle\",\"action\":[\"style\",\"height: 1px!important; visibility:hidden!important;\"],\"cssable\":true}","{\"selector\":\".preview-tabs-controls li\",\"action\":[\"style\",\"height: auto!important;\"],\"cssable\":true}","{\"selector\":\"#motherboard\",\"action\":[\"style\",\"top: 30px!important;\"],\"cssable\":true}","{\"selector\":\".stickySidePClong\",\"action\":[\"style\",\"min-height: auto !important;\"],\"cssable\":true}","{\"selector\":\"div[id^=\\\"ad-slot\\\"]\",\"action\":[\"style\",\"display: none !important;\"],\"cssable\":true}","{\"selector\":\"html.v-overlay-scroll-blocked\",\"action\":[\"style\",\"position: static !important;\"],\"cssable\":true}","{\"selector\":\"body > .v-overlay-container:has(> div[aria-label=\\\"Interstitiel\\\"])\",\"action\":[\"style\",\"display: none !important;\"],\"cssable\":true}","{\"selector\":\".BodyContent\",\"action\":[\"style\",\"margin-top: 0 !important;\"],\"cssable\":true}","{\"selector\":\".items-center > p.text-sm\",\"tasks\":[[\"has-text\",\"/^Cliquer sur une pub est le meilleur moyen de nous soutenir.$/\"]]}","{\"selector\":\"#Banniere-Haute\",\"action\":[\"style\",\"min-height: 0 !important; visibility: hidden !important;\"],\"cssable\":true}","{\"selector\":\"p.text-right\",\"tasks\":[[\"has-text\",\"/^Publicité$/\"]]}","{\"selector\":\".place-items-center\",\"tasks\":[[\"has\",{\"selector\":\"> div:only-child:not([class], [id]) > p.text-right\",\"tasks\":[[\"has-text\",\"/^Publicité$/\"]]}]]}","{\"selector\":\".zone > div.area\",\"tasks\":[[\"has\",{\"selector\":\"> div.area__title > p\",\"tasks\":[[\"has-text\",\"Contenus partenaires\"]]}]]}","{\"selector\":\".fig-footer-ranking > div.fig-grid4\",\"tasks\":[[\"has\",{\"selector\":\"> span.fig-grid4__main-title\",\"tasks\":[[\"has-text\",\"Partenaires\"]]}]]}","{\"selector\":\"span[shape=\\\"circle\\\"] + span\",\"tasks\":[[\"has-text\",\"Publicité\"],[\"upward\",2]]}","{\"selector\":\".l-section\",\"tasks\":[[\"has\",{\"selector\":\"> div.l-section-h > div.g-cols > div > div.vc_column-inner > div.wpb_wrapper > div.w-separator > div.w-separator-h > h6 > span\",\"tasks\":[[\"has-text\",\"Publicité\"]]}]]}","{\"selector\":\"#main-container .blog__content\",\"tasks\":[[\"has\",{\"selector\":\"> .title-wrap--pr > h3\",\"tasks\":[[\"has-text\",\"Annonces\"]]}]]}","{\"selector\":\".g-bg-gray-light-v4 > .text-center\",\"tasks\":[[\"has-text\",\"/^Publicité$/\"]]}","{\"selector\":\"#blockPubGalleryWrapper\",\"action\":[\"remove\",\"\"]}","{\"selector\":\".col-xl-4 > .align-items-center > .text-right > span\",\"tasks\":[[\"has-text\",\"/^PUBLICITÉ$/\"]]}","{\"selector\":\"#mainContent > div > div#lht-space-ad\",\"tasks\":[[\"upward\",1]]}","{\"selector\":\".container-fluid > .mt-1 > h3\",\"tasks\":[[\"has-text\",\"/^Liens commerciaux$/\"]]}","{\"selector\":\"div[align=\\\"center\\\"]\",\"tasks\":[[\"has-text\",\"PUBLICITÉ\"]]}","{\"selector\":\".article-list > .article-list__item\",\"tasks\":[[\"has\",{\"selector\":\"> .article-list__text-wrapper > a > .article-list__label\",\"tasks\":[[\"has-text\",\"/^Contenu sponsorisé$/\"]]}]]}","{\"selector\":\"#side > div[style^=\\\"float\\\"]\",\"tasks\":[[\"has\",{\"selector\":\"> div\",\"tasks\":[[\"has-text\",\"/^Publicité$/\"]]}]]}","{\"selector\":\"#side > div[style^=\\\"float\\\"]\",\"tasks\":[[\"has\",{\"selector\":\"> h2\",\"tasks\":[[\"has-text\",\"/^Partenaires$/\"]]}]]}","{\"selector\":\"#node-story > h2.story_subtitle_title\",\"tasks\":[[\"has-text\",\"/^Ailleurs sur le web$/\"]]}","{\"selector\":\".sticky-sidebar-block > div.bloc\",\"tasks\":[[\"has-text\",\"Annonces légales\"]]}","{\"selector\":\".af-album-ctn > div.cols-right-album > div.ad-container\",\"tasks\":[[\"upward\",1]]}","{\"selector\":\"div[class^=\\\"sc-\\\"] > div[class^=\\\"sc-\\\"] > div[id^=\\\"RAD_\\\"]\",\"tasks\":[[\"upward\",2]]}","{\"selector\":\"div[style=\\\"min-height: 0px;\\\"] > div[class^=\\\"css-\\\"] > div[class^=\\\"css-\\\"] > div[data-m32-ad]\",\"tasks\":[[\"upward\",2]]}","{\"selector\":\".habpage\",\"action\":[\"remove\",\"\"]}","{\"selector\":\"div[class^=\\\"pub\\\"]\",\"tasks\":[[\"has-text\",\"adsbygoogle\"]]}","{\"selector\":\".posts-list-row > .posts-list-row-item > .card-item > .ad-wrapper\",\"tasks\":[[\"upward\",2]]}","{\"selector\":\".posts-list-row > .posts-list-row-item > .card-item > div[data-ad-unit-path]\",\"tasks\":[[\"upward\",2]]}","{\"selector\":\"div[id^=\\\"custom-gpt-\\\"]\",\"tasks\":[[\"upward\",\"div\"]]}","{\"selector\":\".app-main > article.post > div:not([class^=\\\"entry-\\\"]):not([class^=\\\"comments-\\\"])\",\"tasks\":[[\"has-text\",\"Article sponsorisé\"]]}","{\"selector\":\"#fullad-active\",\"action\":[\"remove\",\"\"]}","{\"selector\":\".discussion_box > .post_simple_contener\",\"tasks\":[[\"has\",{\"selector\":\"> .post_simple > .postsimple_post_cell > .postsimple_head_cell > .postsimple_poster_info > div > .postsimple_pseudo > a > span\",\"tasks\":[[\"has-text\",\"/^Auto-promo$/\"]]}]]}","{\"selector\":\"#sidebar-right > div.blockbox\",\"tasks\":[[\"has\",{\"selector\":\"> div.sidetitle > i\",\"tasks\":[[\"has-text\",\"Annonces\"]]}]]}","{\"selector\":\"[class$=\\\"Container-right\\\"] > div.m-top-md\",\"tasks\":[[\"has\",{\"selector\":\"> div > span\",\"tasks\":[[\"has-text\",\"Publicité\"]]}]]}","{\"selector\":\".results-container > div.result\",\"tasks\":[[\"has\",{\"selector\":\"> div.url > span.info\",\"tasks\":[[\"has-text\",\"Annonce\"]]}]]}","{\"selector\":\".main-right > h2\",\"tasks\":[[\"has-text\",\"Partenaires\"]]}","{\"selector\":\".post > aside.sidebar-before-comments\",\"tasks\":[[\"has\",{\"selector\":\"> [class=\\\"default-title\\\"] > span\",\"tasks\":[[\"has-text\",\"/Ailleurs sur le web|A lire sur le même sujet/\"]]}]]}","{\"selector\":\"a[data-test-id]\",\"tasks\":[[\"has\",{\"selector\":\"[class]\",\"tasks\":[[\"has-text\",\"Sponsorisé\"]]}]]}","{\"selector\":\"section > div[class]\",\"tasks\":[[\"has\",{\"selector\":\"> p\",\"tasks\":[[\"has-text\",\"/^Publicité$/\"]]}]]}","{\"selector\":\".main ~ table.messagetable > tbody > tr.message div[id^=\\\"div-gpt-ad-\\\"]\",\"tasks\":[[\"upward\",\"table.messagetable\"]]}","{\"selector\":\".v-container\",\"tasks\":[[\"has\",{\"selector\":\".o-section-heading\",\"tasks\":[[\"has-text\",\"/Ad|Publicité|Sponsored|Sponsorisées|Stores à la une|إعلان|إعلانات في المقدمة|متاجر في المقدمة/\"]]}]]}","{\"selector\":\"section\",\"tasks\":[[\"has\",{\"selector\":\".brand\",\"tasks\":[[\"has-text\",\"sponsorisé\"]]}]]}","{\"selector\":\"a[data-test-id]\",\"tasks\":[[\"has\",{\"selector\":\"[class]\",\"tasks\":[[\"has-text\",\"/À la une|Sponsorisé|Urgent/\"]]}]]}","{\"selector\":\"[data-testid=\\\"tweet\\\"]\",\"tasks\":[[\"has-text\",\"Sponsorisé\"]]}","{\"selector\":\"a\",\"tasks\":[[\"has-text\",\"/ANONYME|Anonyme|anonyme|gratuits|PREMIUM|Premium|premium|RAPIDE|Rapide|Usenet|VPN|Vpn/\"]]}","{\"selector\":\"div[style]\",\"tasks\":[[\"has-text\",\"/adsby|ANONYME|Anonyme|anonyme|gratuits|premium|Usenet|VPN|Vpn/\"]]}","{\"selector\":\"table[style]\",\"tasks\":[[\"has-text\",\"/adsby|ANONYME|Anonyme|anonyme|gratuits|premium|Usenet|VPN|Vpn/\"],[\"spath\",\"e\"]]}","{\"selector\":\".clusterTop\",\"tasks\":[[\"has\",{\"selector\":\".teaser\",\"tasks\":[[\"has\",{\"selector\":\"h3\",\"tasks\":[[\"has-text\",\"Paid Post\"]]}]]}]]}","{\"selector\":\".hz-Listing--list-item\",\"tasks\":[[\"has\",{\"selector\":\".hz-Listing-priority\",\"tasks\":[[\"has-text\",\"Pub au top\"]]}]]}","{\"selector\":\".hz-Listing--list-item\",\"tasks\":[[\"has\",{\"selector\":\".hz-Listing-seller-link\",\"tasks\":[[\"has-text\",\"Visiter le site internet\"]]}]]}","{\"selector\":\".td_block_wrap\",\"tasks\":[[\"has\",{\"selector\":\".block-title\",\"tasks\":[[\"has-text\",\"sponsorisés\"]]}]]}","{\"selector\":\"._2FypS\",\"tasks\":[[\"has\",{\"selector\":\"._1rKqn\",\"tasks\":[[\"has-text\",\"/AD|Annonce|إعلان/\"]]}]]}","{\"selector\":\".search-item-card-wrapper-gallery\",\"tasks\":[[\"has\",{\"selector\":\"[class^=\\\"multi--ax\\\"]\",\"tasks\":[[\"has-text\",\"/AD|Annonce|إعلان/\"]]}]]}","{\"selector\":\".news-card\",\"tasks\":[[\"has-text\",\"Sponsorisé\"]]}","{\"selector\":\".boutonlink\",\"tasks\":[[\"has\",{\"selector\":\"a\",\"tasks\":[[\"has-text\",\"/VPN|rencontre/\"]]}]]}","{\"selector\":\".bp-fin\",\"tasks\":[[\"has\",{\"selector\":\"a\",\"tasks\":[[\"has-text\",\"/VPN|rencontre/\"]]}]]}","{\"selector\":\".breve\",\"tasks\":[[\"has\",{\"selector\":\".breve-info\",\"tasks\":[[\"has-text\",\"Sponsorisé\"]]}]]}","{\"selector\":\"[data-bltgi*=\\\"ProductList_\\\"]\",\"tasks\":[[\"has-text\",\"Sponsorisé\"]]}","{\"selector\":\".post-nonfeatured\",\"tasks\":[[\"has\",{\"selector\":\".title-studio\",\"tasks\":[[\"has-text\",\"Contenu Sponsorisé\"]]}]]}","{\"selector\":\".ccm_list_catch__item\",\"tasks\":[[\"has-text\",\"Sponsored\"]]}","{\"selector\":\".o-block\",\"tasks\":[[\"has\",{\"selector\":\".o-block__content:has(.c-sponsoredMentions)\"}]]}","{\"selector\":\"li\",\"tasks\":[[\"has\",{\"selector\":\".prdtBlocInline:has(.c-sponsoredMentions)\"}]]}","{\"selector\":\"section\",\"tasks\":[[\"has\",{\"selector\":\"> span\",\"tasks\":[[\"has-text\",\"/^Sponsorisé/\"]]}]]}","{\"selector\":\".riverPost\",\"tasks\":[[\"has\",{\"selector\":\".tag-desktop\",\"tasks\":[[\"has-text\",\"Publicité\"]]}]]}","{\"selector\":\".ccm_list_catch__item\",\"tasks\":[[\"has-text\",\"Annonces\"]]}","{\"selector\":\".product-item\",\"tasks\":[[\"has-text\",\"Sponsorisé\"]]}","{\"selector\":\".bot-card\",\"tasks\":[[\"has\",{\"selector\":\".lib\",\"tasks\":[[\"has-text\",\"Promoted\"]]}]]}","{\"selector\":\".bot-card\",\"tasks\":[[\"has\",{\"selector\":\".lib:has(img)\"}]]}","{\"selector\":\".News1\",\"tasks\":[[\"has\",{\"selector\":\"td\",\"tasks\":[[\"has-text\",\"Sponsored\"]]}]]}","{\"selector\":\"[id^=\\\"nume_html_\\\"]\",\"tasks\":[[\"has\",{\"selector\":\".mfe-card-group\",\"tasks\":[[\"has\",{\"selector\":\".mfe-card-group-title\",\"tasks\":[[\"has-text\",\"sponsorisées\"]]}]]}]]}","{\"selector\":\"[id^=\\\"nume_html_\\\"]\",\"tasks\":[[\"has\",{\"selector\":\".mfe-header\",\"tasks\":[[\"has\",{\"selector\":\".mfe-pull-left\",\"tasks\":[[\"has-text\",\"sponsorisés\"]]}]]}]]}","{\"selector\":\".postcontainer\",\"tasks\":[[\"has\",{\"selector\":\".username\",\"tasks\":[[\"has-text\",\"Publicité\"]]}]]}","{\"selector\":\".highlight-item\",\"tasks\":[[\"has\",{\"selector\":\".word-wrapper\",\"tasks\":[[\"has-text\",\"sponso\"]]}]]}","{\"selector\":\".item.full.gameblog\",\"tasks\":[[\"has\",{\"selector\":\".post-details\",\"tasks\":[[\"has-text\",\"sponsorisé\"]]}]]}","{\"selector\":\".news-bloc\",\"tasks\":[[\"has\",{\"selector\":\".article-type\",\"tasks\":[[\"has-text\",\"Sponsorisé\"]]}]]}","{\"selector\":\"article\",\"tasks\":[[\"has\",{\"selector\":\".sidebar-artitle\",\"tasks\":[[\"has-text\",\"/📣|📌/\"]]}]]}","{\"selector\":\"article\",\"tasks\":[[\"has\",{\"selector\":\"h2\",\"tasks\":[[\"has-text\",\"/📣|📌/\"]]}]]}","{\"selector\":\"article\",\"tasks\":[[\"has\",{\"selector\":\".date\",\"tasks\":[[\"has-text\",\"Sponso\"]]}]]}","{\"selector\":\".anchorMiddleOne\",\"tasks\":[[\"has\",{\"selector\":\".badge\",\"tasks\":[[\"has-text\",\"Sponsorisé\"]]}]]}","{\"selector\":\".anchorWrapper\",\"tasks\":[[\"has\",{\"selector\":\".cardHorizontalList__footer\",\"tasks\":[[\"has-text\",\"Sponsorisé\"]]}]]}","{\"selector\":\".card\",\"tasks\":[[\"has\",{\"selector\":\".badge\",\"tasks\":[[\"has-text\",\"Sponsorisé\"]]}]]}","{\"selector\":\".item-small-pres\",\"tasks\":[[\"has\",{\"selector\":\"a:has(.sponsored-prefix)\"}]]}","{\"selector\":\"li\",\"tasks\":[[\"has\",{\"selector\":\"a:has(.sponsored-prefix)\"}]]}","{\"selector\":\".alderaan-sous-article\",\"tasks\":[[\"has\",{\"selector\":\"span\",\"tasks\":[[\"has-text\",\"publicité\"]]}]]}","{\"selector\":\"[class*=\\\"sous-categories\\\"]\",\"tasks\":[[\"has-text\",\"Lien partenaire\"]]}","{\"selector\":\"div > hr + article.type-post\",\"tasks\":[[\"has\",{\"selector\":\"header:has(a[href^=\\\"http://bit.ly/\\\"])\"}]]}","{\"selector\":\"div > hr + article.type-post\",\"tasks\":[[\"has\",{\"selector\":\"header:has(a[href^=\\\"http://bitly.com/\\\"])\"}]]}","{\"selector\":\"div[class^=\\\"Flex-styled__StyledFlex-\\\"]\",\"tasks\":[[\"has\",{\"selector\":\"h3\",\"tasks\":[[\"has-text\",\"Produits sponsorisés\"]]}]]}","{\"selector\":\".article-wrapper\",\"tasks\":[[\"has\",{\"selector\":\".subheading\",\"tasks\":[[\"has-text\",\"Partenaire\"]]}]]}","{\"selector\":\".homepage-section.supplement-section\",\"tasks\":[[\"has\",{\"selector\":\"span\",\"tasks\":[[\"has-text\",\"Partenaires\"]]}]]}","{\"selector\":\".undefined\",\"tasks\":[[\"has-text\",\"Sponsorisé\"]]}","{\"selector\":\"aside\",\"tasks\":[[\"has\",{\"selector\":\"div + span\",\"tasks\":[[\"has-text\",\"Publicité\"]]}]]}","{\"selector\":\".boxed\",\"tasks\":[[\"has\",{\"selector\":\".tag\",\"tasks\":[[\"has-text\",\"Sponsored\"]]}]]}","{\"selector\":\".repo-component\",\"tasks\":[[\"has\",{\"selector\":\"label\",\"tasks\":[[\"has-text\",\"sponsored\"]]}]]}","{\"selector\":\".isnotmobi\",\"tasks\":[[\"has\",{\"selector\":\"a\",\"tasks\":[[\"has-text\",\"sponsorisé\"]]}]]}","{\"selector\":\"tbody\",\"tasks\":[[\"has\",{\"selector\":\"i\",\"tasks\":[[\"has-text\",\"sponsorisé\"]]}]]}","{\"selector\":\".widget_article\",\"tasks\":[[\"has\",{\"selector\":\".title_widget\",\"tasks\":[[\"has-text\",\"/PUBLI INFO|Publi-info/\"]]}]]}","{\"selector\":\"aside\",\"tasks\":[[\"has\",{\"selector\":\".widget-title\",\"tasks\":[[\"has-text\",\"Publicité\"]]}]]}","{\"selector\":\"[data-index-number]\",\"tasks\":[[\"has-text\",\"Sponsorisé\"]]}","{\"selector\":\".article-thumbnail\",\"tasks\":[[\"has\",{\"selector\":\"a\",\"tasks\":[[\"has-text\",\"/Sponsored|sponsorisé/\"]]}]]}","{\"selector\":\"app-home-item\",\"tasks\":[[\"has\",{\"selector\":\".article:has(.sponsored)\"}]]}","{\"selector\":\".post-card\",\"tasks\":[[\"has\",{\"selector\":\"span\",\"tasks\":[[\"has-text\",\"sponso\"]]}]]}","{\"selector\":\".uk-margin-remove-last-child\",\"tasks\":[[\"has\",{\"selector\":\"div\",\"tasks\":[[\"has\",{\"selector\":\"span\",\"tasks\":[[\"has-text\",\"PUBLICITÉ\"]]}]]}]]}","{\"selector\":\"section\",\"tasks\":[[\"has\",{\"selector\":\".o-section-heading\",\"tasks\":[[\"has-text\",\"/Ad|Publicité|Sponsored|Sponsorisées|Stores à la une|إعلان|إعلانات في المقدمة|متاجر في المقدمة/\"]]}]]}","{\"selector\":\"li\",\"tasks\":[[\"has\",{\"selector\":\"a\",\"tasks\":[[\"has-text\",\"sponso\"]]}]]}","{\"selector\":\"[data-identifier]\",\"tasks\":[[\"has\",{\"selector\":\"div:has(.sponsor-color)\"}]]}","{\"selector\":\".post\",\"tasks\":[[\"has\",{\"selector\":\".postprofile\",\"tasks\":[[\"has\",{\"selector\":\"strong\",\"tasks\":[[\"has-text\",\"Ad Machine\"]]}]]}]]}","{\"selector\":\".owl-item\",\"tasks\":[[\"has\",{\"selector\":\"figure:has(img[src^=\\\"publicites/\\\"])\"}]]}","{\"selector\":\".post.has-profile\",\"tasks\":[[\"has\",{\"selector\":\".postbody:has(.adsbygoogle)\"}]]}","{\"selector\":\"li\",\"tasks\":[[\"has\",{\"selector\":\".inboxSenderEmail\",\"tasks\":[[\"has-text\",\"AD | Temp Number\"]]}]]}","{\"selector\":\".panel\",\"tasks\":[[\"has\",{\"selector\":\".panel-heading\",\"tasks\":[[\"has\",{\"selector\":\".panel-title\",\"tasks\":[[\"has-text\",\"Publicité\"]]}]]}]]}","{\"selector\":\".wm-module\",\"tasks\":[[\"has-text\",\"Contenu sponsorisé\"]]}","{\"selector\":\".jwpv-desktop\",\"tasks\":[[\"has-text\",\"Publicité\"]]}","{\"selector\":\"div[style*=\\\"width: 300px\\\"]\",\"tasks\":[[\"has-text\",\"/Publicité|Publicités/\"]]}","{\"selector\":\"table[class=\\\"post\\\"]\",\"tasks\":[[\"has\",{\"selector\":\"tbody\",\"tasks\":[[\"has-text\",\"/annonces|annonceurs/\"]]}]]}","{\"selector\":\".custom-sidebar\",\"tasks\":[[\"has\",{\"selector\":\"h3\",\"tasks\":[[\"has-text\",\"/Partenaires|Publicité/\"]]}]]}"],"selectorLists":["0,1,2,3","4","5,57,6,7","5,6,7","10,5","22,23,24,5","8,9","11","12","13","14,15","16","17,18","19,20","21","22","25","26","27","28","29","30","158,31","32,33","34","35,36,37,38","39","40","41","42","43","44","45","46","47","48","49","50","51","132,133,52","53,54,74,75","-98,160,55,56","58","59","60,61","62","63","64,85","65","66","67","68","69","-100,147,70,94,99","71","72","73","76","145,146,77","78","79","80","81","82","83,84","140,141,142,143,86","87","88","89","90","91","92","93","95","96","-99,98","-101,100","101,102,103","101","104","105,106","107","108,109","110","111,112","113","114","115","116","117,118,119","120","121","122","123,124","125","126,127","128","129,130","131","132,133","134","135,136,137,138,139","144","148","149,150","151,152","153","154","155","156","157","159","161","162","163","164","165","166","167","168","169","170,171","172"],"selectorListRefs":[24,13,25,14,93,86,88,16,95,39,99,25,77,79,29,98,60,43,9,36,102,111,54,70,77,122,63,23,48,27,73,51,45,20,19,14,61,80,83,0,38,92,6,25,97,64,65,46,4,47,44,104,37,62,109,115,18,119,76,49,21,58,53,105,22,116,8,7,82,42,59,89,90,77,100,101,103,108,75,41,117,52,82,84,42,30,30,56,12,106,3,72,110,77,77,71,77,77,81,17,40,93,94,5,11,55,77,77,77,28,112,118,120,121,77,77,77,15,34,10,107,113,77,5,31,74,66,77,77,32,114,77,77,87,69,5,68,78,26,99,91,91,67,1,96,35,85,50,57,2,77,16,11,33],"hostnames":["dna.fr","qub.ca","rtl.fr","tf1.fr","top.gg","bol.com","ccm.net","deco.fr","ebay.fr","igen.fr","macg.co","rtl2.fr","1337x.cz","20min.ch","cnews.fr","hitek.fr","radio.fr","turbo.fr","9docu.org","actu17.fr","krefel.be","on-mag.fr","orange.fr","qwant.com","rantop.cc","zataz.com","11anim.com","amomama.fr","emugen.net","europe1.fr","ici.tou.tv","lalsace.fr","lemonde.fr","letemps.ch","ooparc.com","tf1info.fr","tv5unis.ca","2ememain.be","allocine.fr","cinefil.com","cityplug.be","delhaize.be","ebookdz.com","funradio.fr","gameblog.fr","konbini.com","korben.info","lefigaro.fr","lemanip.com","lesechos.fr","lexpress.mu","libhunt.com","malekal.com","moneyvox.fr","narcity.com","sookbtp.com","systemed.fr","tourmag.com","twitter.com","h2-mobile.fr","iadfrance.fr","latribune.fr","leboncoin.fr","linfoweb.com","numerama.com","starbike.com","varmatin.com","abcbourse.com","aliexpress.us","anime-sama.fr","aufeminin.com","cdiscount.com","cnetfrance.fr","cpasbien4.com","iphonesoft.fr","jeuxvideo.com","lessentiel.lu","mediamarkt.be","nicematin.com","ouedkniss.com","temp-mail.org","actu.orange.fr","aliexpress.com","android-mt.com","anime-sama.org","forumactif.com","forumgaming.fr","laprovence.com","lesinrocks.com","macommune.info","marieclaire.fr","mariefrance.fr","nextinpact.com","nortorrent.com","oxtorrent2.com","tennisactu.net","torrent-p2p.my","zktorrent3.com","algerie-eco.com","caminteresse.fr","cyclismactu.net","discordbots.org","distrowatch.com","empire-stream.*","linternaute.com","minutesports.fr","nextorrent4.com","nortorrent4.com","nortorrent6.com","ouest-france.fr","phonandroid.com","thesiteoueb.net","tsa-algerie.com","voyageforum.com","yggtorrent3.com","yggtorrents.top","zetorrents1.com","empire-anime.com","journaldunet.com","lesacdechips.com","maison-islam.com","santemagazine.fr","torrent-site.com","empire-streamz.fr","forum-airguns.com","forum.hardware.fr","lesfrontaliers.lu","mega-torrent1.com","mega-torrent6.com","neogeo-system.com","sketchucation.com","zktorrent.support","zone-torrent2.com","businessinsider.fr","cuisineactuelle.fr","empire-streaming.*","extreme-down.ninja","extreme-down.party","parlons-basket.com","watchgeneration.fr","commentcamarche.com","commentcamarche.net","forumconstruire.com","francoischarron.com","futura-sciences.com","monpetitforfait.com","blogdumoderateur.com","automobile-propre.com","jeanmarcmorandini.com","magazine-avantages.fr","ultimate-torrent1.com","fourchette-et-bikini.fr","sante.journaldesfemmes.fr","ddaynormandy.forumgaming.fr"],"hasEntities":true}