{"selectors":["{\"selector\":\".iframe-widget[src*=\\\"popularno\\\"]\",\"action\":[\"style\",\"max-height: 250px !important\"],\"cssable\":true}","{\"selector\":\"#mvp-site-main\",\"action\":[\"style\",\"margin-top: 0 !important\"],\"cssable\":true}","{\"selector\":\".tie-col-md-8\",\"action\":[\"style\",\"width: 100% !important\"],\"cssable\":true}","{\"selector\":\".se-group-horizontal-ads-top\",\"action\":[\"style\",\"min-height:unset!important;width:0!important\"],\"cssable\":true}","{\"selector\":\"#secondary > aside\",\"tasks\":[[\"has\",{\"selector\":\"> div.widget-header > h3\",\"tasks\":[[\"has-text\",\"/^.*(Marketing|Sponzorisano).*$/\"]]}]]}","{\"selector\":\".elementor-column-gap-default\",\"tasks\":[[\"has-text\",\"/^SERV\\\\IS.*$/\"]]}","{\"selector\":\"article > div[class^=\\\"css-\\\"]\",\"tasks\":[[\"has\",{\"selector\":\"> span.SlotContainer_title\",\"tasks\":[[\"has-text\",\"Tekst se nastavlja ispod oglasa\"]]}]]}","{\"selector\":\".pg-story-page div.c-wallpaper-ad-wrapper\",\"action\":[\"style\",\"display: none!important\"],\"cssable\":true}","{\"selector\":\".pg-story-page div.wallpaper-help-wrapper\",\"action\":[\"style\",\"top: 60px !important\"],\"cssable\":true}","{\"selector\":\".gpElementAdvertising\",\"action\":[\"style\",\"display: none !important\"],\"cssable\":true}","{\"selector\":\".js_bannerWrapper.gallery__banner\",\"action\":[\"remove\",\"\"]}"],"selectorLists":["0","1","2","3","4","5","6","7,8","9","10"],"selectorListRefs":[6,0,7,1,8,5,9,2,3,4],"hostnames":["net.hr","blic.rs","story.hr","filmitv.rs","tportal.hr","ul-info.com","vecernji.hr","niskevesti.rs","oslobodjenje.ba","sveopoznatima.com"],"hasEntities":false}