{"selectors":["{\"selector\":\"script\",\"tasks\":[[\"has-text\",\"/decodeURIComponent\\\\(escape|fairAdblock/\"]]}","{\"selector\":\".content-paralax\",\"action\":[\"style\",\"top: 0!important;\"],\"cssable\":true}","{\"selector\":\".outer-wrapper\",\"action\":[\"style\",\"margin-top:60px!important;\"],\"cssable\":true}","{\"selector\":\"[data-qa-id=\\\"desktop-article-page-below-images\\\"]\",\"tasks\":[[\"has\",{\"selector\":\"span\",\"tasks\":[[\"has-text\",\"/ADVERTISEMENT/i\"]]}]]}","{\"selector\":\"[data-qa-id^=\\\"desktop-article-page-inline-\\\"]\",\"tasks\":[[\"has\",{\"selector\":\"span\",\"tasks\":[[\"has-text\",\"/ADVERTISEMENT/i\"]]}]]}","{\"selector\":\"[data-src^=\\\"https://neonime.net/wp-content/\\\"]\",\"tasks\":[[\"xpath\",\"..\"]]}","{\"selector\":\"body.sticky-header\",\"action\":[\"style\",\"padding: unset!important;\"],\"cssable\":true}","{\"selector\":\"body\",\"action\":[\"remove-class\",\"pad-apps\"]}","{\"selector\":\"body\",\"action\":[\"style\",\"overflow: auto !important; position: unset !important; pointer-events: auto !important;\"],\"cssable\":true}","{\"selector\":\"html\",\"action\":[\"style\",\"overflow: auto !important;\"],\"cssable\":true}","{\"selector\":\"#IDN_InFeed1\",\"tasks\":[[\"upward\",1]]}","{\"selector\":\"#IDN_InFeed2\",\"tasks\":[[\"upward\",1]]}","{\"selector\":\".product-card\",\"tasks\":[[\"has\",{\"selector\":\"span\",\"tasks\":[[\"has-text\",\"/^Ad$/\"]]}]]}","{\"selector\":\"center\",\"tasks\":[[\"has-text\",\"ADVERTISEMENT\"]]}","{\"selector\":\"div[data-testid=\\\"divCarouselProduct\\\"]\",\"tasks\":[[\"has\",{\"selector\":\"span\",\"tasks\":[[\"has-text\",\"/^Ad$/\"]]}]]}","{\"selector\":\"div[data-testid=\\\"lazy-frame\\\"]\",\"tasks\":[[\"has\",{\"selector\":\"span\",\"tasks\":[[\"has-text\",\"/^Ad$/\"]]}]]}","{\"selector\":\"div[data-testid^=\\\"divProductRecommendation\\\"]\",\"tasks\":[[\"has\",{\"selector\":\"span\",\"tasks\":[[\"has-text\",\"/^Ad$/\"]]}]]}","{\"selector\":\"span\",\"tasks\":[[\"has-text\",\"Advertisement\"]]}"],"selectorLists":["0","1","2","3,4","5","6","7","8","9","10,11","12,14,15,16","13","17"],"selectorListRefs":[6,11,4,9,7,3,2,1,10,0,0,5,8,12],"hostnames":["tempo.co","cari.com.my","neonime.net","yummy.co.id","juragan.film","kumparan.com","dutaislam.com","sindonews.com","tokopedia.com","3gpterbaru.com","duniaseksi.com","intip24news.com","hrv.okestream365.xyz","cloud.majalahhewan.com"],"hasEntities":false}