{"selectors":["{\"selector\":\".wpb_wrapper\",\"tasks\":[[\"has\",{\"selector\":\"> h5\",\"tasks\":[[\"has-text\",\"Ads\"]]}]]}","{\"selector\":\"[id^=\\\"custom\\\"]\",\"tasks\":[[\"has\",{\"selector\":\"> a\",\"tasks\":[[\"has-text\",\"Government Ad\"]]}]]}","{\"selector\":\"div[id^=\\\"AS_O_\\\"] div\",\"tasks\":[[\"has\",{\"selector\":\"> div > div > a > div h5\",\"tasks\":[[\"has-text\",\"Ad |\"]]}]]}","{\"selector\":\".widget_custom_html\",\"tasks\":[[\"has\",{\"selector\":\"> div > div > h3\",\"tasks\":[[\"has-text\",\"Advertisement\"]]}]]}","{\"selector\":\"div\",\"tasks\":[[\"has\",{\"selector\":\"> p\",\"tasks\":[[\"has-text\",\"Advertisement\"]]}]]}","{\"selector\":\".wpb_wrapper\",\"tasks\":[[\"has\",{\"selector\":\"> div > .sc_item_title\",\"tasks\":[[\"has-text\",\"Advertisement\"]]}]]}","{\"selector\":\".elementor-widget-heading\",\"tasks\":[[\"has\",{\"selector\":\"> div > h2\",\"tasks\":[[\"has-text\",\"Sponsored\"]]}]]}","{\"selector\":\".advertisement\",\"tasks\":[[\"has-text\",\"advertisement\"]]}","{\"selector\":\".custom-container > .row > div\",\"tasks\":[[\"has-text\",\"ADvaterices\"]]}","{\"selector\":\".gb-container\",\"tasks\":[[\"has-text\",\"Advertisement\"]]}","{\"selector\":\".mb-3\",\"tasks\":[[\"has\",{\"selector\":\"> .section-title > h4\",\"tasks\":[[\"has-text\",\"Advertisement\"]]}]]}","{\"selector\":\"center\",\"tasks\":[[\"has-text\",\"Advertisement\"]]}","{\"selector\":\".my-4\",\"tasks\":[[\"has\",{\"selector\":\"> h5\",\"tasks\":[[\"has-text\",\"Advertisement\"]]}]]}","{\"selector\":\".primary-sidebar-widget\",\"tasks\":[[\"has\",{\"selector\":\"> .section-heading > .h-text\",\"tasks\":[[\"has-text\",\"Advertisement\"]]}]]}","{\"selector\":\"div[id^=\\\"AS_O_LHS_1\\\"] > div\",\"tasks\":[[\"has\",{\"selector\":\"> div > div > a > span\",\"tasks\":[[\"has-text\",\"Ad |\"]]}]]}","{\"selector\":\"div[id^=\\\"AS_O_\\\"] div\",\"tasks\":[[\"has\",{\"selector\":\"> div > a > div h5\",\"tasks\":[[\"has-text\",\"Ad |\"]]}]]}","{\"selector\":\".sidebar\",\"tasks\":[[\"has\",{\"selector\":\"> h5 > span\",\"tasks\":[[\"has-text\",\"Advertisement\"]]}]]}","{\"selector\":\".sidebar-widget\",\"tasks\":[[\"has\",{\"selector\":\"> .widget-head > .title\",\"tasks\":[[\"has-text\",\"Ads\"]]}]]}","{\"selector\":\"h2.widgettitle\",\"tasks\":[[\"has-text\",\"Advertisment\"]]}","{\"selector\":\".widget_recent_entries\",\"tasks\":[[\"has-text\",\"ads\"]]}","{\"selector\":\"div\",\"tasks\":[[\"has\",{\"selector\":\"> b\",\"tasks\":[[\"has-text\",\"Ads\"]]}]]}","{\"selector\":\"div[data-slot=\\\"460008\\\"] div\",\"tasks\":[[\"has\",{\"selector\":\"> div > div > a > div > h6\",\"tasks\":[[\"has-text\",\"Ad |\"]]}]]}","{\"selector\":\"div\",\"tasks\":[[\"has\",{\"selector\":\"> .main-heading\",\"tasks\":[[\"has-text\",\"Advertizement\"]]}]]}","{\"selector\":\".td-block-title > span\",\"tasks\":[[\"has-text\",\"Advertisement\"]]}","{\"selector\":\"[class*=\\\"bg-gray\\\"]\",\"tasks\":[[\"has\",{\"selector\":\"> p\",\"tasks\":[[\"has-text\",\"Advertisement\"]]}]]}","{\"selector\":\".widget_text\",\"tasks\":[[\"has\",{\"selector\":\"strong\",\"tasks\":[[\"has-text\",\"Advt.\"]]}]]}","{\"selector\":\".sidebar-widget\",\"tasks\":[[\"has\",{\"selector\":\"> .widget-head > .title\",\"tasks\":[[\"has-text\",\"ADV\"]]}]]}","{\"selector\":\".elementor-widget-button\",\"tasks\":[[\"has\",{\"selector\":\".elementor-button-text\",\"tasks\":[[\"has-text\",\"Advertisements\"]]}]]}","{\"selector\":\"span\",\"tasks\":[[\"has-text\",\"Advertisement\"]]}","{\"selector\":\".tdm-descr\",\"tasks\":[[\"has-text\",\"Advertisement\"]]}","{\"selector\":\".colombiaonesuccess > div\",\"tasks\":[[\"has\",{\"selector\":\"> div > div > a h5\",\"tasks\":[[\"has-text\",\"Ad |\"]]}]]}","{\"selector\":\"section\",\"tasks\":[[\"has\",{\"selector\":\"> .w-full > div > div > span\",\"tasks\":[[\"has-text\",\"Sponsored\"]]}]]}","{\"selector\":\".sidebar-widget\",\"tasks\":[[\"has\",{\"selector\":\"> .widget-head > .title\",\"tasks\":[[\"has-text\",\"ADS\"]]}]]}","{\"selector\":\".fourth_2_inner\",\"tasks\":[[\"has\",{\"selector\":\"> a > div > h1\",\"tasks\":[[\"has-text\",\"advertisement\"]]}]]}","{\"selector\":\"div\",\"tasks\":[[\"has\",{\"selector\":\"> .section-title > h4\",\"tasks\":[[\"has-text\",\"Advertisement\"]]}]]}","{\"selector\":\".HTML\",\"tasks\":[[\"has\",{\"selector\":\".title\",\"tasks\":[[\"has-text\",\"Advertisement\"]]}]]}","{\"selector\":\"h6\",\"tasks\":[[\"has-text\",\"Paid Advertisement\"]]}","{\"selector\":\"div\",\"tasks\":[[\"has\",{\"selector\":\"> .gb-text\",\"tasks\":[[\"has-text\",\"Advertisement\"]]}]]}","{\"selector\":\"div > h2\",\"tasks\":[[\"has-text\",\"Google Ads\"]]}","{\"selector\":\"strong\",\"tasks\":[[\"has-text\",\"ABS Hospital\"]]}","{\"selector\":\"strong\",\"tasks\":[[\"has-text\",\"Vijay Bakery\"]]}","{\"selector\":\".block_wrapper\",\"tasks\":[[\"has\",{\"selector\":\"> .box_header > h2 > span\",\"tasks\":[[\"has-text\",\"Advertisement\"]]}]]}","{\"selector\":\"div[id^=\\\"AS_O_LHS\\\"] > div\",\"tasks\":[[\"has\",{\"selector\":\"> div > div > a > div > h5\",\"tasks\":[[\"has-text\",\"Ad |\"]]}]]}","{\"selector\":\"p\",\"tasks\":[[\"has-text\",\"Advertisement\"]]}","{\"selector\":\".mb-3 .section-title\",\"tasks\":[[\"has\",{\"selector\":\"> h4\",\"tasks\":[[\"has-text\",\"Advertisement\"]]}]]}","{\"selector\":\".fashion_technology_area div\",\"tasks\":[[\"has\",{\"selector\":\"> div > h2 span\",\"tasks\":[[\"has-text\",\"Advertisement\"]]}]]}","{\"selector\":\".sidebar h2\",\"tasks\":[[\"has-text\",\"Advertisement\"]]}","{\"selector\":\".widget\",\"tasks\":[[\"has\",{\"selector\":\".widget-title > h4\",\"tasks\":[[\"has-text\",\"Advertise\"]]}]]}","{\"selector\":\".block-title span\",\"tasks\":[[\"has-text\",\"Sponsored Ads\"]]}","{\"selector\":\".widget-title\",\"tasks\":[[\"has-text\",\"Advertisment\"]]}","{\"selector\":\"section.widget_text\",\"tasks\":[[\"has\",{\"selector\":\"div > h4.widget-title\",\"tasks\":[[\"has-text\",\"Advertisment\"]]}]]}","{\"selector\":\"div\",\"tasks\":[[\"has\",{\"selector\":\"> .jeg_block_title > span\",\"tasks\":[[\"has-text\",\"ADVT\"]]}]]}","{\"selector\":\"div[id^=\\\"AS_P_LHS_\\\"] > div\",\"tasks\":[[\"has\",{\"selector\":\"> div > div > a > div > h5\",\"tasks\":[[\"has-text\",\"Ad |\"]]}]]}","{\"selector\":\"div[id^=\\\"AS_P_LHS_\\\"] > div\",\"tasks\":[[\"has\",{\"selector\":\"> div > div > a > div > p\",\"tasks\":[[\"has-text\",\"Ad |\"]]}]]}","{\"selector\":\".td_block_wrap\",\"tasks\":[[\"has\",{\"selector\":\"> div > h4 > span\",\"tasks\":[[\"has-text\",\"Ad\"]]}]]}","{\"selector\":\".p-3 > h4\",\"tasks\":[[\"has-text\",\"Ads\"]]}","{\"selector\":\"[id^=\\\"AS_O_\\\"] div\",\"tasks\":[[\"has\",{\"selector\":\"> div > a > div > h5\",\"tasks\":[[\"has-text\",\"Ad |\"]]}]]}","{\"selector\":\".sidebar-block-wrapper\",\"tasks\":[[\"has\",{\"selector\":\"a\",\"tasks\":[[\"has-text\",\"Advertisement\"]]}]]}","{\"selector\":\".widget\",\"tasks\":[[\"has\",{\"selector\":\"> .widget--title > h2\",\"tasks\":[[\"has-text\",\"Advertisement\"]]}]]}","{\"selector\":\".list-category-posts-half\",\"tasks\":[[\"has\",{\"selector\":\"> .widget-title\",\"tasks\":[[\"has-text\",\"AD\"]]}]]}","{\"selector\":\"div\",\"tasks\":[[\"has\",{\"selector\":\"> div[style*=\\\"absolute;\\\"]\",\"tasks\":[[\"has-text\",\"Advertisement Box\"]]}]]}","{\"selector\":\".sidebar-widget\",\"tasks\":[[\"has\",{\"selector\":\"> div > h4\",\"tasks\":[[\"has-text\",\"adv\"]]}]]}","{\"selector\":\"div[id*=\\\"_O_LHS_\\\"] > div\",\"tasks\":[[\"has\",{\"selector\":\"> div > div > a > div > h5\",\"tasks\":[[\"has-text\",\"Ad |\"]]}]]}","{\"selector\":\".colombiaonesuccess div\",\"tasks\":[[\"has\",{\"selector\":\"> div > div > a > h5\",\"tasks\":[[\"has-text\",\"Ad:\"]]}]]}","{\"selector\":\".colombiaonesuccess div\",\"tasks\":[[\"has\",{\"selector\":\"> div > div a > p\",\"tasks\":[[\"has-text\",\"Ad:\"]]}]]}","{\"selector\":\".elementor-widget-wrap\",\"tasks\":[[\"has\",{\"selector\":\"h2\",\"tasks\":[[\"has-text\",\"Adv.\"]]}]]}","{\"selector\":\"div[id^=\\\"AS_O_LHS\\\"] > div\",\"tasks\":[[\"has\",{\"selector\":\"> div > div > a > h2 + span\",\"tasks\":[[\"has-text\",\"Ad |\"]]}]]}","{\"selector\":\".side\",\"tasks\":[[\"has\",{\"selector\":\"> span\",\"tasks\":[[\"has-text\",\"Advertisement\"]]}]]}","{\"selector\":\"div.sidebar-widget\",\"tasks\":[[\"has\",{\"selector\":\"> .widget-head > h4\",\"tasks\":[[\"has-text\",\"Advertisement\"]]}]]}","{\"selector\":\".HTML\",\"tasks\":[[\"has\",{\"selector\":\"> .widget-title > .title\",\"tasks\":[[\"has-text\",\"Advertisement\"]]}]]}","{\"selector\":\"div\",\"tasks\":[[\"has\",{\"selector\":\"> div > div > .elementor-heading-title\",\"tasks\":[[\"has-text\",\"Advertisement\"]]}]]}","{\"selector\":\"figure\",\"tasks\":[[\"has\",{\"selector\":\"> figcaption\",\"tasks\":[[\"has-text\",\"ADVERTISEMENT\"]]}]]}","{\"selector\":\".wp-block-group\",\"tasks\":[[\"has\",{\"selector\":\"> div > .wp-block-heading\",\"tasks\":[[\"has-text\",\"Advertisement\"]]}]]}","{\"selector\":\"#main-content .main-carousel\",\"tasks\":[[\"has\",{\"selector\":\"> .title-wrapper > h2 > span\",\"tasks\":[[\"has-text\",\"Advertisement\"]]}]]}","{\"selector\":\"#main-content .theiaStickySidebar\",\"tasks\":[[\"has\",{\"selector\":\"> div > .title-wrapper > h2 span\",\"tasks\":[[\"has-text\",\"Advertisement\"]]}]]}","{\"selector\":\".widget-sidebar\",\"tasks\":[[\"has\",{\"selector\":\"> .widget-header > h3\",\"tasks\":[[\"has-text\",\"ADVT\"]]}]]}","{\"selector\":\".themesBazar_widget\",\"tasks\":[[\"has\",{\"selector\":\"> h3\",\"tasks\":[[\"has-text\",\"sonalilife.com\"]]}]]}","{\"selector\":\".mb-3\",\"tasks\":[[\"has\",{\"selector\":\".section-title > h4\",\"tasks\":[[\"has-text\",\"Advertisement\"]]}]]}","{\"selector\":\".site-main > div\",\"tasks\":[[\"has-text\",\"Advertisement\"]]}","{\"selector\":\".elementor-widget-heading\",\"tasks\":[[\"has\",{\"selector\":\"> div > h2\",\"tasks\":[[\"has-text\",\"Advertisement\"]]}]]}","{\"selector\":\".news-card\",\"tasks\":[[\"has\",{\"selector\":\"> span > h2 > a > .text_ellipsis\",\"tasks\":[[\"has-text\",\"Adv:\"]]}]]}","{\"selector\":\".textwidget\",\"tasks\":[[\"has-text\",\".adsbygoogle\"]]}","{\"selector\":\".widget--title .h4\",\"tasks\":[[\"has-text\",\"Advertisement\"]]}","{\"selector\":\".align_cent\",\"tasks\":[[\"has-text\",\"Advertise\"]]}","{\"selector\":\"figure\",\"tasks\":[[\"has\",{\"selector\":\"> figcaption\",\"tasks\":[[\"has-text\",\"Advertisement\"]]}]]}","{\"selector\":\"div[id^=\\\"AS_O_LHS_\\\"] > div\",\"tasks\":[[\"has\",{\"selector\":\"> div > a > p\",\"tasks\":[[\"has-text\",\"Ad |\"]]}]]}","{\"selector\":\"div[id^=\\\"AS_O_LHS_\\\"] > div\",\"tasks\":[[\"has\",{\"selector\":\"> div > div > a > div > p\",\"tasks\":[[\"has-text\",\"Ad |\"]]}]]}","{\"selector\":\"div[id^=\\\"AS_O_LHS\\\"] > div\",\"tasks\":[[\"has\",{\"selector\":\"> div > div > a > h4\",\"tasks\":[[\"has-text\",\"Ad: \"]]}]]}","{\"selector\":\".inside-right-sidebar > div > .gb-container\",\"tasks\":[[\"has-text\",\"Advertisement\"]]}","{\"selector\":\"div\",\"tasks\":[[\"has\",{\"selector\":\"> small\",\"tasks\":[[\"has-text\",\"Advertisement\"]]}]]}","{\"selector\":\"div[id*=\\\"_O_\\\"] > div\",\"tasks\":[[\"has\",{\"selector\":\"> div > div > a > div > h4 > span\",\"tasks\":[[\"has-text\",\"Ad:\"]]}]]}","{\"selector\":\"div[id*=\\\"_O_\\\"] > div\",\"tasks\":[[\"has\",{\"selector\":\"> div > div > a > div > p\",\"tasks\":[[\"has-text\",\"Ad:\"]]}]]}","{\"selector\":\".block-title-4\",\"tasks\":[[\"has\",{\"selector\":\"> h4 > span\",\"tasks\":[[\"has-text\",\"Advertisements\"]]}]]}","{\"selector\":\"div.primary-sidebar-widget\",\"tasks\":[[\"has\",{\"selector\":\"> div > span\",\"tasks\":[[\"has-text\",\"Advertisement\"]]}]]}","{\"selector\":\"div[data-adid]\",\"tasks\":[[\"has\",{\"selector\":\"> p\",\"tasks\":[[\"has-text\",\"Advertisement\"]]}]]}","{\"selector\":\".sidebar-block-wrapper\",\"tasks\":[[\"has\",{\"selector\":\".education-head\",\"tasks\":[[\"has-text\",\"Advertisement\"]]}]]}","{\"selector\":\"#pt-magazine-carousel-news-2\",\"tasks\":[[\"has\",{\"selector\":\"> div > .section-title .widget-title\",\"tasks\":[[\"has-text\",\"Advertisement\"]]}]]}","{\"selector\":\".elementor-widget-wrap p\",\"tasks\":[[\"has-text\",\"Ads\"]]}","{\"selector\":\"div[id*=\\\"_O_\\\"] div\",\"tasks\":[[\"has\",{\"selector\":\"> div > div > a > div *\",\"tasks\":[[\"has-text\",\"Ad |\"]]}]]}","{\"selector\":\"aside\",\"tasks\":[[\"has\",{\"selector\":\"> h3 > span\",\"tasks\":[[\"has-text\",\"Advt\"]]}]]}","{\"selector\":\"div[style]\",\"tasks\":[[\"has\",{\"selector\":\"> div\",\"tasks\":[[\"has-text\",\"Advertisement\"]]}]]}","{\"selector\":\".jeg_block_heading\",\"tasks\":[[\"has\",{\"selector\":\"> .jeg_block_title > span\",\"tasks\":[[\"has-text\",\"ADVERTISEMENTS\"]]}]]}","{\"selector\":\".jeg_block_heading\",\"tasks\":[[\"has\",{\"selector\":\"> .jeg_block_title > span\",\"tasks\":[[\"has-text\",\"Advertisement\"]]}]]}","{\"selector\":\"div.sidebar h5\",\"tasks\":[[\"has\",{\"selector\":\"> span\",\"tasks\":[[\"has-text\",\"Ads\"]]}]]}","{\"selector\":\".heading\",\"tasks\":[[\"has\",{\"selector\":\"> span\",\"tasks\":[[\"has-text\",\"Advt\"]]}]]}","{\"selector\":\"div\",\"tasks\":[[\"has\",{\"selector\":\"> a span\",\"tasks\":[[\"has-text\",\"Ad |\"]]}]]}","{\"selector\":\".section-title\",\"tasks\":[[\"has\",{\"selector\":\"> h4\",\"tasks\":[[\"has-text\",\"Advertisement\"]]}]]}","{\"selector\":\"div\",\"tasks\":[[\"has\",{\"selector\":\"> h3\",\"tasks\":[[\"has-text\",\"Advertisement\"]]}]]}","{\"selector\":\"div\",\"tasks\":[[\"has\",{\"selector\":\"> div > div > p\",\"tasks\":[[\"has-text\",\"Advertisement\"]]}]]}","{\"selector\":\"div[id^=\\\"AS_O_\\\"] > div\",\"tasks\":[[\"has\",{\"selector\":\"> div > a > div > h5\",\"tasks\":[[\"has-text\",\"Ad |\"]]}]]}","{\"selector\":\".widget-header\",\"tasks\":[[\"has\",{\"selector\":\"> h4\",\"tasks\":[[\"has-text\",\"Advertise\"]]}]]}","{\"selector\":\"div\",\"tasks\":[[\"has\",{\"selector\":\"> .box_header\",\"tasks\":[[\"has-text\",\"Advertisements\"]]}]]}","{\"selector\":\"#side .widget\",\"tasks\":[[\"has\",{\"selector\":\"> .heading > span\",\"tasks\":[[\"has-text\",\"Advertisement\"]]}]]}","{\"selector\":\".single_post_content\",\"tasks\":[[\"has\",{\"selector\":\"> h2 > span > a\",\"tasks\":[[\"has-text\",\"ADS\"]]}]]}","{\"selector\":\"h4.td-block-title\",\"tasks\":[[\"has\",{\"selector\":\"> span\",\"tasks\":[[\"has-text\",\"Advertisement\"]]}]]}","{\"selector\":\".box_header\",\"tasks\":[[\"has-text\",\"Advertising\"]]}","{\"selector\":\".entry figure\",\"tasks\":[[\"has\",{\"selector\":\"> figcaption\",\"tasks\":[[\"has-text\",\"Advertisement\"]]}]]}","{\"selector\":\"h2\",\"tasks\":[[\"has-text\",\"Advertisement\"]]}","{\"selector\":\"div[id*=\\\"ArticleShow_\\\"] > div\",\"tasks\":[[\"has\",{\"selector\":\"> div > div > a > span\",\"tasks\":[[\"has-text\",\"Ad |\"]]}]]}","{\"selector\":\"div\",\"tasks\":[[\"has\",{\"selector\":\"> div > a > div > p\",\"tasks\":[[\"has-text\",\"Ad:\"]]}]]}","{\"selector\":\"div\",\"tasks\":[[\"has\",{\"selector\":\"> div > div > a > div > div > p\",\"tasks\":[[\"has-text\",\"Ad |\"]]}]]}","{\"selector\":\".colombiaonesuccess > div\",\"tasks\":[[\"has\",{\"selector\":\"> div > div a p\",\"tasks\":[[\"has-text\",\"Ad:\"]]}]]}","{\"selector\":\"div\",\"tasks\":[[\"has\",{\"selector\":\"> .heading > span\",\"tasks\":[[\"has-text\",\"Advt.\"]]}]]}","{\"selector\":\"\",\"tasks\":[[\"has\",{\"selector\":\"> h4\",\"tasks\":[[\"has-text\",\"Advertise\"]]}]]}","{\"selector\":\"div[id*=\\\"_O_\\\"] div\",\"tasks\":[[\"has\",{\"selector\":\"> div > div > a > div *\",\"tasks\":[[\"has-text\",\"Ad:\"]]}]]}","{\"selector\":\"div.wrapper-sticky div\",\"tasks\":[[\"has\",{\"selector\":\"> div.section-heading > span\",\"tasks\":[[\"has-text\",\"Advertisement\"]]}]]}","{\"selector\":\".sidebar-widget\",\"tasks\":[[\"has\",{\"selector\":\"h4\",\"tasks\":[[\"has-text\",\"Ads\"]]}]]}","{\"selector\":\"figure[class*=\\\"gb-block-image-ad\\\"] + .gb-container\",\"tasks\":[[\"has-text\",\"Advertisement\"]]}","{\"selector\":\"div[id*=\\\"_O_\\\"] div\",\"tasks\":[[\"has\",{\"selector\":\"> div > div > a > div p\",\"tasks\":[[\"has-text\",\"AD |\"]]}]]}","{\"selector\":\".sub_new b\",\"tasks\":[[\"has-text\",\"Ads\"]]}","{\"selector\":\"div\",\"tasks\":[[\"has\",{\"selector\":\"> span\",\"tasks\":[[\"has-text\",\"Advertisement\"]]}]]}","{\"selector\":\".single_sidebar\",\"tasks\":[[\"has\",{\"selector\":\"> h2 > span\",\"tasks\":[[\"has-text\",\"advertisement\"]]}]]}","{\"selector\":\".widget_text\",\"tasks\":[[\"has\",{\"selector\":\".widget-title > span\",\"tasks\":[[\"has-text\",\"Advertising\"]]}]]}","{\"selector\":\"div[id*=\\\"_O_\\\"] div\",\"tasks\":[[\"has\",{\"selector\":\"div-gpt-ad > div > div > a > div *\",\"tasks\":[[\"has-text\",\"Ad:\"]]}]]}","{\"selector\":\".sidebar-widget > h2\",\"tasks\":[[\"has-text\",\"Advertisement\"]]}","{\"selector\":\"div\",\"tasks\":[[\"has\",{\"selector\":\"> .heading > span\",\"tasks\":[[\"has-text\",\"Advertisement\"]]}]]}","{\"selector\":\".sidebar-widget\",\"tasks\":[[\"has\",{\"selector\":\"> h3\",\"tasks\":[[\"has-text\",\"Ad\"]]}]]}","{\"selector\":\"center\",\"tasks\":[[\"has-text\",\"ADVERTISEMENT\"]]}","{\"selector\":\"div[id^=\\\"AS_O_LHS\\\"] > div\",\"tasks\":[[\"has\",{\"selector\":\"> div > a > div > h5\",\"tasks\":[[\"has-text\",\"Ad |\"]]}]]}"],"selectorLists":["0","1,2","3","4","5","6","7","8","9","10,11","10","12","13","14","15","16","17","18","19","20","21","22","23","24","25","26","27","28","29","30","121,30","31","32","33","34","35","36","37","38,39,40","41","42","43","44","45","46","47","48","49","50","51","52,53","54","55","56","57","58","59","60","61","62","63,64","65","66","67","68","69","70","71","72","73,74","75","76","77","78","79","80","81","82","83","84","85","86","87","88","89","90,91","92","93,94","95","96","97","98","124,98","133,98","99","100","101,102","103","104","105","106","107","108","109","110","111","112","113","114","115","116","117","118","119,120","122","123","125","126","127","128","129","130","131","132","134","135","136","137","138"],"selectorListRefs":[39,14,84,26,104,125,15,49,72,77,78,86,41,19,51,53,54,60,41,76,69,107,30,118,8,2,13,10,28,37,41,8,56,58,87,94,112,119,12,23,29,31,34,8,52,61,73,79,81,103,108,120,123,1,4,5,20,27,35,38,62,71,89,80,85,99,100,55,110,115,128,25,55,59,67,68,83,102,8,113,92,116,98,126,127,8,11,16,21,32,33,36,42,90,91,98,111,114,117,93,3,18,13,40,43,48,57,8,88,95,96,97,121,0,24,45,63,65,106,101,17,22,13,50,74,82,124,7,44,46,64,66,70,109,122,9,105,6,47,75],"hostnames":["hpnews.in","newstm.in","nobat.com","damrua.com","scgnews.in","viznews.in","cg24news.in","janamtv.com","munaadi.com","neplays.com","news11.live","pingara.com","tv20news.in","cinejosh.com","janwarta.com","k9media.live","kanvkanv.com","livevns.news","meranews.com","naya-alo.com","pressnote.in","smtv24x7.com","theexpose.in","topbihar.com","upuklive.com","abcnews.media","blivenews.com","dhamaka36.com","dhinasari.com","hindulive.com","ibmnews24.com","jankarido.com","khabardev.com","kirandoot.com","pksnews24.com","rozanapost.in","thechopal.com","ttncinema.com","biharnation.in","dainikhawk.com","doonhorizon.in","emalayalee.com","etamilnews.com","hindifiber.com","jujhartimes.in","lnstarnews.com","myagdikali.com","news24bite.com","newsmoments.in","satyavoice.com","soochnanews.in","tutyonline.net","uthayannews.ca","aapkikhabar.com","ammanealing.org","angulonline.com","cityandolan.com","deshkikhabar.in","gossiplanka.com","horizonhind.com","loginkerala.com","muktirlorai.com","neemuchlive.com","news38times.com","odiascraps.info","samayduniya.com","sandhyadesh.com","seithipunal.com","swarnimtimes.in","thenewswords.in","yuvaharyana.com","dakshinapath.com","khabaraaptak.net","lifestylenama.in","madhubaninews.in","magadhexpress.in","newsuniversal.in","satyasandhana.in","socialsamvad.com","thedesiawaaz.com","theonlinepost.in","thesigmanews.com","varchasvnews.com","wayanadvision.in","yugvartanews.com","betulsamachar.com","bhingatimes.co.in","champarantoday.in","cityliveindia.com","encounterindia.in","entevarthakal.com","gujaratdarpan.com","indiakhabar.co.in","rajdhanidaily.com","rochakkhabare.com","samarthsahara.com","thannambikkai.org","theheadline24.com","todaynewshindi.in","utkalpratidin.com","ajkermathbaria.com","chatonay71news.com","fashionnewsera.com","hrbreakingnews.com","indianewscentre.in","janadeshexpress.in","khabarhikhabar.com","nation9network.com","prabhatvaibhav.com","rozanaspokesman.in","sabhavarthakal.com","samajkihalchal.com","twentyfournews.com","aadarshhimachal.com","dainikhindmitra.com","indiasamachar24.com","loktantrakaagaz.com","madhepurakhabar.com","punjabikangaroo.com","satkhiraprobaho.net","channelmahalaxmi.com","countrynewstoday.com","dailyharyananews.com","jansandeshonline.com","namastepurvanchal.in","newstodaynetwork.com","visionnewsservice.in","bangla.newsnextbd.com","indiannewsservice.net","indocanadiantimes.com","loudspeakeronline.com","madhepuralivenews.com","mirroruttarakhand.com","suprovatsydney.com.au","unitednewskannada.com","bharatiyadigitalnews.in","shikshabhartinetwork.com","bangla.24livenewspaper.com","jalauntimessite.wordpress.com","navbharattimes.indiatimes.com"],"hasEntities":false}