{"selectors":["{\"selector\":\".banner_add\",\"tasks\":[[\"matches-path\",\"/ca-fe\\\\\\\\/web\\\\\\\\/cafes\\\\\\\\/(dieselmania|11262350)(\\\\\\\\/|\\\\\\\\?)/\"]]}","{\"selector\":\"img[src][alt=\\\"매니저 등록 배너\\\"]\",\"tasks\":[[\"matches-path\",\"/(&|\\\\\\\\.|\\\\\\\\?)clubid=11262350(&|$)/\"]]}","{\"selector\":\"#editorMainContent tr:has(~ tr img[id=\\\"userImg8967591\\\"])\",\"tasks\":[[\"matches-path\",\"/(&|\\\\\\\\.|\\\\\\\\?)clubid=10912875(&|$)/\"]]}","{\"selector\":\".banner_add\",\"tasks\":[[\"matches-path\",\"/ca-fe\\\\\\\\/web\\\\\\\\/cafes\\\\\\\\/(drhp|11196414)(\\\\\\\\/|\\\\\\\\?)/\"]]}","{\"selector\":\"img[src][alt=\\\"매니저 등록 배너\\\"]\",\"tasks\":[[\"matches-path\",\"/(&|\\\\\\\\.|\\\\\\\\?)clubid=11196414(&|$)/\"]]}","{\"selector\":\".banner_add\",\"tasks\":[[\"matches-path\",\"/ca-fe\\\\\\\\/web\\\\\\\\/cafes\\\\\\\\/(inmacbook|12175294)(\\\\\\\\/|\\\\\\\\?)/\"]]}","{\"selector\":\"img[src][alt=\\\"매니저 등록 배너\\\"]\",\"tasks\":[[\"matches-path\",\"/(&|\\\\\\\\.|\\\\\\\\?)clubid=12175294(&|$)/\"]]}","{\"selector\":\".banner_add\",\"tasks\":[[\"matches-path\",\"/ca-fe\\\\\\\\/web\\\\\\\\/cafes\\\\\\\\/(true8|18736796)(\\\\\\\\/|\\\\\\\\?)/\"]]}","{\"selector\":\"img[src][alt=\\\"매니저 등록 배너\\\"]\",\"tasks\":[[\"matches-path\",\"/(&|\\\\\\\\.|\\\\\\\\?)clubid=18736796(&|$)/\"]]}","{\"selector\":\".banner_add\",\"tasks\":[[\"matches-path\",\"/ca-fe\\\\\\\\/web\\\\\\\\/cafes\\\\\\\\/(perfumelove|10001688)(\\\\\\\\/|\\\\\\\\?)/\"]]}","{\"selector\":\"img[src][alt=\\\"매니저 등록 배너\\\"]\",\"tasks\":[[\"matches-path\",\"/(&|\\\\\\\\.|\\\\\\\\?)clubid=10001688(&|$)/\"]]}","{\"selector\":\".banner_add.bottom\",\"tasks\":[[\"matches-path\",\"/ca-fe\\\\\\\\/web\\\\\\\\/cafes\\\\\\\\/(jpnstory|10110775)(\\\\\\\\/|\\\\\\\\?)/\"]]}","{\"selector\":\"#main-area > #cafe-intro\",\"tasks\":[[\"matches-path\",\"/(&|\\\\\\\\.|\\\\\\\\?)clubid=10110775(&|$)/\"]]}","{\"selector\":\"img[src][alt=\\\"매니저 등록 배너\\\"]\",\"tasks\":[[\"matches-path\",\"/(&|\\\\\\\\.|\\\\\\\\?)clubid=10110775(&|$)/\"]]}","{\"selector\":\".banner_add\",\"tasks\":[[\"matches-path\",\"/ca-fe\\\\\\\\/web\\\\\\\\/cafes\\\\\\\\/(appleiphone|12789486)(\\\\\\\\/|\\\\\\\\?)/\"]]}","{\"selector\":\"img[src][alt=\\\"매니저 등록 배너\\\"]\",\"tasks\":[[\"matches-path\",\"/(&|\\\\\\\\.|\\\\\\\\?)clubid=12789486(&|$)/\"]]}","{\"selector\":\"#editorMainContent table:not([width$=\\\"%\\\"]) > tbody > tr > td[width][valign]\",\"tasks\":[[\"matches-path\",\"/(&|\\\\\\\\.|\\\\\\\\?)clubid=12789486(&|$)/\"]]}","{\"selector\":\".banner_add.bottom\",\"tasks\":[[\"matches-path\",\"/ca-fe\\\\\\\\/web\\\\\\\\/cafes\\\\\\\\/(ghdi58|14062859)(\\\\\\\\/|\\\\\\\\?)/\"]]}","{\"selector\":\"#editorMainContent > div:nth-child(1)\",\"tasks\":[[\"matches-path\",\"/(&|\\\\\\\\.|\\\\\\\\?)clubid=14062859(&|$)/\"]]}","{\"selector\":\".ArticleFormBanner\",\"tasks\":[[\"matches-path\",\"/(&|\\\\\\\\.|\\\\\\\\?)clubid=14062859(&|$)/\"]]}","{\"selector\":\"img[src][alt=\\\"매니저 등록 배너\\\"]\",\"tasks\":[[\"matches-path\",\"/(&|\\\\\\\\.|\\\\\\\\?)clubid=27738104(&|$)/\"]]}","{\"selector\":\"#main-area #cafe-intro\",\"tasks\":[[\"matches-path\",\"/(&|\\\\\\\\.|\\\\\\\\?)clubid=27738104(&|$)/\"]]}","{\"selector\":\"#upperArticleList ._noticeArticle\",\"tasks\":[[\"matches-path\",\"/(&|\\\\\\\\.|\\\\\\\\?)clubid=27738104(&|$)/\"]]}","{\"selector\":\".article-board .board-notice\",\"tasks\":[[\"matches-path\",\"/(&|\\\\\\\\.|\\\\\\\\?)clubid=27738104(&|$)/\"]]}","{\"selector\":\"#editorMainContent tr ~ .ad + tr:not([class])\",\"tasks\":[[\"matches-path\",\"/(&|\\\\\\\\.|\\\\\\\\?)clubid=14605461($|&)/\"]]}","{\"selector\":\"#editorMainContent tr ~ .ad\",\"tasks\":[[\"matches-path\",\"/(&|\\\\\\\\.|\\\\\\\\?)clubid=14605461($|&)/\"]]}","{\"selector\":\".banner_add.bottom\",\"tasks\":[[\"matches-path\",\"/ca-fe\\\\\\\\/web\\\\\\\\/cafes\\\\\\\\/(anycallusershow|13764661)(\\\\\\\\/|\\\\\\\\?)/\"]]}","{\"selector\":\"img[src][alt=\\\"매니저 등록 배너\\\"]\",\"tasks\":[[\"matches-path\",\"/(&|\\\\\\\\.|\\\\\\\\?)clubid=13764661(&|$)/\"]]}","{\"selector\":\"img[src][alt=\\\"매니저 등록 배너\\\"]\",\"tasks\":[[\"matches-path\",\"/(&|\\\\\\\\.|\\\\\\\\?)clubid=14605461(&|$)/\"]]}","{\"selector\":\"#cafe-data > #cafe-intro\",\"tasks\":[[\"matches-path\",\"/(&|\\\\\\\\.|\\\\\\\\?)clubid=28173877($|&)/\"]]}","{\"selector\":\"#editorMainContent a[href*=\\\"//cafe.naver.com/eyejoker7?iframe\\\"][target=\\\"_blank\\\"] ~ *\",\"tasks\":[[\"matches-path\",\"/(&|\\\\\\\\.|\\\\\\\\?)clubid=29560217($|&)/\"]]}","{\"selector\":\".banner_add.bottom\",\"tasks\":[[\"matches-path\",\"/ca-fe\\\\\\\\/web\\\\\\\\/cafes\\\\\\\\/(steamindiegame|27842958)(\\\\\\\\/|\\\\\\\\?)/\"]]}","{\"selector\":\"img[src][alt=\\\"매니저 등록 배너\\\"]\",\"tasks\":[[\"matches-path\",\"/(&|\\\\\\\\.|\\\\\\\\?)clubid=27842958($|&)/\"]]}","{\"selector\":\"li\",\"tasks\":[[\"matches-attr\",{\"attr\":\"/-[a-z]+-[a-z]+$/\",\"value\":\"*nad-*\"}]]}","{\"selector\":\"#app div[class*=\\\" \\\"] > div[class*=\\\" \\\"]:is(:has(div[id][class]:empty), :has(iframe[id^=\\\"google_ads_iframe_\\\"]))\",\"tasks\":[[\"matches-css\",{\"name\":\"margin-bottom\",\"value\":\"[0-9]{2,}\"}]]}","{\"selector\":\".rnb > .rnb_cont\",\"tasks\":[[\"matches-css\",{\"name\":\"height\",\"value\":\"^0px$\"}],[\"matches-css\",{\"name\":\"padding-top\",\"value\":\"^30px$\"}]]}","{\"selector\":\"body.nate .section_cont [disp-attr]\",\"tasks\":[[\"has\",{\"selector\":\"> div\",\"tasks\":[[\"matches-css\",{\"name\":\"display\",\"value\":\"^none$\"}]]}]]}","{\"selector\":\"div[class$=\\\"con_b\\\"]\",\"tasks\":[[\"has\",{\"selector\":\"> *\",\"tasks\":[[\"matches-css\",{\"name\":\"display\",\"value\":\"^none$\"}]]}]]}","{\"selector\":\".popular-news-widget\",\"tasks\":[[\"has\",{\"selector\":\"> *\",\"tasks\":[[\"matches-css\",{\"name\":\"display\",\"value\":\"^none$\"}]]}]]}","{\"selector\":\"div.article ~ aside#sidebar\",\"tasks\":[[\"has\",{\"selector\":\".facebook_like\",\"tasks\":[[\"matches-css\",{\"name\":\"display\",\"value\":\"^none$\"}]]}]]}","{\"selector\":\".group-deal .list > div\",\"tasks\":[[\"has\",{\"selector\":\"span.ad\",\"tasks\":[[\"matches-css\",{\"name\":\"background-image\",\"value\":\"images\\\\/deal\\\\/ad\\\\.png\"}]]}]]}","{\"selector\":\".webplayer-internal-core-shadow > .wpc-pos-abs\",\"action\":[\"remove\",\"\"]}","{\"selector\":\".bd.bd_mobile:not(:has(*)):has(~ #spot form[action][method].search)\",\"action\":[\"remove\",\"\"]}","{\"selector\":\"*.bd.bd_mobile:not(:has(#bd_capture ~ #comment))\",\"action\":[\"remove\",\"\"],\"tasks\":[[\"has\",{\"selector\":\"form[action=\\\"./\\\"]\",\"tasks\":[[\"matches-css\",{\"name\":\"height\",\"value\":\"^auto$\"}]]}]]}","{\"selector\":\"body.nate aside#mAside > div[disp-attr]:has(> .wing_nate) + div[disp-attr]\",\"action\":[\"style\",\"margin-top: 0px !important;\"],\"cssable\":true}","{\"selector\":\"aside#mAside > div[disp-attr]:has(> .content_sponsor) + div[disp-attr]\",\"action\":[\"style\",\"margin-top: 0px !important;\"],\"cssable\":true}","{\"selector\":\"body[class*=\\\"mac_os\\\"] div[class=\\\"hd\\\"] ~ *[id][class*=\\\" \\\"]\",\"action\":[\"remove\",\"\"],\"tasks\":[[\"matches-css\",{\"name\":\"padding\",\"value\":\"5px 10px 20px\"}],[\"matches-css\",{\"name\":\"height\",\"value\":\"^[0-9]{2,3}\"}]]}","{\"selector\":\"header[class=\\\"hd\\\"] ~ .fmad_wrapper ~ *[class]\",\"action\":[\"remove\",\"\"],\"tasks\":[[\"matches-css\",{\"name\":\"padding\",\"value\":\"5px 10px 20px\"}],[\"matches-css\",{\"name\":\"height\",\"value\":\"^[0-9]{2,3}\"}]]}","{\"selector\":\"body div:is(.bd, .hd) div[style] > *[class*=\\\" \\\"]\",\"action\":[\"remove\",\"\"],\"tasks\":[[\"matches-css\",{\"name\":\"padding\",\"value\":\"5px 10px 20px\"}],[\"matches-css\",{\"name\":\"height\",\"value\":\"^[0-9]{2,3}\"}]]}","{\"selector\":\"ul[class^=\\\"ad\\\"]\",\"action\":[\"remove\",\"\"]}","{\"selector\":\".main-content > .content-article:not(:has(+ .content-aside > div[data-tiara-layer][class=\\\"box_side\\\"]))\",\"action\":[\"style\",\"width: 100% !important;\"],\"cssable\":true}","{\"selector\":\".na-col > div[id^=\\\"carousel_\\\"].carousel-fade .carousel-item:has(a[href]:not([href*=\\\"//coolenjoy.net/\\\"])[target=\\\"_self\\\"])\",\"action\":[\"remove\",\"\"]}","{\"selector\":\"#welcomeMainBanner_welcomeMain div[id*=\\\"_containerWrap_\\\"]:has(img[src$=\\\"Banner/ad.jpg\\\"])\",\"action\":[\"remove\",\"\"]}","{\"selector\":\"#mdnw-main-recommend-realCuration-swipeContainer > div[id*=\\\"-ad-\\\"]\",\"action\":[\"remove\",\"\"]}","{\"selector\":\"div[class*=\\\"Banner\\\"] div[data-swiper-slide-index].swiper-slide:has(a[href^=\\\"/banners/\\\"])\",\"action\":[\"remove\",\"\"]}","{\"selector\":\".banner_control_inner li[data-target=\\\"#75\\\"].banner_group_item\",\"action\":[\"remove\",\"\"]}","{\"selector\":\".welcome_banner_inner li.swiper-slide:has(img[src*=\\\"image.kyobobook.co.kr/newimages/adcenter/\\\"])\",\"action\":[\"remove\",\"\"]}","{\"selector\":\".trendpickup__container > .trendtab-cont:has(p.badge--ad)\",\"action\":[\"remove\",\"\"]}","{\"selector\":\".trendtabs__list > li[data-adv_yn=\\\"Y\\\"]\",\"action\":[\"remove\",\"\"]}","{\"selector\":\"#content div[class^=\\\"basicList_list_\\\"] div:has(div[class^=\\\"adProduct_item_\\\"]):has(~ div)\",\"action\":[\"style\",\"height: 1px !important; visibility: hidden !important;\"],\"cssable\":true}","{\"selector\":\"#board_top > div > .top_best.best_list:has(+ .col div[id^=\\\"ad_\\\"])\",\"action\":[\"style\",\"width: 100% !important;\"],\"cssable\":true}","{\"selector\":\"div[module-design-id] ~ div > .component\",\"action\":[\"style\",\"margin-top: 0px !important;\"],\"tasks\":[[\"has\",{\"selector\":\"div:has(.text--smiledelivery_slogan)\"}],[\"spath\",\" .section--component_title\"]]}","{\"selector\":\".container:has(~ div[style]#toTop) article.content\",\"action\":[\"style\",\"margin-top: 100px !important;\"],\"cssable\":true}","{\"selector\":\".headding-news:has(~ div:not([style])#toTop) .col-md-8\",\"action\":[\"style\",\"margin-left: calc(50% - 384px) !important;\"],\"cssable\":true}","{\"selector\":\"div[data-mesh-id][data-testid] > div[id^=\\\"comp-\\\"]:has(form[id][class])\",\"action\":[\"style\",\"margin-top: -600px !important;\"],\"cssable\":true}","{\"selector\":\".nav-mobile\",\"action\":[\"style\",\"width: calc(100% - 290px) !important;\"],\"tasks\":[[\"matches-css\",{\"name\":\"display\",\"value\":\"^none$\"}],[\"spath\",\" ~ .base > .main\"]]}","{\"selector\":\".body > .content.xe_content:not(:has(article))\",\"action\":[\"style\",\"width: auto !important;\"],\"cssable\":true}","{\"selector\":\".section-lefttop-center:has(> .mule-today)\",\"action\":[\"style\",\"width: 100% !important;\"],\"cssable\":true}","{\"selector\":\"html\",\"action\":[\"style\",\"overflow: visible !important;\"],\"cssable\":true}","{\"selector\":\".ent_wrapper.slide-vertical-effect .ent_news\",\"action\":[\"remove\",\"\"],\"tasks\":[[\"not\",{\"selector\":\"\",\"tasks\":[[\"has\",{\"selector\":\".ent_prefix\",\"tasks\":[[\"has-text\",\"ZZAPFLIX\"]]}]]}]]}","{\"selector\":\"div[class*=\\\"-player-wrapper\\\"] > .play-media-control ~ div[class^=\\\"beeteam\\\"][class*=\\\"-player-sub-element\\\"]\",\"action\":[\"remove\",\"\"]}","{\"selector\":\"div[class^=\\\"PostAsideCardList_card_list_inner__\\\"] > div[class^=\\\"PostAsideCardList_card__\\\"]\",\"tasks\":[[\"has\",{\"selector\":\"div[class^=\\\"PostAsideCardList_close__\\\"]\",\"tasks\":[[\"has-text\",\"AD\"]]}]]}","{\"selector\":\"div[class] > section[class*=\\\" \\\"]\",\"tasks\":[[\"has\",{\"selector\":\"> section > a h3 > p\",\"tasks\":[[\"has-text\",\" · AD\"]]}]]}","{\"selector\":\".TimelineHeaderMargin ~ div .infinite-scroll-component > div\",\"tasks\":[[\"has\",{\"selector\":\"span[style*=\\\"max-height:\\\"]\",\"tasks\":[[\"has-text\",\"AD\"]]}]]}","{\"selector\":\"ul[class^=\\\"ContentHeaderView-\\\"][role=\\\"tablist\\\"] > li\",\"tasks\":[[\"has\",{\"selector\":\"> a\",\"tasks\":[[\"has-text\",\"쇼핑투데이\"]]}]]}","{\"selector\":\"div[class^=\\\"sc-\\\"] > div[class*=\\\" \\\"]:has(> a[href^=\\\"/products/\\\"])\",\"tasks\":[[\"has-text\",\"AD\"]]}","{\"selector\":\"div[class^=\\\"sc-\\\"] > div[class*=\\\" \\\"]:has(> a[href^=\\\"https://\\\"])\",\"tasks\":[[\"has-text\",\"광고\"]]}","{\"selector\":\".deallist_wrap li[data-d].item\",\"tasks\":[[\"has\",{\"selector\":\"span[role=\\\"presentation\\\"] > button\",\"tasks\":[[\"has-text\",\"AD\"]]}]]}","{\"selector\":\"aside > div[class*=\\\" \\\"]\",\"tasks\":[[\"has\",{\"selector\":\"> img[class] ~ div[class]\",\"tasks\":[[\"has-text\",\"광고\"]]}]]}","{\"selector\":\"#content > .recommend_section:has(> div[style^=\\\"padding:\\\"] > #m_pay_deliverytracking)\",\"tasks\":[[\"has-text\",\"/^[ \\\\n]+$/\"]]}","{\"selector\":\"section[class^=\\\"css-\\\"] section[class^=\\\"css-\\\"] > [class^=\\\"css-\\\"]:is(:has(section > a[target=\\\"_blank\\\"]), :has(> div[class^=\\\"media-area \\\"]))\",\"tasks\":[[\"has-text\",\" · AD\"],[\"spath\",\":not(:has(section ~ section))\"]]}","{\"selector\":\"._listA tr.notice\",\"tasks\":[[\"has\",{\"selector\":\"span[style]\",\"tasks\":[[\"has-text\",\"AD\"]]}]]}","{\"selector\":\"#sidebar > .module\",\"tasks\":[[\"has-text\",\"Ad\"]]}","{\"selector\":\"article[data-list-container=\\\"searchList\\\"] li\",\"tasks\":[[\"has\",{\"selector\":\"span\",\"tasks\":[[\"has-text\",\"AD\"],[\"spath\",\".gray_round_badge\"]]}]]}","{\"selector\":\".search_box_listdeal > .list_conts_wrap\",\"tasks\":[[\"has\",{\"selector\":\"span\",\"tasks\":[[\"has-text\",\"AD\"],[\"spath\",\".round_badge\"]]}]]}","{\"selector\":\"main#main .eq.section #bd table tr\",\"tasks\":[[\"has\",{\"selector\":\".no ~ .title span\",\"tasks\":[[\"has-text\",\"[AD]\"]]}]]}","{\"selector\":\".container .recent_news_inner\",\"tasks\":[[\"has\",{\"selector\":\"> h3\",\"tasks\":[[\"has-text\",\"AD\"]]}]]}","{\"selector\":\".section-intro > .m-latest-renew\",\"tasks\":[[\"has\",{\"selector\":\"h3\",\"tasks\":[[\"has-text\",\"오늘의 책\"]]}]]}","{\"selector\":\".section-intro > .m-latest-renew\",\"tasks\":[[\"has\",{\"selector\":\"h3\",\"tasks\":[[\"has-text\",\"MD 추천도서\"]]}]]}","{\"selector\":\"div[style]#cenArea > h2[style]\",\"tasks\":[[\"has-text\",\"오늘의 책\"]]}","{\"selector\":\"#container aside[class^=\\\"aside-\\\"]\",\"tasks\":[[\"has\",{\"selector\":\"iframe\",\"tasks\":[[\"matches-css\",{\"name\":\"display\",\"value\":\"^none$\"}]]}]]}","{\"selector\":\".offer-container > .suggestion-item\",\"tasks\":[[\"has\",{\"selector\":\"a[href=\\\"#\\\"] > span\",\"tasks\":[[\"has-text\",\"광고\"]]}]]}","{\"selector\":\"table\",\"tasks\":[[\"has\",{\"selector\":\"> tbody > tr > td\",\"tasks\":[[\"has-text\",\"bannerManager\"],[\"spath\",\":not(:has(> *))\"]]}]]}","{\"selector\":\"#right-sidebar > .inside-right-sidebar > div[class]\",\"tasks\":[[\"not\",{\"selector\":\"\",\"tasks\":[[\"has-text\",\"Hi there, I\\\\'m EGG.\"]]}]]}","{\"selector\":\"tr\",\"tasks\":[[\"has\",{\"selector\":\"> td > a[href^=\\\"../ad_board/\\\"]\",\"tasks\":[[\"has-text\",\"광고\"]]}]]}","{\"selector\":\"ul > li\",\"tasks\":[[\"has\",{\"selector\":\"> a[href^=\\\"./ad_board/\\\"]\",\"tasks\":[[\"has-text\",\"광고\"]]}]]}","{\"selector\":\"tr.is_notice\",\"tasks\":[[\"has\",{\"selector\":\"span\",\"tasks\":[[\"has-text\",\"(광고)\"]]}]]}","{\"selector\":\".topbar-area\",\"tasks\":[[\"has\",{\"selector\":\"> .badge\",\"tasks\":[[\"has-text\",\"뉴스\"]]}]]}","{\"selector\":\".app-board-section > ul.app-board-template-list > li.notice\",\"tasks\":[[\"has\",{\"selector\":\"> a[href] > span > font[color]\",\"tasks\":[[\"has-text\",\"AD\"]]}]]}","{\"selector\":\".aside_item.banner\",\"tasks\":[[\"has\",{\"selector\":\"> h4[style~=\\\"font-size:13px;color:#999999;margin:0\\\"]\",\"tasks\":[[\"has-text\",\"AD\"]]}]]}","{\"selector\":\"table.table-divider > tbody > tr.notice\",\"tasks\":[[\"has\",{\"selector\":\"> td.title > a > strong[style]\",\"tasks\":[[\"has-text\",\"[프리미엄]\"]]}]]}","{\"selector\":\"section.gall-lst-group > ul > li\",\"tasks\":[[\"has\",{\"selector\":\"> div.detail-top-lnk > a[href*=\\\"//addc.dcinside.com/\\\"].lt > span\",\"tasks\":[[\"has-text\",\"AD\"]]}]]}","{\"selector\":\"section[id^=\\\"custom_\\\"]\",\"tasks\":[[\"has\",{\"selector\":\"> div.widget_text > h3\",\"tasks\":[[\"has-text\",\"SPONSORED\"],[\"spath\",\".widgettitle\"]]}]]}","{\"selector\":\".app > div > div > div[class]\",\"tasks\":[[\"has\",{\"selector\":\"> div[class] > div[class] > div[class]\",\"tasks\":[[\"has-text\",\"파워링크\"]]}]]}","{\"selector\":\"div\",\"tasks\":[[\"has\",{\"selector\":\"> div > div > div\",\"tasks\":[[\"has-text\",\"연관상품\"],[\"spath\",\" > div\"],[\"has\",{\"selector\":\"> div\",\"tasks\":[[\"has-text\",\"AD\"]]}],[\"spath\",\" > img[alt=\\\"AD 가이드\\\"]\"]]}]]}","{\"selector\":\"table[role=\\\"presentation\\\"] div[style=\\\"text-align: center;\\\"]:has(a[href$=\\\"/perfumelove/1193249\\\"])\",\"tasks\":[[\"matches-path\",\"/(&|\\\\\\\\.|\\\\\\\\?)clubid=10001688($|&)/\"]]}","{\"selector\":\"table[role=\\\"presentation\\\"] #editorMainContent p[style^=\\\"text-align\\\"]:has(a[href*=\\\".twitch.tv/\\\"] + a[href*=\\\".twitch.tv/\\\"]) ~ p\",\"tasks\":[[\"matches-path\",\"/(&|\\\\\\\\.|\\\\\\\\?)clubid=27842958($|&)/\"]]}","{\"selector\":\"#editorMainContent > *:has(a > img)\",\"tasks\":[[\"matches-path\",\"/(&|\\\\\\\\.|\\\\\\\\?)clubid=14062859(&|$)/\"]]}","{\"selector\":\"#editorMainContent tr ~ tr:not([class]):has(+ .ad)\",\"tasks\":[[\"matches-path\",\"/(&|\\\\\\\\.|\\\\\\\\?)clubid=14605461($|&)/\"]]}","{\"selector\":\"#cafe-menu .cafe-menu-tit\",\"tasks\":[[\"has-text\",\"우리카페 협력업체\"],[\"spath\",\" + ul\"],[\"matches-path\",\"/fx8300($|\\\\\\\\/|\\\\\\\\?)/\"]]}","{\"selector\":\"#cafe-menu .cafe-menu-tit\",\"tasks\":[[\"has-text\",\"우리카페 협력업체\"],[\"matches-path\",\"/fx8300($|\\\\\\\\/|\\\\\\\\?)/\"]]}","{\"selector\":\".article-board tr.type_main\",\"tasks\":[[\"not\",{\"selector\":\"\",\"tasks\":[[\"has\",{\"selector\":\".td_name .m-tcol-c\",\"tasks\":[[\"has-text\",\"/(카페지기|매니저)/\"]]}]]}],[\"matches-path\",\"/(&|\\\\\\\\.|\\\\\\\\?)clubid=28173877($|&)/\"]]}","{\"selector\":\".location_bar\",\"tasks\":[[\"has\",{\"selector\":\".active\",\"tasks\":[[\"has-text\",\"전체공지\"]]}],[\"spath\",\" ~ .location_fix li.board_box\"],[\"not\",{\"selector\":\"\",\"tasks\":[[\"has\",{\"selector\":\"a[href].txt_area span.nick\",\"tasks\":[[\"has-text\",\"/중고나라스태프|중나중나지기/\"]]}]]}],[\"matches-path\",\"/ca-fe\\\\\\\\/(web\\\\\\\\/cafes\\\\\\\\/|)(joonggonara|joonggonara\\\\\\\\.cafe|10050146)($|\\\\\\\\/|\\\\\\\\?)/\"]]}","{\"selector\":\"#content-area #upperArticleList tr.board-notice\",\"tasks\":[[\"not\",{\"selector\":\"\",\"tasks\":[[\"has\",{\"selector\":\"td.p-nick > a\",\"tasks\":[[\"has-text\",\"중고나라스태프\"]]}]]}],[\"not\",{\"selector\":\"\",\"tasks\":[[\"has\",{\"selector\":\"td.p-nick > a\",\"tasks\":[[\"has-text\",\"중나중나지기\"]]}]]}],[\"matches-path\",\"(&|\\\\\\\\.|\\\\\\\\?)clubid=10050146($|&)/\"]]}","{\"selector\":\"#cafe-menu .cafe-menu-tit\",\"tasks\":[[\"has-text\",\"AD\"],[\"spath\",\" + ul\"],[\"matches-path\",\"/joonggonara($|\\\\\\\\/|\\\\\\\\?)/\"]]}","{\"selector\":\"#cafe-menu .cafe-menu-tit\",\"tasks\":[[\"has-text\",\"AD\"],[\"matches-path\",\"/joonggonara($|\\\\\\\\/|\\\\\\\\?)/\"]]}","{\"selector\":\"#editorMainContent *\",\"tasks\":[[\"has\",{\"selector\":\"~ div[title][style]:has(a[target=\\\"_blank\\\"][href*=\\\".police.go.kr/\\\"])\"}],[\"matches-path\",\"/(&|\\\\\\\\.|\\\\\\\\?)clubid=10050146($|&)/\"]]}","{\"selector\":\".location_bar\",\"tasks\":[[\"has\",{\"selector\":\".active\",\"tasks\":[[\"has-text\",\"전체공지\"]]}],[\"spath\",\" ~ .location_fix li.board_box\"],[\"has\",{\"selector\":\"a[href].txt_area span.nick\",\"tasks\":[[\"has-text\",\"삼성스마트폰카페운영\"]]}],[\"matches-path\",\"/ca-fe\\\\\\\\/(web\\\\\\\\/cafes\\\\\\\\/|)(anycallusershow|13764661)($|\\\\\\\\/|\\\\\\\\?)/\"]]}","{\"selector\":\"#upperArticleList ._noticeArticle:has(a[href][class][onclick])\",\"tasks\":[[\"has\",{\"selector\":\".td_name a[onclick][href][class]\",\"tasks\":[[\"has-text\",\"삼성스마트폰카페운영\"]]}],[\"matches-path\",\"/(&|\\\\\\\\.|\\\\\\\\?)clubid=13764661($|&)/\"]]}","{\"selector\":\"#editorMainContent div[title][style^=\\\"color\\\"]:not(:has(a[target=\\\"_blank\\\"])) ~ *:has(a[target=\\\"_blank\\\"])\",\"tasks\":[[\"matches-path\",\"/(&|\\\\\\\\.|\\\\\\\\?)clubid=13764661($|&)/\"]]}","{\"selector\":\"a[target=\\\"_blank\\\"][href^=\\\"http://\\\"].menu-a\",\"tasks\":[[\"has-text\",\"보증토토\"]]}","{\"selector\":\".alert-danger.container\",\"tasks\":[[\"has-text\",\"[AD]\"]]}","{\"selector\":\".menu-ul > .menu-li\",\"tasks\":[[\"has\",{\"selector\":\"> a\",\"tasks\":[[\"has-text\",\"보증토토\"]]}]]}","{\"selector\":\".alert.alert-danger\",\"tasks\":[[\"has\",{\"selector\":\"> a\",\"tasks\":[[\"has-text\",\"[AD]\"]]}]]}","{\"selector\":\"*[class*=\\\"not_cookie\\\"]\",\"action\":[\"remove-class\",\"not_cookie\"]}","{\"selector\":\"*[class*=\\\"backdrop-blur-lg\\\"]\",\"action\":[\"remove-class\",\"backdrop-blur-lg\"]}","{\"selector\":\"#hdSearchBarText\",\"action\":[\"remove-attr\",\"value\"]}","{\"selector\":\"#hdSearchBarLink\",\"action\":[\"remove-attr\",\"value\"]}","{\"selector\":\"#bo_v_atc.mheight\",\"action\":[\"remove-class\",\"mheight\"]}","{\"selector\":\".xe_content\",\"action\":[\"style\",\"opacity: 1 !important;\"],\"cssable\":true}","{\"selector\":\".adsbygoogle\",\"action\":[\"remove\",\"\"]}","{\"selector\":\".la\",\"action\":[\"style\",\"height: 75px !important; width: 75px !important; visibility: hidden !important;\"],\"cssable\":true}","{\"selector\":\".tabad\",\"action\":[\"style\",\"top: -100px !important;\"],\"cssable\":true}","{\"selector\":\".ads-block-warning-overlay\",\"action\":[\"remove\",\"\"]}","{\"selector\":\"#top-sponsor\",\"action\":[\"style\",\"height: 60px !important; top: -60px !important; position: absolute !important; visibility: hidden !important;\"],\"cssable\":true}","{\"selector\":\".main-content\",\"action\":[\"style\",\"width: calc(100vw - 220px) !important;\"],\"cssable\":true}","{\"selector\":\".wrap.id_search .comp_container\",\"action\":[\"style\",\"margin-top: 0px !important;\"],\"cssable\":true}","{\"selector\":\"div[class*=\\\"w-full min-w-[280px] pt-10\\\"] > .p-4.pb-0 div[class*=\\\"max-w-[480px]\\\"]\",\"action\":[\"style\",\"width: 100% !important; max-width: none !important;\"],\"cssable\":true}","{\"selector\":\"#summoner-name-header-container\",\"action\":[\"style\",\"width: 100% !important;\"],\"cssable\":true}","{\"selector\":\".relative .post-contents > div[style]\",\"action\":[\"style\",\"height: auto !important;\"],\"cssable\":true}","{\"selector\":\"div[class*=\\\" \\\"]:has(+ div[class*=\\\" \\\"] > div > a[target=\\\"_blank\\\"][href^=\\\"https://\\\"])\",\"action\":[\"style\",\"width: 100% !important;\"],\"cssable\":true}","{\"selector\":\"#shortcutArea\",\"action\":[\"style\",\"height: auto !important; padding-left: 14px !important;\"],\"cssable\":true}","{\"selector\":\".seller_filter_area ~ div[class*=\\\"_list_\\\"] div[class^=\\\"adProduct_item\\\"]\",\"action\":[\"style\",\"visibility: hidden !important; height: 1px !important; padding: 0 !important;\"],\"cssable\":true}","{\"selector\":\"body.modal-open:has(> #academyMainModal a[href^=\\\"https://academy.prompie.com/banners/\\\"])\",\"action\":[\"style\",\"overflow: auto !important;\"],\"cssable\":true}","{\"selector\":\"#shortcutArea\",\"action\":[\"style\",\"padding-left: 64px !important;\"],\"cssable\":true}","{\"selector\":\"#inner-content-body.hided\",\"action\":[\"style\",\"max-height: fit-content !important;\"],\"cssable\":true}","{\"selector\":\"#content-container\",\"action\":[\"style\",\"padding-top: 10px !important;\"],\"cssable\":true}","{\"selector\":\"#top-area > div[class*=\\\" \\\"] > div[class*=\\\" \\\"]:has(div:not([class]) ~ button)\",\"action\":[\"style\",\"width: 100% !important;\"],\"cssable\":true}","{\"selector\":\"div[style^=\\\"display:\\\"] > div[style^=\\\"flex-basis\\\"]:has(~ .fvideo)\",\"action\":[\"style\",\"width: 100% !important;\"],\"cssable\":true}","{\"selector\":\"div[style^=\\\"display:\\\"] > div[style^=\\\"flex-basis\\\"]:has(~ .fvideo) .news_top\",\"action\":[\"style\",\"width: revert-layer !important;\"],\"cssable\":true}","{\"selector\":\"div[style^=\\\"display:\\\"] > div[style^=\\\"flex-basis\\\"]:has(~ .fvideo) .news_box\",\"action\":[\"style\",\"width: revert-layer !important;\"],\"cssable\":true}","{\"selector\":\"#board_top .best_list\",\"action\":[\"style\",\"width: 100% !important;\"],\"cssable\":true}","{\"selector\":\".post-contents > div[style]\",\"action\":[\"style\",\"height: 100% !important;\"],\"cssable\":true}","{\"selector\":\".container-content > section[class*=\\\" \\\"] ~ main[class*=\\\" \\\"]\",\"action\":[\"style\",\"margin-top: 50px !important;\"],\"cssable\":true}","{\"selector\":\"#map_area\",\"action\":[\"style\",\"height: 100% !important;\"],\"cssable\":true}","{\"selector\":\".inner-body.hided\",\"action\":[\"style\",\"overflow-y: auto !important; max-height: none !important;\"],\"cssable\":true}","{\"selector\":\"#mw_mobile > .mw_icon_box\",\"action\":[\"style\",\"margin-top: 25px !important;\"],\"cssable\":true}","{\"selector\":\".banner_slot_top + #container .article_cover\",\"action\":[\"style\",\"top: 100px !important;\"],\"cssable\":true}","{\"selector\":\"div[id^=\\\"SmartPhone_\\\"][id$=\\\"_today\\\"] .lists > li::before\",\"action\":[\"style\",\"padding-top: 0px !important; border-bottom: none !important;\"],\"cssable\":true}","{\"selector\":\".news-view-wrap\",\"action\":[\"style\",\"padding-top: 0px !important;\"],\"cssable\":true}","{\"selector\":\"#zzbang_img\",\"action\":[\"style\",\"display: block !important;\"],\"cssable\":true}","{\"selector\":\"#wrap > div[style*=\\\"height:\\\"][style^=\\\"position:\\\"] + header\",\"action\":[\"style\",\"margin-top: 0px !important;\"],\"cssable\":true}","{\"selector\":\"article > div[class^=\\\"sc-\\\"]\",\"action\":[\"style\",\"grid-template-columns: none !important;\"],\"cssable\":true}","{\"selector\":\"body[style]\",\"action\":[\"style\",\"overflow: auto !important;\"],\"cssable\":true}","{\"selector\":\"html[style]\",\"action\":[\"style\",\"overflow: auto !important;\"],\"cssable\":true}","{\"selector\":\".bodyHide\",\"action\":[\"style\",\"height: auto !important;\"],\"cssable\":true}","{\"selector\":\".topBannerWrapper *\",\"action\":[\"style\",\"height: 1px !important;\"],\"cssable\":true}","{\"selector\":\".depthContentsWrap .productListWrap .searchList\",\"action\":[\"style\",\"margin-top: 0px !important;\"],\"cssable\":true}","{\"selector\":\"body\",\"action\":[\"style\",\"padding-top: 0px !important;\"],\"cssable\":true}","{\"selector\":\"#allKillItemList > .item_list_wrap\",\"action\":[\"style\",\"width: 100% !important;\"],\"cssable\":true}","{\"selector\":\"#ySContent .loginCont\",\"action\":[\"style\",\"margin-left: 200px !important;\"],\"cssable\":true}","{\"selector\":\".mContRT .mbnZone\",\"action\":[\"style\",\"left: 94.5px !important;\"],\"cssable\":true}","{\"selector\":\"#entFlick\",\"action\":[\"style\",\"height: auto !important;\"],\"cssable\":true}","{\"selector\":\"#yHeader .yesSearch .key_latest .lastest_word\",\"action\":[\"style\",\"width: 100% !important;\"],\"cssable\":true}","{\"selector\":\"#yWelMid .yWelNowBook\",\"action\":[\"style\",\"width: 100% !important;\"],\"cssable\":true}","{\"selector\":\"#yWelMid .yWelNowBook ul\",\"action\":[\"style\",\"margin-left: calc(50% - 436px) !important;\"],\"cssable\":true}","{\"selector\":\"#yWelTopMid .yWelTodayBook\",\"action\":[\"style\",\"width: calc(100% - 240px) !important;\"],\"cssable\":true}","{\"selector\":\"#yWelTopMid .yWelTodayBook .tBCont .tBInfo .tb_readCon\",\"action\":[\"style\",\"width: calc(100% - 30px) !important;\"],\"cssable\":true}","{\"selector\":\"#mbnRoll_yNow > .mbnRollUnit > .pagen_1\",\"action\":[\"style\",\"width: 363px !important;\"],\"cssable\":true}","{\"selector\":\"#mbnRoll_yNow > .mbnRollUnit > .pagen_2\",\"action\":[\"style\",\"width: 363px !important; left: 363px !important;\"],\"cssable\":true}","{\"selector\":\"#mbnRoll_yNow > .mbnRollUnit > .pagen_3\",\"action\":[\"style\",\"width: 363px !important; left: 726px !important;\"],\"cssable\":true}","{\"selector\":\"#mbnRoll_001 > .mbnRollUnit > .pagen_1\",\"action\":[\"style\",\"width: 239px !important;\"],\"cssable\":true}","{\"selector\":\"#mbnRoll_001 > .mbnRollUnit > .pagen_2\",\"action\":[\"style\",\"width: 239px !important; left: 239px !important;\"],\"cssable\":true}","{\"selector\":\"#mbnRoll_001 > .mbnRollUnit > .pagen_3\",\"action\":[\"style\",\"width: 239px !important; left: 478px !important;\"],\"cssable\":true}","{\"selector\":\"#mbnRoll_001 > .mbnRollUnit > .pagen_4\",\"action\":[\"style\",\"width: 240px !important; left: 717px !important;\"],\"cssable\":true}","{\"selector\":\"div[class^=\\\"Layout-module_\\\"] #newsstand\",\"action\":[\"style\",\"margin-top: 0px !important;\"],\"cssable\":true}","{\"selector\":\".article-adCover-div\",\"action\":[\"style\",\"height: 100% !important;\"],\"cssable\":true}","{\"selector\":\".main-top-banner + .box\",\"action\":[\"style\",\"margin-top: 0px !important;\"],\"cssable\":true}","{\"selector\":\".content.partners-wrap\",\"action\":[\"style\",\"max-height: 100% !important;\"],\"cssable\":true}","{\"selector\":\".social-after-title\",\"action\":[\"style\",\"height: auto !important;\"],\"cssable\":true}","{\"selector\":\"#SirenDiv\",\"action\":[\"style\",\"display: block !important;\"],\"cssable\":true}","{\"selector\":\".body.mwcphide\",\"action\":[\"style\",\"height: 100% !important;\"],\"cssable\":true}","{\"selector\":\"#contentBody.bodyHide\",\"action\":[\"style\",\"height: 100% !important;\"],\"cssable\":true}","{\"selector\":\".content-full\",\"action\":[\"style\",\"height: auto !important;\"],\"cssable\":true}","{\"selector\":\".content_body > div[class^=\\\"lotto_\\\"]\",\"action\":[\"style\",\"filter: none !important; -webkit-filter: none !important;\"],\"cssable\":true}","{\"selector\":\".wrap.blocked .content_more_div\",\"action\":[\"style\",\"max-height: 100% !important;\"],\"cssable\":true}","{\"selector\":\".result_wrap\",\"action\":[\"style\",\"display: block !important;\"],\"cssable\":true}","{\"selector\":\".column_content\",\"action\":[\"style\",\"margin-top: 50px !important;\"],\"cssable\":true}","{\"selector\":\"#topSearchWrap\",\"action\":[\"style\",\"padding-bottom: 50px !important;\"],\"cssable\":true}","{\"selector\":\"#content .ad_parent\",\"action\":[\"style\",\"height: 100% !important; overflow: auto !important;\"],\"cssable\":true}","{\"selector\":\".respons-edit > div[style].float-left\",\"action\":[\"style\",\"width: 100% !important;\"],\"cssable\":true}","{\"selector\":\"header > .header-body\",\"action\":[\"style\",\"width: 100% !important;\"],\"cssable\":true}","{\"selector\":\"#journalist_card li\",\"action\":[\"style\",\"width: 100% !important;\"],\"cssable\":true}","{\"selector\":\".article_area .article_left\",\"action\":[\"style\",\"width: 100% !important;\"],\"cssable\":true}","{\"selector\":\".container .contents > .subcontents:nth-child(1)\",\"action\":[\"style\",\"margin-top: 0px !important;\"],\"cssable\":true}","{\"selector\":\"html:not([data-n-head]) .contents > .headline\",\"action\":[\"style\",\"margin-top: 0px !important; height: 70px !important;\"],\"cssable\":true}","{\"selector\":\".article_area > .article_left\",\"action\":[\"style\",\"width: 100% !important;\"],\"cssable\":true}","{\"selector\":\".ask_hamburger_wrapper\",\"action\":[\"style\",\"top: 0px !important;\"],\"cssable\":true}","{\"selector\":\".ask_wrapper.not_host\",\"action\":[\"style\",\"top: 0px !important;\"],\"cssable\":true}","{\"selector\":\".ask_wrapper .ask_title_zone\",\"action\":[\"style\",\"top: 0px !important;\"],\"cssable\":true}","{\"selector\":\".expanded > #user-container\",\"action\":[\"style\",\"padding-top: 0px !important;\"],\"cssable\":true}","{\"selector\":\".mo-new-header .header .show-ads\",\"action\":[\"style\",\"max-height: 54px !important;\"],\"cssable\":true}","{\"selector\":\".bch-main-wrapper > .right-cont\",\"action\":[\"style\",\"margin-right: calc(50% - 180px) !important; width: 100% !important;\"],\"cssable\":true}","{\"selector\":\".content\",\"action\":[\"style\",\"width: 100% !important;\"],\"cssable\":true}","{\"selector\":\".article-ad ~ p[style][class^=\\\"title\\\"]\",\"action\":[\"style\",\"margin-top: 100px !important;\"],\"cssable\":true}","{\"selector\":\"div[class^=\\\"main\\\"]#middle_area .academy.fleft:not(.iyua)\",\"action\":[\"style\",\"margin-left: calc(11.5%) !important;\"],\"cssable\":true}","{\"selector\":\"#id_my_menu_area ~ #main_sky_banner_area\",\"action\":[\"style\",\"margin-left: 685px !important;\"],\"cssable\":true}","{\"selector\":\".go_top.go_button\",\"action\":[\"style\",\"width: 100% !important;\"],\"cssable\":true}","{\"selector\":\".productDetailWrap > .contentsWrap\",\"action\":[\"style\",\"padding-bottom: 0px !important;\"],\"cssable\":true}","{\"selector\":\"#hotPlace.myBox\",\"action\":[\"style\",\"margin-left: calc(50% - 65px) !important;\"],\"cssable\":true}","{\"selector\":\".board_view .related_area\",\"action\":[\"style\",\"height: 300px !important;\"],\"cssable\":true}","{\"selector\":\"div[data-tiara-layer]:not([id])\",\"action\":[\"style\",\"margin-top: 0px !important; position: relative !important;\"],\"cssable\":true}","{\"selector\":\".td-pb-span8\",\"action\":[\"style\",\"width: 100% !important;\"],\"cssable\":true}","{\"selector\":\"body .td-header-wrap\",\"action\":[\"style\",\"margin-top: 0px !important;\"],\"cssable\":true}","{\"selector\":\"div[style].clearfix > .nd-by-line\",\"action\":[\"style\",\"width: 100% !important;\"],\"cssable\":true}","{\"selector\":\".news_synthesis_sec .col.col_4\",\"action\":[\"style\",\"width: 100% !important;\"],\"cssable\":true}","{\"selector\":\".box__login #login_tab\",\"action\":[\"style\",\"width: 100% !important;\"],\"cssable\":true}","{\"selector\":\".box__login .box__login-member\",\"action\":[\"style\",\"width: 100% !important;\"],\"cssable\":true}","{\"selector\":\".mod-top > .main-promo\",\"action\":[\"style\",\"margin-left: calc(50% - 205px) !important;\"],\"cssable\":true}","{\"selector\":\".layout-main .panel.no-margin\",\"action\":[\"style\",\"padding-top: 50px !important;\"],\"cssable\":true}","{\"selector\":\".layout-main .main-menu\",\"action\":[\"style\",\"top: 0px !important;\"],\"cssable\":true}","{\"selector\":\"#wrap_cnts td[valign=\\\"top\\\"] #wrap_ctgr_new\",\"action\":[\"style\",\"width: 100% !important;\"],\"cssable\":true}","{\"selector\":\"#wrap_cnts td[valign=\\\"top\\\"] #wrap_ctgr_new > div[id]\",\"action\":[\"style\",\"width: 100% !important;\"],\"cssable\":true}","{\"selector\":\"body[data-elementor-device-mode=\\\"desktop\\\"] div[itemprop=\\\"mainContentOfPage\\\"]\",\"action\":[\"style\",\"width: 100% !important;\"],\"cssable\":true}","{\"selector\":\".news_doc #footer\",\"action\":[\"style\",\"position: static !important;\"],\"cssable\":true}","{\"selector\":\".td-is-sticky > .wpb_wrapper\",\"action\":[\"style\",\"top: 0px !important;\"],\"cssable\":true}","{\"selector\":\"#newsBody\",\"action\":[\"style\",\"height: auto !important;\"],\"cssable\":true}","{\"selector\":\"#hidden1\",\"action\":[\"style\",\"display: block !important;\"],\"cssable\":true}","{\"selector\":\"#popupBody #nonmember_all .button_login2\",\"action\":[\"style\",\"width: 100% !important;\"],\"cssable\":true}","{\"selector\":\"#popupBody #nonmember_all .left1\",\"action\":[\"style\",\"width: 100% !important;\"],\"cssable\":true}","{\"selector\":\"#welcomeMainBanner_welcome_tab\",\"action\":[\"style\",\"left: calc(50% - 186px) !important;\"],\"cssable\":true}","{\"selector\":\"div[class*=\\\"inner\\\"].column > div\",\"action\":[\"style\",\"width: 100% !important;\"],\"cssable\":true}","{\"selector\":\".inner-main [data-cloud*=\\\"_ad_\\\"] + div\",\"action\":[\"style\",\"margin-top: 0px !important;\"],\"cssable\":true}","{\"selector\":\"div[class^=\\\"premium-lawyer\\\"] ~ a.goto-all-lawyers\",\"action\":[\"style\",\"margin-top: 40px !important;\"],\"cssable\":true}","{\"selector\":\"div[ng-if] > .lawyers-section.has-border-bottom\",\"action\":[\"style\",\"height: 250px !important;\"],\"cssable\":true}","{\"selector\":\"header .artc_ad\",\"action\":[\"style\",\"height: 130px !important;\"],\"cssable\":true}","{\"selector\":\"header\",\"action\":[\"style\",\"height: 100px !important;\"],\"cssable\":true}","{\"selector\":\"li.area_guide\",\"action\":[\"style\",\"width: 96% !important;\"],\"cssable\":true}","{\"selector\":\".cs_news_area .cs_area\",\"action\":[\"style\",\"width: calc(100% - 2px) !important;\"],\"cssable\":true}","{\"selector\":\".contentBox > .topNews > .con-L\",\"action\":[\"style\",\"border-top: none !important;\"],\"cssable\":true}","{\"selector\":\".contentBox > .topNews .icon-list\",\"action\":[\"style\",\"border-top: none !important;\"],\"cssable\":true}","{\"selector\":\"[class][itemtype*=\\\"//schema.org/\\\"] > .center\",\"action\":[\"style\",\"width: 100% !important; flex-basis: 100% !important;\"],\"cssable\":true}","{\"selector\":\"[class][itemtype*=\\\"//schema.org/\\\"] .markdown\",\"action\":[\"style\",\"max-width: 100% !important; flex-basis: 100% !important;\"],\"cssable\":true}","{\"selector\":\".box-skin .mobile-popular\",\"action\":[\"style\",\"border-top: none !important;\"],\"cssable\":true}","{\"selector\":\".thisTimeNews > ul\",\"action\":[\"style\",\"border-right: none !important; width: 100% !important;\"],\"cssable\":true}","{\"selector\":\".feature_index .box_user\",\"action\":[\"style\",\"width: 100% !important;\"],\"cssable\":true}","{\"selector\":\".wide_layout .wrap_srch_res .wrap_tab\",\"action\":[\"style\",\"width: 100% !important;\"],\"cssable\":true}","{\"selector\":\".wide_layout .wrap_srch_res .wrap_sort\",\"action\":[\"style\",\"width: auto !important;\"],\"cssable\":true}","{\"selector\":\".wide_layout .wrap_srch_res [class*=\\\"prod_type2\\\"]\",\"action\":[\"style\",\"width: 1275px !important; border-left: 1px solid #e4e4e4 !important; background-image: none !important;\"],\"cssable\":true}","{\"selector\":\".MapMain > #map\",\"action\":[\"style\",\"width: 100% !important;\"],\"cssable\":true}","{\"selector\":\"form[name=\\\"loginForm\\\"][action*=\\\"login.yp\\\"] > table\",\"action\":[\"style\",\"margin-left: calc(25% - 27px) !important;\"],\"cssable\":true}","{\"selector\":\"html\",\"action\":[\"style\",\"overflow: auto !important;\"],\"cssable\":true}","{\"selector\":\"#index > div[id^=\\\"index_box\\\"][class]:not(.index_row_full)\",\"action\":[\"style\",\"margin-left: calc(50% - 145.5px) !important;\"],\"cssable\":true}","{\"selector\":\"#loginFormWrite\",\"action\":[\"style\",\"margin-left: 25% !important;\"],\"cssable\":true}","{\"selector\":\".byWd .matchingContWrap\",\"action\":[\"style\",\"margin-top: 0px !important;\"],\"cssable\":true}","{\"selector\":\"header ~ header\",\"action\":[\"style\",\"margin-top: 50px !important;\"],\"cssable\":true}","{\"selector\":\".articleView + .aside .smallbox + .smallbox\",\"action\":[\"style\",\"border-top: none !important;\"],\"cssable\":true}","{\"selector\":\".content_area .todayBox\",\"action\":[\"style\",\"width: 100% !important;\"],\"cssable\":true}","{\"selector\":\".inner_contents\",\"action\":[\"style\",\"margin-bottom: 0px !important;\"],\"cssable\":true}","{\"selector\":\"div[class^=\\\"ppom_newSub\\\"] .top_newSub .left_wt\",\"action\":[\"style\",\"width: 100% !important;\"],\"cssable\":true}","{\"selector\":\"#main_sec\",\"action\":[\"style\",\"margin-top: 100px !important;\"],\"cssable\":true}","{\"selector\":\".wrap-login > .sect-login\",\"action\":[\"style\",\"margin-left: calc(50% - 270px) !important;\"],\"cssable\":true}","{\"selector\":\".sect-movie-chart > ol:nth-child(2) > li\",\"action\":[\"style\",\"margin-left: 130px !important;\"],\"cssable\":true}","{\"selector\":\"html[class*=\\\"pc-size\\\"] .m-contents > .side-area > div:nth-child(-1n+4)\",\"action\":[\"style\",\"top: auto !important; left: auto !important;\"],\"cssable\":true}","{\"selector\":\"html[class*=\\\"pc-size\\\"] .m-contents > .side-area > .analysis-ranking1\",\"action\":[\"style\",\"top: 475px !important; left: auto !important; width: 100% !important;\"],\"cssable\":true}","{\"selector\":\"html[class*=\\\"pc-size\\\"] .side-area + .m-guide\",\"action\":[\"style\",\"margin-bottom: 150px !important;\"],\"cssable\":true}","{\"selector\":\".news-cate + .news-box\",\"action\":[\"style\",\"padding-right: 0px !important;\"],\"cssable\":true}","{\"selector\":\"div[class~=\\\"hospital-images-box\\\"] ~ .row > .col-8\",\"action\":[\"style\",\"max-width: 100% !important; flex: none !important;\"],\"cssable\":true}","{\"selector\":\"table[style][width][cellspacing][cellpadding] tr[valign] > td[style] > div[style]\",\"action\":[\"style\",\"width: 100% !important;\"],\"cssable\":true}","{\"selector\":\".gdl-page-item\",\"action\":[\"style\",\"width: 100% !important;\"],\"cssable\":true}","{\"selector\":\"div[style].row.no-gutters > .col-6\",\"action\":[\"style\",\"max-width: 75% !important; flex-basis: 75% !important;\"],\"cssable\":true}","{\"selector\":\"#primary\",\"action\":[\"style\",\"width: 100% !important\"],\"cssable\":true}","{\"selector\":\".ebs_item .inner > div[class]\",\"action\":[\"style\",\"width: 50% !important;\"],\"cssable\":true}","{\"selector\":\"header.main-header\",\"action\":[\"style\",\"top: 0px !important;\"],\"cssable\":true}","{\"selector\":\".bot-content-area .mid-util-wrap > div\",\"action\":[\"style\",\"width: calc(50% - 5px) !important;\"],\"cssable\":true}","{\"selector\":\".errorlay .new-login-warp\",\"action\":[\"style\",\"padding-top: 20px !important; margin-left: calc(50% - 232.5px) !important;\"],\"cssable\":true}","{\"selector\":\"#pnlContainer .con_b > .reply_b\",\"action\":[\"style\",\"margin: 0px auto !important;\"],\"cssable\":true}","{\"selector\":\".wrap_home .section_spot\",\"action\":[\"style\",\"width: 100% !important;\"],\"cssable\":true}","{\"selector\":\".wrap_home .section_spot .best_qna_wrap\",\"action\":[\"style\",\"width: 100% !important;\"],\"cssable\":true}","{\"selector\":\"#contentmemo ~ .adsbygoogle > div[style^=\\\"font-size:\\\"]\",\"action\":[\"style\",\"width: 100% !important;\"],\"cssable\":true}","{\"selector\":\"#section_body\",\"action\":[\"style\",\"border-top: none !important;\"],\"cssable\":true}","{\"selector\":\".content_join\",\"action\":[\"style\",\"margin-left: calc(50% - 200px) !important;\"],\"cssable\":true}","{\"selector\":\"#body_wrap > #body_main > div[style]:nth-child(1), #body_wrap > #body_main > div[style]:nth-child(3)\",\"action\":[\"style\",\"width: calc(50% - 5px) !important;\"],\"cssable\":true}","{\"selector\":\"#board_read .board_main_top .member_reward_wrapper\",\"action\":[\"style\",\"margin-top: 20px !important; float: right !important; margin-right: 20px !important;\"],\"cssable\":true}","{\"selector\":\".area_ranking\",\"action\":[\"style\",\"top: 400px !important;\"],\"cssable\":true}","{\"selector\":\"#header\",\"action\":[\"style\",\"margin-bottom: 0px !important;\"],\"cssable\":true}","{\"selector\":\".login_inputbox\",\"action\":[\"style\",\"float: none !important;\"],\"cssable\":true}","{\"selector\":\".login_inputbox .inner\",\"action\":[\"style\",\"width: calc(100% - 115px) !important;\"],\"cssable\":true}","{\"selector\":\"#searchArea .viewType_L .product_list li .prd_info\",\"action\":[\"style\",\"width: 700px !important;\"],\"cssable\":true}","{\"selector\":\".wrap_list .standard\",\"action\":[\"style\",\"width: 100% !important;\"],\"cssable\":true}","{\"selector\":\"#searchArea .title_wrap\",\"action\":[\"style\",\"width: calc(100% - 50px) !important;\"],\"cssable\":true}","{\"selector\":\".banner-open .contents\",\"action\":[\"style\",\"padding-top: 68px !important;\"],\"cssable\":true}","{\"selector\":\"body\",\"action\":[\"style\",\"overflow-x: auto !important; overflow-y: auto !important;\"],\"cssable\":true}","{\"selector\":\".grid-body.g-body\",\"action\":[\"style\",\"width: 100% !important;\"],\"cssable\":true}","{\"selector\":\".site-footer\",\"action\":[\"style\",\"padding-bottom: 0px !important;\"],\"cssable\":true}","{\"selector\":\".content\",\"action\":[\"style\",\"margin-top: 0px !important;\"],\"cssable\":true}","{\"selector\":\"div.section-leftmiddle-topmiddle.cf\",\"action\":[\"style\",\"width: 100% !important;\"],\"cssable\":true}","{\"selector\":\".goods_list_tit\",\"action\":[\"style\",\"padding-top: 0px !important;\"],\"cssable\":true}","{\"selector\":\"div.sc-64vosk-0.jIkGEl\",\"action\":[\"style\",\"margin-bottom: 10px !important;\"],\"cssable\":true}","{\"selector\":\".user_view\",\"action\":[\"style\",\"width: 100% !important;\"],\"cssable\":true}","{\"selector\":\".top-keyword\",\"action\":[\"style\",\"width: 100% !important;\"],\"cssable\":true}","{\"selector\":\".global-top\",\"action\":[\"style\",\"top: 0px !important;\"],\"cssable\":true}","{\"selector\":\".erd-container\",\"action\":[\"style\",\"width: 100% !important;\"],\"cssable\":true}","{\"selector\":\"header .row[style]\",\"action\":[\"style\",\"margin-bottom: 35px !important;\"],\"cssable\":true}","{\"selector\":\".login_inputbox\",\"action\":[\"style\",\"width: 100% !important;\"],\"cssable\":true}"],"selectorLists":["-106,-107,-108,-109,-11,-110,-111,-112,-114,-115,-116,-117,-119,-120,-13,-14,-16,-17,-19,-2,-20,-21,-22,-23,-24,-25,-26,-28,-29,-3,-30,-31,-33,-5,-7,-9,0,11,112,117,14,17,26,3,31,5,7,9","1,10,105,106,107,108,109,110,111,113,114,115,116,118,119,12,13,15,16,18,19,2,20,21,22,23,24,25,27,28,29,30,32,4,6,8","33","34,78","35","36","286,37","280,38","39","40","41","42,43,46,47,48","44,45","49","50","51","238,239,240,52","53","54","55,56","57,58","142,59","151,293,60","61","62,63,86","64","65","66","306,67","125,68","69","70","71","72,80","217,73","141,144,185,198,74","103,104,75,76","77","79","81,85","82","83","84","260,87,88,89","90","91","92","93","313,94,95,96","97","98","99","100","101","102,213","120","121","122","123","124","126,127,170,171,173,174,175,176,177,178,179,180,181,182,183,184","128","129,130","131","132","133","134","135","136","137,138","139","140","143","145","146","147","148,149,150","152","153","154","155","156,187","157","158","159","160","161","162,163","164,165","165","166","167","168,222","169","172","186","188","189","190","191","192","193,302","194,195","196","197","199","200","201,303","202","203","204,205","206","207,208,209,261","210","211","212","214","215,216","218","219","220","221","222,223,304","224","225","226,227","228","229,230,311","231,232","233","234","235","236","237","241","242","243,244","245","246","-247","247,248","249,250","251,252","253","254","255","256,257,258","259","262","263,264","265","-266","266","267","268","269,310","270","271,272","273,274,275","276","277","278","279","281","282","283","284","285","287,288","289","290","291","292","294,295","296,297,314","298,299,300","301","305","307","308","309","312"],"selectorListRefs":[76,69,127,54,40,84,119,120,134,78,62,124,61,169,75,84,30,63,49,157,140,145,20,104,105,3,25,60,48,29,106,84,154,13,28,152,135,59,51,26,31,47,57,57,57,57,57,57,57,57,57,57,57,57,57,57,57,150,117,118,102,68,44,94,162,50,180,103,84,176,153,116,99,16,96,9,65,95,17,137,160,59,107,158,112,171,173,27,126,15,39,81,56,56,56,56,56,56,56,56,56,56,56,56,56,56,163,109,88,150,168,136,11,82,151,114,34,165,14,144,155,97,84,108,164,35,92,43,156,59,178,159,1,80,138,147,100,84,121,163,73,129,142,111,45,149,141,24,71,53,84,84,123,170,166,64,98,22,66,110,10,175,74,80,19,36,151,38,84,130,161,12,148,113,32,177,53,58,58,58,58,58,58,58,58,58,58,58,58,115,84,105,167,172,163,0,139,84,105,33,2,181,87,122,85,6,5,83,84,4,18,37,174,7,131,128,93,46,52,105,86,132,143,67,72,79,89,86,111,84,23,84,90,70,101,146,55,42,91,8,132,125,41,21,133,77,179],"hostnames":["fow.kr","lol.ps","orbi.kr","ppss.kr","bonik.me","dfast.kr","evape.kr","fomos.kr","kharn.kr","maple.gg","meeco.kr","mk.co.kr","semoi.kr","te31.com","tftps.gg","youtu.co","zzzz.lol","aagag.com","arca.live","cgv.co.kr","drapt.com","encar.com","enuri.com","gorani.kr","jiavr.xyz","namu.wiki","ponh.info","yes24.com","2cpu.co.kr","banhub.xyz","bloter.net","capress.kr","fnnews.com","m.mt.co.kr","mule.co.kr","newsis.com","v.daum.net","yachuk.com","ajunews.com","algumon.com","aniya24.com","eggrank.com","hdhd344.net","hdhd345.net","hdhd346.net","hdhd347.net","hdhd348.net","hdhd349.net","hdhd350.net","hdhd351.net","hdhd352.net","hdhd353.net","hdhd354.net","hdhd355.net","hdhd356.net","hdhd357.net","hdhd358.net","inews24.com","kidkids.net","lotteon.com","lottoen.com","m.naver.com","m.yna.co.kr","m.ytn.co.kr","miraetv.net","newreop.com","ruliweb.com","simcong.com","tenbizt.com","toomics.com","unsin.co.kr","wowtv.co.kr","3.37.104.109","aladin.co.kr","chchclub.com","coocha.co.kr","erdcloud.com","ktestone.com","m.danawa.com","medipana.com","modoodoc.com","momkim.co.kr","news.unn.net","paxnet.co.kr","pushoong.com","sso.pping.kr","www.nate.com","5donews.co.kr","auction.co.kr","coolenjoy.net","eomisae.co.kr","etoland.co.kr","frtoon220.com","frtoon221.com","frtoon222.com","frtoon223.com","frtoon224.com","frtoon225.com","frtoon226.com","frtoon227.com","frtoon228.com","frtoon229.com","frtoon230.com","frtoon231.com","frtoon232.com","frtoon233.com","googlewph.com","heraldpop.com","issueclick.kr","joynews24.com","kin.naver.com","lawtalk.co.kr","m.fmkorea.com","m.hub.zum.com","m.inews24.com","m.inven.co.kr","m.ruliweb.com","megabox.co.kr","news.daum.net","news.nate.com","ppomppu.co.kr","thepumpkin.io","tminews.co.kr","www.donga.com","www.ebs.co.kr","www.naver.com","ygosunews.com","ypbooks.co.kr","all-mice.co.kr","apycsports.com","berryjam.co.kr","bigkinds.or.kr","cafe.naver.com","coolfun.zal.kr","dailypharm.com","diningcode.com","donthellgo.com","enterdiary.com","focus.daum.net","funnyissue.com","ggulzam.zal.kr","haninvegas.com","hashcode.co.kr","heraldcorp.com","hogangnono.com","jobkorea.co.kr","koreadaily.com","koreatimes.net","lawtimes.co.kr","m.dcinside.com","maxmovieen.com","mystylezip.com","newdaily.co.kr","news.naver.com","quasarzone.com","t.hi098123.com","withcast.co.kr","bbs.ruliweb.com","boardlife.co.kr","chaoscube.co.kr","chzzk.naver.com","compuzone.co.kr","economist.co.kr","jovelys.ulog.kr","kyobobook.co.kr","m.bunjang.co.kr","m.joynews24.com","m.pay.naver.com","mememedia.co.kr","news.jtbc.co.kr","noteforum.co.kr","search.daum.net","serieamania.com","topstarnews.net","vortexgaming.io","windowsforum.kr","app.dcinside.com","blacktoon302.com","blacktoon303.com","blacktoon304.com","blacktoon305.com","blacktoon306.com","blacktoon307.com","blacktoon308.com","blacktoon309.com","blacktoon310.com","blacktoon311.com","blacktoon312.com","blacktoon313.com","blockchainhub.kr","carandmore.co.kr","dodot.cafe24.com","edit.incruit.com","edufindkorea.com","gyeomipang.co.kr","m.cafe.naver.com","m.dailypharm.com","mobilitytv.co.kr","ohohz.cafe24.com","pedia.watcha.com","search.naver.com","www.erdcloud.com","atlantachosun.com","autopostkorea.com","gall.dcinside.com","m.nocutnews.co.kr","m.search.daum.net","mlbpark.donga.com","newautopost.co.kr","news.tvchosun.com","programmers.co.kr","search.tmon.co.kr","sign.dcinside.com","sports.chosun.com","sundaynewsusa.com","web.humoruniv.com","www.auction.co.kr","dailymedipharm.com","koreaminecraft.net","loapost.cafe24.com","m.sportschosun.com","news.oasisfeed.com","pinpointnews.co.kr","start.klauncher.kr","academy.prompie.com","courtauctionmap.com","curiosityblog.co.kr","m.sports.chosun.com","news.heraldcorp.com","thehousemagazine.kr","browse.auction.co.kr","hotplacehunter.co.kr","m.shop.interpark.com","2798731938.zigcou.com","marupost.mycafe24.com","shoppinghow.kakao.com","img.imimggggg87878.com","search.wemakeprice.com","shopping.interpark.com","tipsandtrickskorea.com","instructivehumility.com","memberssl.auction.co.kr","msearch.wemakeprice.com","search.shopping.naver.com","ydailynewsis.blogspot.com","3277532532.reviewtoday.net","community.rememberapp.co.kr"],"hasEntities":false}