{"selectors":["{\"selector\":\".obj-cont dt\",\"tasks\":[[\"has-text\",\" Reklama/\"]]}","{\"selector\":\"center\",\"tasks\":[[\"has-text\",\"Reklama\"]]}","{\"selector\":\".portlet_block\",\"tasks\":[[\"has-text\",\"Partneriai\"]]}","{\"selector\":\"#sidebar1 > div\",\"tasks\":[[\"has-text\",\"mods\"]]}","{\"selector\":\".td_block_wrap\",\"tasks\":[[\"has-text\",\"/^Nuorodos/\"]]}","{\"selector\":\".background[data-url*=\\\"ttps://bit.ly/\\\"]\",\"action\":[\"style\",\"visibility: hidden !important;\"],\"cssable\":true}","{\"selector\":\".LStatic__inner\",\"action\":[\"style\",\"padding-top: 0 !important\"],\"cssable\":true}","{\"selector\":\".main > .fixed_userbar\",\"action\":[\"style\",\"margin-bottom: unset !important\"],\"cssable\":true}","{\"selector\":\".main > #header\",\"action\":[\"style\",\"margin-top: unset !important\"],\"cssable\":true}","{\"selector\":\"#mdelfi_latest_news\",\"action\":[\"style\",\"min-height: unset !important\"],\"cssable\":true}","{\"selector\":\".brandpage-wrapper\",\"action\":[\"style\",\"margin-top: unset !important\"],\"cssable\":true}","{\"selector\":\".partner-item\",\"tasks\":[[\"upward\",\".bg-gray-100\"]]}","{\"selector\":\".wrapper\",\"action\":[\"style\",\"margin-top: 0 !important\"],\"cssable\":true}","{\"selector\":\"#sidebar > div.custom-div\",\"tasks\":[[\"has-text\",\"REKLAMA\"]]}"],"selectorLists":["0","1","2","3","4","5","6","7,8","9","10","11","12","13"],"selectorListRefs":[10,12,11,9,6,0,8,7,7,5,3,2,4,1,4],"hostnames":["lkl.lt","tv3.lt","15min.lt","imones.lt","lrytas.lt","aruodas.lt","m.delfi.lt","torrent.ai","torrent.lt","autoplius.lt","kaunozinios.lt","technologijos.lt","klaipedoszinios.lt","itiketini-faktai.online","xn--iauliinios-z9b5t9e.lt"],"hasEntities":false}