{"selectors":["{\"selector\":\".product-item\",\"tasks\":[[\"has-text\",\"Gesponsord\"]]}","{\"selector\":\"div[class^=\\\"Flex-styled__StyledFlex-\\\"]\",\"tasks\":[[\"has\",{\"selector\":\"h3\",\"tasks\":[[\"has-text\",\"Gesponsorde producten\"]]}]]}","{\"selector\":\".hz-Listing--list-item\",\"tasks\":[[\"has-text\",\"Topadvertentie\"]]}","{\"selector\":\".hz-Listing--list-item\",\"tasks\":[[\"has\",{\"selector\":\".hz-Listing-priority\",\"tasks\":[[\"has-text\",\"Topadvertentie\"]]}]]}","{\"selector\":\".wpb_wrapper\",\"tasks\":[[\"has\",{\"selector\":\".section-heading\",\"tasks\":[[\"has-text\",\"partners\"]]}]]}","{\"selector\":\".component__plugin\",\"tasks\":[[\"has\",{\"selector\":\"h6\",\"tasks\":[[\"has-text\",\"advertentie\"]]}]]}","{\"selector\":\"[data-bltgi*=\\\"ProductList_\\\"]\",\"tasks\":[[\"has-text\",\"Gesponsord\"]]}","{\"selector\":\".linklist\",\"tasks\":[[\"has\",{\"selector\":\"h1\",\"tasks\":[[\"has-text\",\"Lekker Dichtbij Deals\"]]}]]}","{\"selector\":\".widget_custom_html\",\"tasks\":[[\"has\",{\"selector\":\"h2\",\"tasks\":[[\"has-text\",\"Beter Beleggen\"]]}]]}","{\"selector\":\".avia_codeblock_section\",\"tasks\":[[\"has-text\",\"Duurzaamnieuws wordt mede mogelijk gemaakt door:\"]]}","{\"selector\":\"[data-cy=\\\"plp-tile-container\\\"]\",\"tasks\":[[\"has-text\",\"Gesponsord\"]]}","{\"selector\":\"li\",\"tasks\":[[\"has-text\",\"Gesponsord\"]]}","{\"selector\":\".article.row.no-image\",\"tasks\":[[\"has\",{\"selector\":\".row.compost-warn\",\"tasks\":[[\"has-text\",\"- ingezonden mededeling -\"]]}]]}","{\"selector\":\".Article__inner\",\"tasks\":[[\"has\",{\"selector\":\".Article__title\",\"tasks\":[[\"has-text\",\"Advertentie\"]]}]]}","{\"selector\":\"[data-pathway-product-position]\",\"tasks\":[[\"has-text\",\"Gesponsord\"]]}","{\"selector\":\".article-column_article\",\"tasks\":[[\"has\",{\"selector\":\".category-label_label\",\"tasks\":[[\"has-text\",\"Advertorial\"]]}]]}","{\"selector\":\".article-row_article\",\"tasks\":[[\"has\",{\"selector\":\".article-row_category.category-label_label\",\"tasks\":[[\"has-text\",\"Advertorial\"]]}]]}","{\"selector\":\"[data-index-number]\",\"tasks\":[[\"has-text\",\"Gesponsord\"]]}","{\"selector\":\".grid-item.grid-item-pebble\",\"tasks\":[[\"has\",{\"selector\":\"#pebble-label\",\"tasks\":[[\"has-text\",\"Advertentie\"]]}]]}","{\"selector\":\".footer-artikelen\",\"tasks\":[[\"has\",{\"selector\":\".footer-h6\",\"tasks\":[[\"has-text\",\"Partners\"]]}]]}","{\"selector\":\".td_module_wrap\",\"tasks\":[[\"has\",{\"selector\":\".td-post-category\",\"tasks\":[[\"has-text\",\"Gesponsord\"]]}]]}","{\"selector\":\".td_block_template_1\",\"tasks\":[[\"has\",{\"selector\":\".block-title\",\"tasks\":[[\"has-text\",\"Partners\"]]}]]}","{\"selector\":\".o-hpgrid__row-tijdconnect\",\"tasks\":[[\"has\",{\"selector\":\"h2\",\"tasks\":[[\"has-text\",\"Gesponsorde inhoud\"]]}]]}","{\"selector\":\"section.network\",\"tasks\":[[\"has\",{\"selector\":\".contentheader.contentheader--network\",\"tasks\":[[\"has-text\",\"Gesponsorde links\"]]}]]}","{\"selector\":\".side\",\"tasks\":[[\"has-text\",\"Aanbiedingen\"]]}","{\"selector\":\".c-articles-list__item.c-articles-list__item--highlight\",\"tasks\":[[\"has\",{\"selector\":\".c-tag.c-articles-list__label\",\"tasks\":[[\"has-text\",\"Advertorial\"]]}]]}","{\"selector\":\".blok\",\"tasks\":[[\"has\",{\"selector\":\"h3\",\"tasks\":[[\"has-text\",\"Partners\"]]}]]}","{\"selector\":\".widget-container\",\"tasks\":[[\"has\",{\"selector\":\".h3.mb-4\",\"tasks\":[[\"has-text\",\"Wielerdeals\"]]}]]}","{\"selector\":\"li.list-item.list-item-aside\",\"tasks\":[[\"has\",{\"selector\":\".badge\",\"tasks\":[[\"has-text\",\"Ad\"]]}]]}","{\"selector\":\"li.list-item.list-item-default\",\"tasks\":[[\"has\",{\"selector\":\"span\",\"tasks\":[[\"has-text\",\"Ad\"]]}]]}","{\"selector\":\".wpb_wrapper\",\"tasks\":[[\"has\",{\"selector\":\"div\",\"tasks\":[[\"has-text\",\"#advertentie\"]]}]]}","{\"selector\":\"#b_re\",\"action\":[\"style\",\"display: block !important; min-height: 2px !important;\"],\"cssable\":true}","{\"selector\":\".widebnr > *\",\"action\":[\"remove\",\"\"]}","{\"selector\":\".widebnr\",\"action\":[\"style\",\"display: block !important; min-height: 2px !important;\"],\"cssable\":true}","{\"selector\":\"body .pub_300x250.pub_300x250m.pub_728x90.text-ad.textAd.text_ad.text_ads.text-ads.text-ad-links\",\"action\":[\"style\",\"display: initial !important;\"],\"cssable\":true}","{\"selector\":\".pub300x250.pub300x250m.pub728x90.text-ad.textAd.textad.textads.text-ads.text-ad-links\",\"action\":[\"style\",\"display: block !important;\"],\"cssable\":true}","{\"selector\":\".css-19tp5d5\",\"action\":[\"style\",\"max-width: unset !important; margin-right: unset !important;\"],\"cssable\":true}","{\"selector\":\".takeover #main #maincontainer\",\"action\":[\"style\",\"margin-top: 15px !important;\"],\"cssable\":true}","{\"selector\":\".article-sidebar__ad\",\"action\":[\"style\",\"visibility: hidden !important;\"],\"cssable\":true}","{\"selector\":\"aside[class^=\\\"Ad_\\\"]\",\"action\":[\"style\",\"position: absolute !important; left: -3000px !important;\"],\"cssable\":true}","{\"selector\":\".ad-banner-container\",\"action\":[\"style\",\"position: absolute!important; left: -3000px!important;\"],\"cssable\":true}","{\"selector\":\"#advertentie-top\",\"action\":[\"style\",\"height: 0!important;\"],\"cssable\":true}","{\"selector\":\".adcontainer-Rectangle\",\"action\":[\"style\",\"position: absolute!important; left: -4000px!important;\"],\"cssable\":true}","{\"selector\":\"p.text-center.text-sm\",\"tasks\":[[\"has-text\",\"Advertentie\"]]}","{\"selector\":\"div[data-aa-adunit]\",\"tasks\":[[\"upward\",1]]}","{\"selector\":\"div\",\"tasks\":[[\"has\",{\"selector\":\"> span:first-child\",\"tasks\":[[\"has-text\",\"Advert\"]]}]]}","{\"selector\":\"div[class^=\\\"col\\\"] > div.center\",\"tasks\":[[\"has\",{\"selector\":\"> div.g > div.g-single > center > i\",\"tasks\":[[\"has-text\",\"Advertentie\"]]}]]}","{\"selector\":\".theiaStickySidebar > aside.penci_latest_news_widget > h4.widget-title\",\"tasks\":[[\"has-text\",\"Advertentie\"]]}","{\"selector\":\".ct-sidebar > div.widget\",\"tasks\":[[\"has\",{\"selector\":\"h2\",\"tasks\":[[\"has-text\",\"Partners\"]]}]]}","{\"selector\":\".content-start > * > div[style]\",\"tasks\":[[\"has-text\",\"/Externe links|Externe websites/i\"]]}","{\"selector\":\"ul.mp-Listings > li.mp-Listing\",\"tasks\":[[\"has\",{\"selector\":\"> .mp-Listing-coverLink > .mp-Listing-group > .mp-Listing-group--price-date-feature > span.mp-Listing-priority > span\",\"tasks\":[[\"has-text\",\"/^Topadvertentie$/\"]]}]]}","{\"selector\":\"div[class=\\\"sidebar_item\\\"][style=\\\"padding-bottom: 16px;\\\"]:has(> a > img[width=\\\"276\\\"])\",\"action\":[\"remove\",\"\"]}","{\"selector\":\".pd-results-container > .results-inner > .pd-advisor-offer-container:first-child\",\"tasks\":[[\"has\",{\"selector\":\"> .pd-advisor-offer > .result-badge\",\"tasks\":[[\"has-text\",\"Adv.\"]]}]]}","{\"selector\":\"div[id^=\\\"ster-ad-bnnvara-\\\"]\",\"tasks\":[[\"upward\",1]]}","{\"selector\":\".mb-6\",\"tasks\":[[\"has-text\",\"gesponsord\"]]}"],"selectorLists":["0","1","2,50","3","4","5","6","7","8","9","10,11","12","13","14","15,16","17","18","19","20","21","22","23","24","25","26","27,28,29","30","31,32,33","34","35","36","37","38","39","40","41","42","43","44","45","46","47","48","49","51","52","53","-55"],"selectorListRefs":[23,16,30,29,6,10,28,20,14,13,1,46,5,33,22,22,26,3,42,0,5,38,21,11,19,32,27,41,7,5,12,15,15,17,36,43,5,2,5,44,25,5,47,40,31,5,5,4,45,5,18,34,5,37,9,5,5,5,8,5,5,24,5,5,5,35,39,5,5,5,5,5,5,29,5,5,5,5,5,5,5],"hostnames":["vi.nl","mnm.be","rtl.nl","vtm.be","bol.com","fonq.nl","kijk.nl","tijd.be","linda.nl","jumbo.com","krefel.be","bnnvara.nl","edestad.nl","gpblog.com","tvvisie.be","tvvisie.nl","wkdarts.nl","2dehands.be","apparata.nl","delhaize.be","hcnieuws.nl","panorama.nl","tostrams.nl","geenstijl.nl","psvinside.nl","rtlnieuws.nl","tweakers.net","ans-online.nl","buienradar.nl","derijnpost.nl","glutenvrij.nl","mediamarkt.be","mediamarkt.nl","moviemeter.nl","omroepwest.nl","arenalokaal.nl","deputtenaer.nl","marktplaats.nl","stadnijkerk.nl","turksemedia.nl","wielerflits.nl","wijksnieuws.nl","wintersport.nl","centraalplus.nl","datumprikker.nl","leusderkrant.nl","rijnenveluwe.nl","almere-nieuws.nl","androidplanet.nl","houtensnieuws.nl","nieuwsopbeeld.nl","omroepbrabant.nl","dewoudenberger.nl","ditjesendatjes.nl","duurzaamnieuws.nl","soestercourant.nl","stadwageningen.nl","biltschecourant.nl","businessinsider.nl","destadgorinchem.nl","ermelosweekblad.nl","voetbalcentraal.nl","baarnschecourant.nl","barneveldsekrant.nl","destadamersfoort.nl","handbalstartpunt.nl","hartvannederland.nl","nieuwsbladdekaap.nl","huisaanhuiselburg.nl","bennekomsnieuwsblad.nl","harderwijkercourant.nl","hetkompassliedrecht.nl","nunspeethuisaanhuis.nl","player.medialaancdn.be","scherpenzeelsekrant.nl","huisaanhuisoldebroek.nl","recreatiekrantveluwe.nl","regiosportveenendaal.nl","amstelveensnieuwsblad.nl","weekbladvoorouderamstel.nl","hetkompashardinxveld-giessendam.nl"],"hasEntities":false}