{"selectors":["{\"selector\":\".block\",\"tasks\":[[\"has\",{\"selector\":\"> .block-title\",\"tasks\":[[\"has-text\",\"Счётчики\"]]}]]}","{\"selector\":\".heading\",\"tasks\":[[\"has-text\",\"Рекомендуем ещё\"]]}","{\"selector\":\".sidebar > .menu-wrap > .menu-head\",\"tasks\":[[\"has-text\",\"Счетчики\"]]}","{\"selector\":\".sidebar > .menu-wrap > .menu-head\",\"tasks\":[[\"has-text\",\"Счетчики\"],[\"spath\",\" + div\"]]}","{\"selector\":\"script\",\"tasks\":[[\"has-text\",\"getPrefixes\"]]}","{\"selector\":\".pub_300x250.text-ad-links.adbanner.ad.text_ad.pub_728x90.text-ad.nav-ad.text-ads.textAd.ad-banner.text_ads.pub_300x250m\",\"action\":[\"style\",\"display: block !important\"],\"cssable\":true}","{\"selector\":\"a[href*=\\\":2053\\\"]\",\"action\":[\"remove-class\",\"btn\"]}","{\"selector\":\"[data-blocks=\\\"rec_block\\\"]\",\"action\":[\"style\",\"display: none !important\"],\"cssable\":true}","{\"selector\":\"div[class*=\\\"-container relative\\\"]\",\"action\":[\"style\",\"display: none !important\"],\"cssable\":true}","{\"selector\":\"body > div:not([id])[style=\\\"position: absolute; z-index: 10000;\\\"]\",\"action\":[\"style\",\"display: none !important\"],\"cssable\":true}","{\"selector\":\"body:has(.resources-action-bar_visible) .footer__copyright a[href=\\\"https://ya.ru\\\"]\",\"action\":[\"style\",\"pointer-events: none !important\"],\"cssable\":true}","{\"selector\":\".footer__copyright a[href=\\\"https://ya.ru\\\"]\",\"action\":[\"style\",\"top: 32px !important; left: 19px !important; height: 36px !important; width: 36px !important; position: fixed !important; z-index: 90 !important; opacity: 0 !important\"],\"cssable\":true}","{\"selector\":\".footer__copyright\",\"action\":[\"style\",\"color: transparent !important\"],\"cssable\":true}","{\"selector\":\"[data-testid*=\\\"global-bar\\\"] a[aria-label=\\\"Яндекс 360\\\"]\",\"action\":[\"style\",\"pointer-events: none !important\"],\"cssable\":true}","{\"selector\":\".Base-Onboarding\",\"action\":[\"style\",\"display: none !important\"],\"cssable\":true}","{\"selector\":\".climate-calendar-container__adv-wide\",\"action\":[\"style\",\"display: none !important\"],\"cssable\":true}","{\"selector\":\".content__adv\",\"action\":[\"style\",\"display: none !important\"],\"cssable\":true}","{\"selector\":\"\",\"action\":[\"style\",\"display: none !important\"],\"tasks\":[[\"matches-path\",\"articles\"],[\"spath\",\" div[id]:has(> article[id])\"]]}","{\"selector\":\"\",\"action\":[\"style\",\"display: none !important\"],\"tasks\":[[\"matches-path\",\"video/watch\"],[\"spath\",\" [class*=\\\"skeleton\\\"]\"]]}","{\"selector\":\"[aria-label*=\\\"Лент\\\"] article\",\"action\":[\"style\",\"display: none !important\"],\"tasks\":[[\"has\",{\"selector\":\"> div\",\"tasks\":[[\"matches-css\",{\"name\":\"display\",\"value\":\"^none$\"}]]}]]}","{\"selector\":\"[itemtype=\\\"https://www.schema.org/Article\\\"] > div > div[id]\",\"action\":[\"style\",\"display: none !important\"],\"cssable\":true}","{\"selector\":\"article[class*=\\\"_zenad\\\"]\",\"action\":[\"style\",\"display: none !important\"],\"cssable\":true}","{\"selector\":\"div\",\"action\":[\"style\",\"display: none !important\"],\"tasks\":[[\"matches-attr\",{\"attr\":\"/[a-z0-9]/\",\"value\":\"/media-banner/\"}]]}","{\"selector\":\"div[aria-label*=\\\"екл\\\"][aria-label*=\\\"мн\\\"]\",\"action\":[\"style\",\"display: none !important\"],\"cssable\":true}","{\"selector\":\"div[class*=\\\"-place\\\"][class*=\\\"_root\\\"]\",\"action\":[\"style\",\"display: none !important\"],\"cssable\":true}","{\"selector\":\"div[class*=\\\"-placeholder_\\\"]\",\"action\":[\"style\",\"display: none !important\"],\"cssable\":true}","{\"selector\":\"div[class*=\\\"_pos_index-\\\"]\",\"action\":[\"style\",\"display: none !important\"],\"cssable\":true}","{\"selector\":\"div[class*=\\\"dzen-desktop--auto-slide-ad_\\\"]\",\"action\":[\"style\",\"display: none !important\"],\"cssable\":true}","{\"selector\":\"div[class*=\\\"isUnderTopicChannelBlock\\\"]\",\"action\":[\"style\",\"display: block !important\"],\"cssable\":true}","{\"selector\":\"div[class*=\\\"linkBro-\\\"]\",\"action\":[\"style\",\"display: none !important\"],\"cssable\":true}","{\"selector\":\"div[class^=\\\"video-site--panel-view_\\\"] [aria-label] > div[id]\",\"action\":[\"style\",\"display: none !important\"],\"cssable\":true}","{\"selector\":\"div[class^=\\\"video-site--video-view-sidebar__skeleton-\\\"]\",\"action\":[\"style\",\"display: none !important\"],\"cssable\":true}","{\"selector\":\"[class*=\\\"Morda\\\"] [id][class] > div[style*=\\\"padding-top:\\\"][style*=\\\"position:\\\"][style*=\\\"relative\\\"]\",\"action\":[\"style\",\"display: none !important\"],\"cssable\":true}","{\"selector\":\".mail-Page-Body .Popup2 > .Tooltip-Content\",\"tasks\":[[\"has-text\",\"2025\"]]}","{\"selector\":\".qa-LeftColumn-Footer-Promo[href=\\\"https://ya.ru\\\"]\",\"action\":[\"style\",\"top: 32px !important; left: 6px !important; height: 36px !important; width: 60px !important; position: fixed !important; z-index: 2001 !important; opacity: 0 !important\"],\"cssable\":true}","{\"selector\":\"[data-testid^=\\\"page-layout_right-column_\\\"]\",\"action\":[\"style\",\"display: none !important\"],\"cssable\":true}","{\"selector\":\"[id^=\\\"js-mail-layout-content-header\\\"] > div ~ div:not([data-testid])\",\"action\":[\"style\",\"min-height: 0 !important; margin-top: unset !important\"],\"cssable\":true}","{\"selector\":\"div[class^=\\\"MidgetsPanel\\\"]\",\"action\":[\"style\",\"display: none !important\"],\"cssable\":true}","{\"selector\":\".news-advert__column\",\"action\":[\"style\",\"display: none !important\"],\"cssable\":true}","{\"selector\":\".recommended-ott\",\"action\":[\"style\",\"display: none !important\"],\"cssable\":true}","{\"selector\":\"html[class*=\\\"_services-\\\"] [class*=\\\"_on-top_yes \\\"] > ul\",\"action\":[\"style\",\"display: none !important\"],\"cssable\":true}","{\"selector\":\"html[class*=\\\"_services-\\\"] [data-test-id=\\\"feed\\\"]\",\"action\":[\"style\",\"display: none !important\"],\"cssable\":true}","{\"selector\":\"html[class*=\\\"_services-\\\"] [style^=\\\"--height-ratio:\\\"]\",\"action\":[\"style\",\"display: none !important\"],\"cssable\":true}","{\"selector\":\".content__right div\",\"action\":[\"style\",\"display: none !important\"],\"tasks\":[[\"has\",{\"selector\":\"> div > button\",\"tasks\":[[\"matches-attr\",{\"attr\":\"/[a-z0-9]/\",\"value\":\"/advertiser/\"}]]}]]}","{\"selector\":\".DirectInline\",\"action\":[\"style\",\"display: none !important\"],\"cssable\":true}","{\"selector\":\".DirectSnippet\",\"action\":[\"style\",\"display: none !important\"],\"cssable\":true}","{\"selector\":\".dist-stripe\",\"action\":[\"style\",\"display: none !important\"],\"cssable\":true}","{\"selector\":\".RsyaOrganic\",\"action\":[\"style\",\"display: none !important\"],\"cssable\":true}","{\"selector\":\".SerpListFeature > .SearchBlock ~ :not(.SearchBlock)\",\"action\":[\"style\",\"display: none !important\"],\"cssable\":true}","{\"selector\":\".VideoViewer div[class*=\\\"_placement_\\\"]\",\"action\":[\"style\",\"display: none !important\"],\"cssable\":true}","{\"selector\":\"[class*=\\\"video\\\"] div[class*=\\\"-Direct_placement_\\\"]\",\"action\":[\"style\",\"display: none !important\"],\"cssable\":true}","{\"selector\":\"[id][aria-label] > [class*=\\\"_card\\\"]:has(> div > div > [data-event-required])\",\"action\":[\"style\",\"display: none !important\"],\"cssable\":true}","{\"selector\":\"[id][aria-label] > [class*=\\\"_card\\\"]:has(> div [data-vnl*=\\\"advertiser\\\"])\",\"action\":[\"style\",\"display: none !important\"],\"cssable\":true}","{\"selector\":\"[id][aria-label] > [class]\",\"action\":[\"style\",\"display: none !important\"],\"tasks\":[[\"has\",{\"selector\":\"> div > button\",\"tasks\":[[\"matches-attr\",{\"attr\":\"/[a-z0-9]/\",\"value\":\"/abuseLink|advertiser/\"}]]}]]}","{\"selector\":\"div[aria-label=\\\"Рекламный баннер\\\"]\",\"action\":[\"style\",\"display: none !important\"],\"cssable\":true}","{\"selector\":\"#bk-container\",\"action\":[\"style\",\"display: none !important\"],\"cssable\":true}","{\"selector\":\".advert-spacer-view\",\"action\":[\"style\",\"display: none !important\"],\"cssable\":true}","{\"selector\":\".b-statcounter + div[class] > div[id][class]\",\"action\":[\"style\",\"display: none !important\"],\"cssable\":true}","{\"selector\":\".card-rtb-one-column-stub\",\"action\":[\"style\",\"display: none !important\"],\"cssable\":true}","{\"selector\":\".dist-popup\",\"action\":[\"style\",\"display: none !important\"],\"cssable\":true}","{\"selector\":\".ImagesViewer-LayoutSideblock div[class$=\\\"-Card\\\"] ~ div[class*=\\\"-Card \\\"]\",\"action\":[\"style\",\"display: none !important\"],\"cssable\":true}","{\"selector\":\".MediaViewer div[class$=\\\"-FooterContent\\\"]\",\"action\":[\"style\",\"display: none !important\"],\"cssable\":true}","{\"selector\":\".mg-grid__col div[class*=\\\"_type_native\\\"]\",\"action\":[\"style\",\"display: none !important\"],\"cssable\":true}","{\"selector\":\".play-game-header_with-adv\",\"action\":[\"style\",\"width: 100% !important\"],\"cssable\":true}","{\"selector\":\".PSHeaderLogo360 a[href^=\\\"https://360.yandex.\\\"]\",\"action\":[\"style\",\"pointer-events: none !important\"],\"cssable\":true}","{\"selector\":\".PSHeaderLogo360-360\",\"action\":[\"style\",\"display: none !important\"],\"cssable\":true}","{\"selector\":\".stack > .game\",\"action\":[\"style\",\"width: 100% !important\"],\"cssable\":true}","{\"selector\":\".stack > .play-guard-dialog_with-adv\",\"action\":[\"style\",\"width: 100% !important\"],\"cssable\":true}","{\"selector\":\".turbo-embed_market_widget\",\"action\":[\"style\",\"display: none !important\"],\"cssable\":true}","{\"selector\":\"[class*=\\\"segment__container\\\"] > div > [class^=\\\"card \\\"] ~ [class*=\\\"_pos_index\\\"]\",\"action\":[\"style\",\"display: none !important\"],\"cssable\":true}","{\"selector\":\"a[class*=\\\"PSHeaderPremiumButton\\\"]\",\"action\":[\"style\",\"display: none !important\"],\"cssable\":true}","{\"selector\":\"body[class*=\\\"_map-\\\"] div[id*=\\\"R-I-\\\"]\",\"action\":[\"style\",\"display: none !important\"],\"cssable\":true}","{\"selector\":\"body[class*=\\\"b-page\\\"] .widgets[role=\\\"main\\\"] :not(div) :not(div) :not(div) > div[class]:not([class*=\\\"widget\\\"]) > div[class]:not([class*=\\\"widget\\\"]) > div[class]:not([class*=\\\"widget\\\"]):not([class^=\\\"services\\\"]):not([class*=\\\"search\\\"]):not([class*=\\\"home\\\"])\",\"action\":[\"style\",\"display: none !important\"],\"cssable\":true}","{\"selector\":\"body[class*=\\\"b-page\\\"] .widgets[role=\\\"main\\\"] :not(div) :not(div) :not(div) > div[class]:not([class*=\\\"widget\\\"]) > div[class]:not([class*=\\\"widget\\\"]) a[href^=\\\"https://yastatic.net/www/_/\\\"] ~ div\",\"action\":[\"style\",\"display: none !important\"],\"cssable\":true}","{\"selector\":\"body[class*=\\\"b-page\\\"] .widgets[role=\\\"main\\\"] :not(div) :not(div) :not(div) > div[class]:not([class*=\\\"widget\\\"]) > div[class]:not([class*=\\\"widget\\\"]) a[href^=\\\"https://yastatic.net/www/_/\\\"]\",\"action\":[\"style\",\"display: none !important\"],\"cssable\":true}","{\"selector\":\"div[class*=\\\"turbo-advert_type_\\\"]\",\"action\":[\"style\",\"display: none !important\"],\"cssable\":true}","{\"selector\":\"div[class^=\\\"content \\\"][data-bem] > .content__bottom ~ div[class*=\\\"card \\\"]\",\"action\":[\"style\",\"display: none !important\"],\"cssable\":true}","{\"selector\":\"div[class^=\\\"ImagesViewer-\\\"] > div[class*=\\\"_skeleton\\\"]\",\"action\":[\"style\",\"display: none !important\"],\"cssable\":true}","{\"selector\":\"div[class^=\\\"ImagesViewer-\\\"][style^=\\\"height:\\\"]\",\"action\":[\"style\",\"display: none !important\"],\"cssable\":true}","{\"selector\":\"div[data-bem*=\\\"climate-calendar-\\\"] ~ .content > .content__section:first-child > div[class$=\\\"__content\\\"] + div[class]\",\"action\":[\"style\",\"display: none !important\"],\"cssable\":true}","{\"selector\":\".RelatedImagesDirect\",\"action\":[\"style\",\"display: none !important\"],\"cssable\":true}","{\"selector\":\".serp-list > div[data-bem*=\\\".jpg\\\"] ~ div .Root[id]\",\"action\":[\"style\",\"display: none !important\"],\"cssable\":true}","{\"selector\":\".mail-Layout-Main > .mail-Advanced-Search ~ div[class^=\\\"ns-view-\\\"] div[style^=\\\"height:\\\"][style*=\\\"!important\\\"] > div\",\"action\":[\"style\",\"display: none !important\"],\"cssable\":true}","{\"selector\":\".PSHeader-Pro\",\"action\":[\"style\",\"display: none !important\"],\"cssable\":true}","{\"selector\":\"div[class*=\\\" Advert_relative\\\"]\",\"action\":[\"style\",\"display: none !important\"],\"cssable\":true}","{\"selector\":\"div[class*=\\\" AdvertEcom_\\\"]\",\"action\":[\"style\",\"display: none !important\"],\"cssable\":true}","{\"selector\":\"div[class*=\\\"Advert_container__\\\"]\",\"action\":[\"style\",\"display: none !important\"],\"cssable\":true}","{\"selector\":\"div[id^=\\\"ADVERT_\\\"]\",\"action\":[\"style\",\"display: none !important\"],\"cssable\":true}","{\"selector\":\"#search-result > [class*=\\\"__card\\\"]:has(> div .AdvLabel)\",\"action\":[\"style\",\"display: none !important\"],\"cssable\":true}","{\"selector\":\"#search-result > [class*=\\\"__card\\\"]\",\"action\":[\"style\",\"display: none !important\"],\"tasks\":[[\"has\",{\"selector\":\"> div > span\",\"tasks\":[[\"has-text\",\"/^Промо$|^Реклама$/\"]]}]]}","{\"selector\":\".justifier__col > div[class*=\\\"_type_direct\\\"]\",\"action\":[\"style\",\"display: none !important\"],\"cssable\":true}","{\"selector\":\".tiled-images__items > div[class*=\\\"rim-direct-\\\"]\",\"action\":[\"style\",\"display: none !important\"],\"cssable\":true}","{\"selector\":\".touch-feed > div > .feed-item[id^=\\\"zen-row-\\\"]\",\"action\":[\"style\",\"display: none !important\"],\"tasks\":[[\"has\",{\"selector\":\"[class^=\\\"zen-ui-channel-info\\\"][class$=\\\"subtitle-text\\\"]\",\"tasks\":[[\"has-text\",\"промо\"]]}]]}","{\"selector\":\"[class^=\\\"App\\\"][class*=\\\"Money_\\\"]\",\"action\":[\"style\",\"display: none !important\"],\"cssable\":true}","{\"selector\":\"[data-bem*=\\\"search-select-promo\\\"]\",\"action\":[\"style\",\"display: none !important\"],\"cssable\":true}","{\"selector\":\"div[class^=\\\"Card_container__\\\"][class*=\\\" err_none \\\"]\",\"action\":[\"style\",\"display: none !important\"],\"cssable\":true}","{\"selector\":\"div[class^=\\\"Card_container__\\\"][class*=\\\"state_loaded Advert_fullScreenContainer\\\"]\",\"action\":[\"style\",\"display: none !important\"],\"cssable\":true}","{\"selector\":\"div[class^=\\\"images-viewer-content\\\"] > div[class*=\\\"behavioral-direct\\\"]\",\"action\":[\"style\",\"display: none !important\"],\"cssable\":true}","{\"selector\":\"div[id*=\\\"page\\\"] div[class*=\\\"_banner_\\\"]\",\"action\":[\"style\",\"display: none !important\"],\"cssable\":true}","{\"selector\":\"[data-bem*=\\\"type\\\"][data-bem*=\\\"banner\\\"]:not(body):not(form):not(.content)\",\"action\":[\"style\",\"display: none !important\"],\"cssable\":true}","{\"selector\":\"body:not(#id) > div[style*=\\\"100px\\\"][style*=\\\"75px\\\"][style*=\\\"overflow:\\\"] div\",\"action\":[\"style\",\"display: block !important\"],\"cssable\":true}","{\"selector\":\"body > div[style=\\\"position:absolute;left:-10px;top:0;width:1px;height:1px;overflow:hidden;\\\"] div\",\"action\":[\"style\",\"display: block ! important\"],\"cssable\":true}","{\"selector\":\"html[style]:not([style=\\\"\\\"]) :not(div):not([id]) > :not(div)[id][class] > div[id][class]:not(:empty)\",\"action\":[\"style\",\"display: none !important\"],\"cssable\":true}","{\"selector\":\"html[style] > body [class]:not([id]):not(div):not([style]) :not(div)[class][id][style^=\\\"min-height:\\\"][style$=\\\"px;\\\"]\",\"action\":[\"style\",\"display: none !important\"],\"cssable\":true}","{\"selector\":\".icon-up-small\",\"action\":[\"style\",\"color: inherit !important\"],\"cssable\":true}","{\"selector\":\"html[style] [class]:not(div):not([id]) > :not(div)[id][class] > div[id][class] ~ :not(div)[id][class] ~ :not(div)[id][class]:not(:empty)\",\"action\":[\"style\",\"background: none !important\"],\"cssable\":true}","{\"selector\":\"html[style]:not([style=\\\"\\\"]) > body\",\"action\":[\"style\",\"background-color :#E6E7E9 !important\"],\"cssable\":true}","{\"selector\":\"html[style] > body [id][class] > script ~ [class]:not(empty):not(:last-of-type) article + article.post\",\"action\":[\"style\",\"display: none !important\"],\"cssable\":true}","{\"selector\":\"html[style] > body div.holder-no-hidden\",\"action\":[\"style\",\"margin-bottom: 10px !important\"],\"cssable\":true}","{\"selector\":\"html[style] > body [id][class][style^=\\\"overflow: hidden; height:\\\"] > div[style*=\\\"display: block;\\\"]\",\"action\":[\"style\",\"display: none !important\"],\"cssable\":true}","{\"selector\":\"html[style] > body [id][class][style^=\\\"overflow: hidden; height:\\\"] > div[style]:has(a[href][target=\\\"_blank\\\"] > img)\",\"action\":[\"style\",\"display: none !important\"],\"cssable\":true}","{\"selector\":\"html[style] > body:not([style=\\\";background-color:#E6E7E9!important\\\"]) [id][class] > .slider-list:nth-child(-1n+5) + div[class]\",\"action\":[\"style\",\"display: none !important\"],\"cssable\":true}","{\"selector\":\"html[style] [id] .slider-list[style] ~ div a[href][target=\\\"_blank\\\"] > img\",\"action\":[\"style\",\"display: none !important\"],\"cssable\":true}","{\"selector\":\"html[style] [id] .slider-list[style] ~ div[class]:empty\",\"action\":[\"style\",\"display: none !important\"],\"cssable\":true}","{\"selector\":\"html[style] [id] .slider-list[style] ~ div[class]:not([id]) > [style=\\\"\\\"]\",\"action\":[\"style\",\"display: none !important\"],\"cssable\":true}","{\"selector\":\"html[style] [id] .slider-list[style] ~ div[class]:not([id]):has(> :only-child:not(div):not([id]):not([class]))\",\"action\":[\"style\",\"display: none !important\"],\"cssable\":true}","{\"selector\":\"html[style] [id] div[class]\",\"action\":[\"style\",\"display: none !important\"],\"tasks\":[[\"has\",{\"selector\":\"> h2 ~ script\",\"tasks\":[[\"has-text\",\"/return/\"]]}]]}","{\"selector\":\"html[style] > body .advanced-area .post[itemid] ~ .post:not([itemid]):has(> [class] > script)\",\"action\":[\"style\",\"display: none !important\"],\"cssable\":true}","{\"selector\":\"html[style] > body .advanced-area .post[itemid] ~ .post:not([itemid]):has(> [class] a[href][target=\\\"_blank\\\"])\",\"action\":[\"style\",\"display: none !important\"],\"cssable\":true}","{\"selector\":\"html[style] > body .advanced-area .post[itemid] ~ .post:not([itemid]):has(> [class]:empty)\",\"action\":[\"style\",\"display: none !important\"],\"cssable\":true}","{\"selector\":\"html[style] > body .advanced-area .post[itemid] ~ .post:not([itemid]):nth-child(-1n+3)\",\"action\":[\"style\",\"display: none !important\"],\"cssable\":true}","{\"selector\":\".article > div[style^=\\\"background-color:\\\"]:has(> span + a[id][href][target=\\\"_blank\\\"])\",\"action\":[\"style\",\"display: none !important\"],\"cssable\":true}","{\"selector\":\".infinix-nav\",\"action\":[\"style\",\"display: none !important\"],\"cssable\":true}","{\"selector\":\"[itemprop=\\\"articleBody\\\"] > div[style^=\\\"background-color:\\\"]:has(> span + a[id][href][target=\\\"_blank\\\"])\",\"action\":[\"style\",\"display: none !important\"],\"cssable\":true}","{\"selector\":\"a.rounded[href][target=\\\"_blank\\\"]\",\"action\":[\"style\",\"display: none !important\"],\"tasks\":[[\"has-text\",\"/^Узнать больше/\"]]}","{\"selector\":\"html[style] > body .menu-main > li.menu-main-item > a[href][style*=\\\"important\\\"]\",\"action\":[\"style\",\"display: none !important\"],\"cssable\":true}","{\"selector\":\"html[style] > body .second-menu\",\"action\":[\"style\",\"display: none !important\"],\"cssable\":true}","{\"selector\":\"html[style] > body .slick-dotted\",\"action\":[\"style\",\"display: none !important\"],\"cssable\":true}","{\"selector\":\"html[style] > body a.rounded[href][target=\\\"_blank\\\"]\",\"action\":[\"style\",\"display: none !important\"],\"tasks\":[[\"has-text\",\"/^Узнать /\"]]}","{\"selector\":\"html[style] > body a[href*=\\\"ali.pub\\\"]\",\"action\":[\"style\",\"display: none !important\"],\"cssable\":true}","{\"selector\":\"html[style] > body a[href*=\\\"bit.do\\\"]\",\"action\":[\"style\",\"display: none !important\"],\"cssable\":true}","{\"selector\":\"html[style] > body a[href*=\\\"bit.ly\\\"]\",\"action\":[\"style\",\"display: none !important\"],\"cssable\":true}","{\"selector\":\"html[style] > body a[href*=\\\"clc.to\\\"]\",\"action\":[\"style\",\"display: none !important\"],\"cssable\":true}","{\"selector\":\"html[style] > body a[href*=\\\"clck.ru\\\"]\",\"action\":[\"style\",\"display: none !important\"],\"cssable\":true}","{\"selector\":\"html[style] > body a[href*=\\\"dada.link\\\"]\",\"action\":[\"style\",\"display: none !important\"],\"cssable\":true}","{\"selector\":\"html[style] > body a[href*=\\\"goo.gl\\\"]\",\"action\":[\"style\",\"display: none !important\"],\"cssable\":true}","{\"selector\":\"html[style] > body a[href*=\\\"is.gd\\\"]\",\"action\":[\"style\",\"display: none !important\"],\"cssable\":true}","{\"selector\":\"html[style] > body div[class$=\\\"-brand-header\\\"]\",\"action\":[\"style\",\"display: none !important\"],\"cssable\":true}","{\"selector\":\"html[style] > body > script[src*=\\\".js?_=\\\"] ~ * > [class][style*=\\\"zoom:\\\"]\",\"action\":[\"style\",\"display: none !important\"],\"cssable\":true}","{\"selector\":\"html[style] > body > script[src*=\\\".js?_=\\\"] ~ [class][style*=\\\"zoom:\\\"]\",\"action\":[\"style\",\"display: none !important\"],\"cssable\":true}","{\"selector\":\"#go_1 > :not(p):not(h4):not(.globalmesscontent)\",\"action\":[\"style\",\"display: none !important\"],\"cssable\":true}","{\"selector\":\"html:not([style]) tbody > tr[valign=\\\"top\\\"] > td[width*=\\\"20\\\"] + td[class]\",\"action\":[\"style\",\"display: none !important\"],\"cssable\":true}","{\"selector\":\"#lbOverlay\",\"action\":[\"style\",\"background: none !important\"],\"cssable\":true}","{\"selector\":\"html:not([style]) > body:not([itemscope]) > div[id]:not([href]) > [href=\\\"#\\\"]:empty ~ [id][href]\",\"action\":[\"style\",\"display: none !important\"],\"cssable\":true}","{\"selector\":\".menu-main-mobile > [style=\\\"display:none;\\\"]\",\"action\":[\"style\",\"display: none !important\"],\"cssable\":true}"],"selectorLists":["0","1","2,3","4,5","4","4,5,7","-5","-6","-7","8","9","10,11,12,13,14","11,12,13","13,14,33,34,35,36,37,82,83","100,15,16,17,18,19,20,21,22,23,24,25,26,27,28,29,30,31,84,85,86,87","32","38","39","100,101,40,41,42,43,44,45,46,47,48,49,50,51,52,53,54,88,89","100,101,43,44,45,46,47,48,49,50,51,52,53,54,55,56,57,58,59,60,61,62,63,64,65,66,67,68,69,70,71,72,73,74,75,76,77,78,79,82,83,84,85,86,87,88,90,91,92,93,94,95,96,97,98,99","80,81","-101,-102,-83,-84","-100","102,103,104,105,106,107,108,109,110,111,112,113,114,115,116,117,118,119,120,121,122,123,124,125,126,127,128,129,130,131,132,133,134,135,136,137,138,139,140,141,142,143,144"],"selectorListRefs":[18,4,4,23,14,4,1,15,4,4,1,1,1,19,4,4,4,5,1,4,1,20,21,1,9,17,4,4,2,8,4,3,11,12,2,6,13,0,0,6,7,2,22,6,10,16],"hostnames":["ya.*","eda.*","wmj.*","4pda.*","dzen.*","quto.*","wmj.ru","dzen.ru","lenta.*","motor.*","quto.ru","ferra.ru","motor.ru","yandex.*","gazeta.ru","letidor.*","passion.*","rambler.*","letidor.ru","moslenta.*","passion.ru","yandex.com","yandex.net","moslenta.ru","shedevrum.*","tv.yandex.*","championat.*","gazeta.press","hdreactor.su","online-fix.*","www.afisha.*","avtorambler.*","disk.yandex.*","docs.yandex.*","freehd.com.ua","id.rambler.ru","mail.yandex.*","uniongang.net","uniongang.org","vp.rambler.ru","www.rambler.*","hdreactor.club","afisha.yandex.*","quiz.rambler.ru","top100.rambler.*","newssearch.yandex.*"],"hasEntities":true}