{"selectors":["{\"selector\":\"body\",\"action\":[\"style\",\"overflow: auto !important;\"],\"cssable\":true}","{\"selector\":\"#aviso-bloqueio-overlay\",\"action\":[\"style\",\"display: none !important;\"],\"cssable\":true}","{\"selector\":\"#siteContentNotice\",\"action\":[\"style\",\"display: none !important;\"],\"cssable\":true}","{\"selector\":\"#antiAdblockOverlay\",\"action\":[\"style\",\"display: none !important;\"],\"cssable\":true}","{\"selector\":\"body\",\"action\":[\"style\",\"overflow: auto !important; pointer-events: auto !important;\"],\"cssable\":true}","{\"selector\":\"body > div[id]:has(> div > div[style^=\\\"font-size:clamp(\\\"])\",\"action\":[\"style\",\"display: none !important;\"],\"cssable\":true}","{\"selector\":\"#k-ov\",\"action\":[\"style\",\"display: none !important;\"],\"cssable\":true}","{\"selector\":\"html\",\"action\":[\"style\",\"overflow: auto !important;\"],\"cssable\":true}","{\"selector\":\"body > div[id][class]:not([style]):has(a[target=\\\"_blank\\\"][rel=\\\"noopener noreferrer\\\"])\",\"action\":[\"remove\",\"\"]}","{\"selector\":\"div[class^=\\\"adsInfo__fullOpacity-\\\"]\",\"action\":[\"style\",\"display: none !important;\"],\"cssable\":true}","{\"selector\":\"#player\",\"action\":[\"style\",\"display: block !important;\"],\"cssable\":true}","{\"selector\":\"center > a[href$=\\\".exe\\\"]\",\"action\":[\"style\",\"display: block !important;\"],\"cssable\":true}","{\"selector\":\"#adblockbyspider\",\"action\":[\"style\",\"display: none !important;\"],\"cssable\":true}","{\"selector\":\"#detect.ad-placement\",\"action\":[\"style\",\"display: block !important;\"],\"cssable\":true}","{\"selector\":\"#pbt\",\"action\":[\"style\",\"display: none !important;\"],\"cssable\":true}","{\"selector\":\"body > ins.adsbygoogle\",\"action\":[\"style\",\"display: block !important;\"],\"cssable\":true}","{\"selector\":\"body > .textads.banner-ads\",\"action\":[\"style\",\"display: block !important;\"],\"cssable\":true}","{\"selector\":\"body > div[id^=\\\"div-gpt-ad-\\\"]\",\"action\":[\"style\",\"display: block !important;\"],\"cssable\":true}","{\"selector\":\"div#detect.adsbox.doubleclick\",\"action\":[\"style\",\"display: block !important;\"],\"cssable\":true}","{\"selector\":\"body .adblock_warning:not(#style_important)\",\"action\":[\"style\",\"position: absolute !important; left: -3000px !important;\"],\"cssable\":true}","{\"selector\":\".iframeDiv > center > a[target=\\\"_blank\\\"]\",\"action\":[\"style\",\"position: absolute !important; left: -3000px !important;\"],\"cssable\":true}","{\"selector\":\"body div.adsbox.doubleclick.ad-placement[id]:not(#style_important)\",\"action\":[\"style\",\"display: block !important;\"],\"cssable\":true}","{\"selector\":\".jconfirm\",\"action\":[\"style\",\"display: none !important;\"],\"cssable\":true}","{\"selector\":\".modal-backdrop.show\",\"action\":[\"style\",\"display: none !important;\"],\"cssable\":true}","{\"selector\":\".modal-open .modal\",\"action\":[\"style\",\"display: none !important;\"],\"cssable\":true}","{\"selector\":\".op-body\",\"action\":[\"style\",\"overflow: auto !important;\"],\"cssable\":true}","{\"selector\":\"[id].adsbox.doubleclick.ad-placement\",\"action\":[\"style\",\"display: block !important;\"],\"cssable\":true}","{\"selector\":\".ads.ad.adsbox.ad-placement.carbon-ads\",\"action\":[\"style\",\"display: block !important;\"],\"cssable\":true}","{\"selector\":\"body .ads-box\",\"action\":[\"style\",\"display: block !importnat;\"],\"cssable\":true}","{\"selector\":\"body div[id].ads.adsbox.doubleclick\",\"action\":[\"style\",\"display: block !important;\"],\"cssable\":true}","{\"selector\":\".ads.ads-block.prebid\",\"action\":[\"style\",\"display: block !important;\"],\"cssable\":true}","{\"selector\":\".pub_728x90.text-ad.textAd.text_ad.text_ads.text-ads.text-ad-links\",\"action\":[\"style\",\"display: block !important;\"],\"cssable\":true}","{\"selector\":\".publicite.text-ad.adsbox\",\"action\":[\"style\",\"display: block !important;\"],\"cssable\":true}","{\"selector\":\".wrap-player > #player\",\"action\":[\"style\",\"display: block !important;\"],\"cssable\":true}","{\"selector\":\"iframe#doublebillboard-1\",\"action\":[\"remove\",\"\"]}","{\"selector\":\"#ablockercheck\",\"action\":[\"style\",\"display: block!important;\"],\"cssable\":true}","{\"selector\":\"#Publi300600xaa\",\"action\":[\"style\",\"height: 1px!important;\"],\"cssable\":true}","{\"selector\":\"[style=\\\"text-align: center; display: none;\\\"]\",\"action\":[\"style\",\"display: block !important;\"],\"cssable\":true}","{\"selector\":\".adblock_detect\",\"action\":[\"style\",\"display: none !important;\"],\"cssable\":true}","{\"selector\":\".popup-adblocker\",\"action\":[\"style\",\"display: none !important;\"],\"cssable\":true}","{\"selector\":\"body\",\"action\":[\"style\",\"overflow: visible !important;\"],\"cssable\":true}","{\"selector\":\"#ad\",\"action\":[\"style\",\"position: absolute!important; left: -3000px!important;\"],\"cssable\":true}","{\"selector\":\"#adsdiv\",\"action\":[\"style\",\"position: absolute!important; left: -3000px!important;\"],\"cssable\":true}","{\"selector\":\"body .adsbygoogle\",\"action\":[\"style\",\"display: block!important; position: absolute!important; left: -3000px!important;\"],\"cssable\":true}","{\"selector\":\".content > div[id]\",\"tasks\":[[\"has\",{\"selector\":\"> center > b\",\"tasks\":[[\"has-text\",\"DESATIVE O ADBLOCK\"]]}]]}","{\"selector\":\".content > div[id]:has(> center > #src_iframe)\",\"action\":[\"style\",\"display: block !important;\"],\"cssable\":true}","{\"selector\":\".content #src_iframe\",\"action\":[\"style\",\"display: block !important;\"],\"cssable\":true}","{\"selector\":\"#bannerGames\",\"action\":[\"style\",\"height: 2px!important;\"],\"cssable\":true}","{\"selector\":\".adstopo\",\"action\":[\"style\",\"position: absolute!important; left: -3000px!important;\"],\"cssable\":true}","{\"selector\":\"#banner_b\",\"action\":[\"style\",\"display: block !important;\"],\"cssable\":true}","{\"selector\":\"iframe#google_ads_iframe_b\",\"action\":[\"style\",\"display: block !important;\"],\"cssable\":true}","{\"selector\":\"iframe#google_ads_iframe_123_bait\",\"action\":[\"style\",\"display: block !important;\"],\"cssable\":true}","{\"selector\":\".sn-header-bar\",\"action\":[\"style\",\"top: 0 !important;\"],\"cssable\":true}","{\"selector\":\"body\",\"action\":[\"style\",\"padding-top: 0 !important;\"],\"cssable\":true}","{\"selector\":\"#pulzo-header\",\"action\":[\"style\",\"position: static !important;\"],\"cssable\":true}","{\"selector\":\"#sidebar-widget-wrap\",\"action\":[\"style\",\"position: static !important;\"],\"cssable\":true}","{\"selector\":\"header\",\"action\":[\"style\",\"top: 0 !important;\"],\"cssable\":true}","{\"selector\":\".admobile\",\"action\":[\"style\",\"display: none !important;\"],\"cssable\":true}","{\"selector\":\".banner_large\",\"action\":[\"style\",\"position: absolute !important; left: -3000px !important;\"],\"cssable\":true}","{\"selector\":\"body > #content\",\"action\":[\"style\",\"padding-bottom: 0 !important;\"],\"cssable\":true}","{\"selector\":\".area-publi\",\"action\":[\"style\",\"height: 0 !important;\"],\"cssable\":true}","{\"selector\":\"#colunas\",\"action\":[\"style\",\"display: block !important;\"],\"cssable\":true}","{\"selector\":\".hided\",\"action\":[\"style\",\"display: block !important;\"],\"cssable\":true}","{\"selector\":\".content-box\",\"action\":[\"style\",\"display: block !important;\"],\"cssable\":true}","{\"selector\":\".ad-lat2\",\"action\":[\"style\",\"height: 0 !important; min-height: 0 !important; margin: 0 !important; padding: 0 !important; visibility: collapse !important;\"],\"cssable\":true}","{\"selector\":\".modal-backdrop\",\"action\":[\"style\",\"display: none !important;\"],\"cssable\":true}","{\"selector\":\".modal[style^=\\\"backdrop-filter\\\"]\",\"action\":[\"style\",\"display: none !important;\"],\"cssable\":true}","{\"selector\":\"body\",\"action\":[\"style\",\"overflow: auto !important; padding-right: 0 !important;\"],\"cssable\":true}","{\"selector\":\".footer\",\"action\":[\"style\",\"padding-bottom: 0 !important;\"],\"cssable\":true}","{\"selector\":\"#welcome-ad\",\"action\":[\"style\",\"display: none !important;\"],\"cssable\":true}","{\"selector\":\".add990x90\",\"action\":[\"style\",\"min-height: 0 !important;\"],\"cssable\":true}","{\"selector\":\".add990x90 div\",\"action\":[\"style\",\"height: 0 !important;\"],\"cssable\":true}","{\"selector\":\"aside > div > .goqpfsl\",\"action\":[\"style\",\"visibility: hidden !important; height: 1px !important;\"],\"cssable\":true}","{\"selector\":\".dat-menu-container\",\"action\":[\"style\",\"cursor: auto !important;\"],\"cssable\":true}","{\"selector\":\"body[style^=\\\"background\\\"]\",\"action\":[\"style\",\"background: none !important;\"],\"cssable\":true}","{\"selector\":\".wow-modal-overlay\",\"action\":[\"style\",\"display: none!important;\"],\"cssable\":true}","{\"selector\":\"html\",\"action\":[\"style\",\"overflow: auto!important;\"],\"cssable\":true}","{\"selector\":\"body\",\"action\":[\"style\",\"overflow: auto!important;\"],\"cssable\":true}","{\"selector\":\".top-home\",\"action\":[\"style\",\"margin-top: 60px!important;\"],\"cssable\":true}","{\"selector\":\".page-container.top\",\"action\":[\"style\",\"margin-top: 60px!important;\"],\"cssable\":true}","{\"selector\":\"div[class^=\\\"skin-premium\\\"]\",\"action\":[\"style\",\"display: none!important;\"],\"cssable\":true}","{\"selector\":\".navbar-container\",\"action\":[\"style\",\"margin-top: 0!important;\"],\"cssable\":true}","{\"selector\":\"#fusion-app\",\"action\":[\"style\",\"margin-top: 0!important;\"],\"cssable\":true}","{\"selector\":\".modal__banner\",\"action\":[\"style\",\"display: none !important;\"],\"cssable\":true}","{\"selector\":\".main__corpo\",\"action\":[\"style\",\"margin-top: 160px!important;\"],\"cssable\":true}","{\"selector\":\"#header-bar.header-bar\",\"action\":[\"style\",\"padding-top: 0 !important;\"],\"cssable\":true}","{\"selector\":\".containerMapAndBanner > .contentMap\",\"action\":[\"style\",\"height: 100% !important;\"],\"cssable\":true}","{\"selector\":\".body\",\"action\":[\"style\",\"background-image: none!important;\"],\"cssable\":true}","{\"selector\":\"body[style*=\\\"url\\\"]\",\"action\":[\"style\",\"background-image: none !important;\"],\"cssable\":true}","{\"selector\":\"body[style*=\\\"url\\\"] .trending-light[style^=\\\"margin-top:\\\"]\",\"action\":[\"style\",\"margin-top: 20px !important;\"],\"cssable\":true}","{\"selector\":\".block-wrapper[style*=\\\"url\\\"]\",\"action\":[\"style\",\"background: none !important;\"],\"cssable\":true}","{\"selector\":\".block-wrapper[style*=\\\"url\\\"] > .container > .row\",\"action\":[\"style\",\"margin-top: 0 !important;\"],\"cssable\":true}","{\"selector\":\".navBar\",\"action\":[\"style\",\"height: auto !important;\"],\"cssable\":true}","{\"selector\":\"#axds-Top\",\"action\":[\"style\",\"min-height: 0 !important;\"],\"cssable\":true}","{\"selector\":\"body\",\"action\":[\"style\",\"background-image: none !important;\"],\"cssable\":true}","{\"selector\":\"div[id^=\\\"div-gpt-\\\"]\",\"action\":[\"style\",\"display: none !important;\"],\"cssable\":true}","{\"selector\":\"#div-gpt-leaderboard ~ #page\",\"action\":[\"style\",\"margin-top: 30px !important;\"],\"cssable\":true}","{\"selector\":\".play\",\"action\":[\"style\",\"display: block !important;\"],\"cssable\":true}","{\"selector\":\"#article-header\",\"action\":[\"style\",\"min-height: 0 !important;\"],\"cssable\":true}","{\"selector\":\".is_advertising .site-advertising\",\"action\":[\"style\",\"margin: 5px auto 0 !important;\"],\"cssable\":true}","{\"selector\":\".hd-ad--background\",\"action\":[\"style\",\"display: none !important;\"],\"cssable\":true}","{\"selector\":\".hasBgApb\",\"action\":[\"style\",\"margin-top: 0 !important;\"],\"cssable\":true}","{\"selector\":\".content_section > .top\",\"action\":[\"style\",\"margin-top: 100px !important;\"],\"cssable\":true}","{\"selector\":\"#framed > #player\",\"action\":[\"style\",\"display: block !important;\"],\"cssable\":true}","{\"selector\":\"#framed\",\"action\":[\"style\",\"display: block !important;\"],\"cssable\":true}","{\"selector\":\".content > #el-02\",\"action\":[\"style\",\"display: none !important;\"],\"cssable\":true}","{\"selector\":\"body > header\",\"action\":[\"style\",\"top: 0 !important;\"],\"cssable\":true}","{\"selector\":\".tgad-top\",\"action\":[\"style\",\"display: none !important;\"],\"cssable\":true}","{\"selector\":\"html.fancybox-margin\",\"action\":[\"style\",\"margin-right: 0 !important;\"],\"cssable\":true}","{\"selector\":\"html.fancybox-lock > body\",\"action\":[\"style\",\"overflow: auto !important;\"],\"cssable\":true}","{\"selector\":\".fancybox-overlay\",\"action\":[\"style\",\"display: none !important;\"],\"cssable\":true}","{\"selector\":\".col-anu + div.col-cnt > div.columna\",\"action\":[\"style\",\"width: 34% !important;\"],\"cssable\":true}","{\"selector\":\"body #fullbanner-container\",\"action\":[\"style\",\"height: 1px !important;\"],\"cssable\":true}","{\"selector\":\"div[class^=\\\"block-ads-\\\"]\",\"action\":[\"style\",\"visibility: hidden !important;\"],\"cssable\":true}","{\"selector\":\".banner\",\"action\":[\"style\",\"visibility: hidden !important;\"],\"cssable\":true}","{\"selector\":\"div[class=\\\"vc_row wpb_row td-pb-row\\\"][style^=\\\"padding-top: 1\\\"]\",\"action\":[\"style\",\"padding-top: 0 !important;\"],\"cssable\":true}","{\"selector\":\"body\",\"action\":[\"style\",\"background-image: none!important;\"],\"cssable\":true}","{\"selector\":\".ad_block_shadowed\",\"action\":[\"style\",\"position: absolute!important; left: -3000px!important;\"],\"cssable\":true}","{\"selector\":\".ad_block_non_shadowed\",\"action\":[\"style\",\"position: absolute!important; left: -3000px!important;\"],\"cssable\":true}","{\"selector\":\"body\",\"action\":[\"style\",\"background-image:none!important;\"],\"cssable\":true}","{\"selector\":\".lv-publi-box\",\"action\":[\"style\",\"position: absolute!important; left: -3000px!important;\"],\"cssable\":true}","{\"selector\":\".megabanner-adv\",\"action\":[\"style\",\"position: absolute!important; left: -3000px!important;\"],\"cssable\":true}","{\"selector\":\".ads-300x300\",\"action\":[\"style\",\"position: absolute!important; left: -3000px!important;\"],\"cssable\":true}","{\"selector\":\"#NEWS_RELATED\",\"action\":[\"style\",\"position: absolute !important; left: -3000px !important;\"],\"cssable\":true}","{\"selector\":\"#ROBAPAGINAS_INLINE_LEFT\",\"action\":[\"style\",\"position: absolute !important; left: -3000px !important;\"],\"cssable\":true}","{\"selector\":\"#hide\",\"action\":[\"style\",\"display: block!important;\"],\"cssable\":true}","{\"selector\":\".buttonlink#contador\",\"action\":[\"style\",\"display: none!important;\"],\"cssable\":true}","{\"selector\":\"div#banner300x250\",\"action\":[\"style\",\"display: none!important;\"],\"cssable\":true}","{\"selector\":\".sidebar > div.tile-top.tile\",\"action\":[\"style\",\"height: auto!important;\"],\"cssable\":true}","{\"selector\":\"div.slot:has(> div.board-advertising:only-child)\",\"action\":[\"remove\",\"\"]}","{\"selector\":\".gp-inner-loop > .gp-post-item:has(> .gp-post-thumbnail > div[class^=\\\"gp-image-\\\"] > a[target=\\\"_blank\\\"])\",\"action\":[\"remove\",\"\"]}","{\"selector\":\".uk-modal-page\",\"action\":[\"style\",\"overflow: auto !important;\"],\"cssable\":true}","{\"selector\":\"#ads-popup\",\"action\":[\"style\",\"display: none !important;\"],\"cssable\":true}","{\"selector\":\".content-text__container[style^=\\\"min-height:\\\"]\",\"action\":[\"style\",\"min-height: 0 !important;\"],\"cssable\":true}","{\"selector\":\"#player-wrapper[style^=\\\"height:\\\"]\",\"action\":[\"style\",\"height: 100% !important;\"],\"cssable\":true}","{\"selector\":\".single-content > .text-center\",\"tasks\":[[\"has-text\",\"PUBLICIDADE\"]]}","{\"selector\":\"div.recipe_wrapper_all_right\",\"action\":[\"style\",\"float: left !important; width: auto !important;\"],\"cssable\":true}","{\"selector\":\".items-center > a[target=\\\"_blank\\\"]\",\"tasks\":[[\"has\",{\"selector\":\"> span\",\"tasks\":[[\"has-text\",\"/^Opción Ad$/\"]]}]]}","{\"selector\":\"#aa-hero-ad-frame\",\"action\":[\"style\",\"height: 350px !important; visibility: hidden !important;\"],\"cssable\":true}","{\"selector\":\".col-lg-4-5 > .divSection3\",\"tasks\":[[\"has\",{\"selector\":\"> div > h3\",\"tasks\":[[\"has-text\",\"Publicidade\"]]}]]}","{\"selector\":\"article div.font-krub.w-full.items-center\",\"tasks\":[[\"has-text\",\"continua após a publicidade\"]]}","{\"selector\":\"div[data-element_type=\\\"container\\\"] > div.elementor-element\",\"tasks\":[[\"has\",{\"selector\":\"> .elementor-widget-container\",\"tasks\":[[\"has-text\",\"pub\"]]}]]}","{\"selector\":\".e-con-inner > div.elementor-element\",\"tasks\":[[\"has\",{\"selector\":\"> .elementor-widget-container\",\"tasks\":[[\"has-text\",\"pub\"]]}]]}","{\"selector\":\"#list-downloadlinks > li\",\"tasks\":[[\"has\",{\"selector\":\"> a[target=\\\"_blank\\\"]\",\"tasks\":[[\"has-text\",\"Descargar\"]]}]]}","{\"selector\":\".ad-container-m1\",\"action\":[\"style\",\"min-height: 0 !important;\"],\"cssable\":true}","{\"selector\":\"body[data-edtn=\\\"br\\\"] > .root\",\"action\":[\"style\",\"margin-top: 0px !important;\"],\"cssable\":true}","{\"selector\":\".the_content > div > p > span\",\"tasks\":[[\"has-text\",\"pesos al mes FULL HD\"]]}","{\"selector\":\".mb-8 > div\",\"tasks\":[[\"has\",{\"selector\":\"> h3\",\"tasks\":[[\"has-text\",\"Recomendados para si\"]]}]]}","{\"selector\":\".wpb_wrapper > aside\",\"tasks\":[[\"has\",{\"selector\":\"center > div > span\",\"tasks\":[[\"has-text\",\"Publicidad\"]]}]]}","{\"selector\":\".noticia\",\"tasks\":[[\"has\",{\"selector\":\"> div.card-body > p\",\"tasks\":[[\"has-text\",\"Promociones\"]]}]]}","{\"selector\":\".pub\",\"action\":[\"remove\",\"\"]}","{\"selector\":\"div[class=\\\"w-full mx-auto my-[60px]\\\"]\",\"tasks\":[[\"has-text\",\"Suplemento baratinho\"]]}","{\"selector\":\".row-container-game > .ad-game + .container-game\",\"action\":[\"style\",\"width: 100% !important;\"],\"cssable\":true}","{\"selector\":\"main div.justify-center\",\"tasks\":[[\"has\",{\"selector\":\"> span\",\"tasks\":[[\"has-text\",\"Conteúdo apoiado por\"]]}]]}","{\"selector\":\".the_content span[style^=\\\"font-size:\\\"]:not([style*=\\\"color\\\"])\",\"tasks\":[[\"has-text\",\"/PERO ANTES TE RECOMIENDO|UENTAS COMPARTIDAS/\"]]}","{\"selector\":\".grid > div[class^=\\\"col-\\\"]\",\"tasks\":[[\"has\",{\"selector\":\"> div[class^=\\\"mb-\\\"] > div.flex > span\",\"tasks\":[[\"has-text\",\"En alianza con\"]]}]]}","{\"selector\":\".tophead-ad\",\"action\":[\"style\",\"display: none !important;\"],\"cssable\":true}","{\"selector\":\"#playx\",\"action\":[\"style\",\"display: none !important;\"],\"cssable\":true}","{\"selector\":\"#plays\",\"action\":[\"style\",\"display: block !important;\"],\"cssable\":true}","{\"selector\":\"main#site-main\",\"action\":[\"style\",\"margin-top: 0px !important;\"],\"cssable\":true}","{\"selector\":\".content-box\",\"tasks\":[[\"has\",{\"selector\":\"> div.news-item > div.info\",\"tasks\":[[\"has-text\",\"/Notícia Patrocinada/i\"]]}]]}","{\"selector\":\".pum-overlay[data-popmake*=\\\"custom_width\\\\\\\":\\\\\\\"640px\\\"]\",\"action\":[\"style\",\"display: none !important;\"],\"cssable\":true}","{\"selector\":\".pum-open-overlay\",\"action\":[\"style\",\"overflow: auto !important;\"],\"cssable\":true}","{\"selector\":\"#sidebar > .section\",\"tasks\":[[\"has\",{\"selector\":\"> .releases > h3:only-child\",\"tasks\":[[\"has-text\",\"/^Ads$/\"]]}]]}","{\"selector\":\".tp-modal:has(> div.tp-iframe-wrapper > iframe[id^=\\\"offer_\\\"])\",\"action\":[\"style\",\"display: none!important;\"],\"cssable\":true}","{\"selector\":\".tp-backdrop\",\"action\":[\"style\",\"display: none!important;\"],\"cssable\":true}","{\"selector\":\"body\",\"action\":[\"style\",\"overflow: visible!important;\"],\"cssable\":true}","{\"selector\":\"#home > div.container\",\"tasks\":[[\"has\",{\"selector\":\"> .row h2\",\"tasks\":[[\"has-text\",\"Conteúdo Publicitário\"]]}]]}","{\"selector\":\".et_pb_column\",\"tasks\":[[\"has\",{\"selector\":\"> div.et_pb_with_border > div.et_pb_module_inner > h4 > span[class]\",\"tasks\":[[\"has-text\",\"Publicidade\"]]}]]}","{\"selector\":\"main > div.MuiBox-root > div.MuiBox-root\",\"tasks\":[[\"has\",{\"selector\":\"> div[align=\\\"center\\\"] > div.MuiBox-root\",\"tasks\":[[\"has-text\",\"Publicidade\"]]}]]}","{\"selector\":\"#zonanoticias > div[style]\",\"tasks\":[[\"has\",{\"selector\":\"> script\",\"tasks\":[[\"has-text\",\"grVista\"]]}]]}","{\"selector\":\"#story-body > div.relative > div.items-center\",\"tasks\":[[\"has\",{\"selector\":\"> button > span\",\"tasks\":[[\"has-text\",\"Share\"]]}]]}","{\"selector\":\"section > div > div > div[class] > div[class][id] > div[id^=\\\"div-gpt-\\\"]\",\"tasks\":[[\"upward\",2]]}","{\"selector\":\"div[id^=\\\"odigi\\\"] > div.odigi-adlabel\",\"tasks\":[[\"upward\",1]]}","{\"selector\":\".MuiGrid-root > div[class^=\\\"style__Container\\\"]\",\"tasks\":[[\"has\",{\"selector\":\"> span\",\"tasks\":[[\"has-text\",\"Publicidade\"]]}]]}","{\"selector\":\".MuiGrid-root > div[style] > div[class^=\\\"style__Container-sc-\\\"]\",\"tasks\":[[\"has\",{\"selector\":\"> span.vertical\",\"tasks\":[[\"has-text\",\"Publicidade\"]]}]]}","{\"selector\":\".text-center > small\",\"tasks\":[[\"has-text\",\"/Publicidade|publicidade/\"]]}","{\"selector\":\"#sidebarGeral > .sidebar\",\"tasks\":[[\"has\",{\"selector\":\"> #tituloSidebar > center\",\"tasks\":[[\"has-text\",\"Patrocinadores\"]]}]]}","{\"selector\":\"div[class^=\\\"aspect-ratio\\\"] > div[id^=\\\"div-gpt-\\\"]\",\"tasks\":[[\"upward\",1]]}","{\"selector\":\".container > div[style$=\\\"z-index:9999999999999999999!important;\\\"]\",\"tasks\":[[\"upward\",1]]}","{\"selector\":\".entry-content > p\",\"tasks\":[[\"has\",{\"selector\":\"> span\",\"tasks\":[[\"has-text\",\"ANUNCIOS\"]]}]]}","{\"selector\":\".container > div[class]\",\"tasks\":[[\"has\",{\"selector\":\"> div.separator\",\"tasks\":[[\"has-text\",\"Publicidade\"]]}]]}","{\"selector\":\"h4.heading\",\"tasks\":[[\"has-text\",\"QUIZÁS TAMBIÉN\"]]}","{\"selector\":\"div[class^=\\\"Block__Component-\\\"]\",\"tasks\":[[\"has\",{\"selector\":\"> label\",\"tasks\":[[\"has-text\",\"/^Publicidade$/\"]]}]]}","{\"selector\":\"#contenido div[style^=\\\"height:250px;\\\"]\",\"tasks\":[[\"has\",{\"selector\":\"script\",\"tasks\":[[\"has-text\",\"grAnuncio.DisplayAds\"],[\"spath\",\" + div\"]]}]]}","{\"selector\":\".well.z-body > .ad-title\",\"tasks\":[[\"upward\",1]]}","{\"selector\":\".sidebar > .sidebar-item[style] > iframe[src^=\\\"https://assets.naointendo.com.br/banners/\\\"]\",\"tasks\":[[\"upward\",1]]}","{\"selector\":\".slick-track > .slick-slide > a[href*=\\\"?utm_campaign=homepedia:banner\\\"]\",\"action\":[\"remove\",\"\"],\"tasks\":[[\"upward\",1]]}","{\"selector\":\".sm-row > div.row > center > ins.adsbygoogle\",\"tasks\":[[\"upward\",\"div.row\"]]}","{\"selector\":\".adsbygoogle\",\"tasks\":[[\"upward\",1]]}","{\"selector\":\".hd-ad--background\",\"action\":[\"remove\",\"\"]}","{\"selector\":\".automaticas-canais > .leia_tambem_principal > .native_wrapper\",\"tasks\":[[\"upward\",1]]}","{\"selector\":\".automaticas-canais > .justify-content-center > .banner_wrapper\",\"tasks\":[[\"upward\",1]]}","{\"selector\":\"div[class*=\\\" \\\"] > div[class] > div[style^=\\\"height:\\\"] + div[class]\",\"tasks\":[[\"has-text\",\"/^Anuncio$/\"],[\"upward\",2]]}","{\"selector\":\"fieldset\",\"tasks\":[[\"has\",{\"selector\":\"> legend\",\"tasks\":[[\"has-text\",\"Advertisement\"]]}]]}","{\"selector\":\".columns.ends > div.row\",\"tasks\":[[\"has-text\",\"Advertisement\"]]}","{\"selector\":\".lay-sidebar > .sidebar__aside > .com-banner\",\"tasks\":[[\"upward\",1]]}","{\"selector\":\".lay-sidebar > .sidebar__aside > .mod-banner:only-child\",\"tasks\":[[\"upward\",1]]}","{\"selector\":\"#ipsLayout_mainArea > section\",\"tasks\":[[\"has\",{\"selector\":\"> ol > li > h2 > a\",\"tasks\":[[\"has-text\",\"LFSPro Ads\"]]}]]}","{\"selector\":\".ipsList_reset > li.ipsWidget\",\"tasks\":[[\"has\",{\"selector\":\"> h3\",\"tasks\":[[\"has-text\",\"LFSPro Ads\"]]}]]}","{\"selector\":\"#ipsLayout_mainArea > .ipsBox\",\"tasks\":[[\"has\",{\"selector\":\"> h2 > a\",\"tasks\":[[\"has-text\",\"LFSPro Ads\"]]}]]}","{\"selector\":\".dmPhotoGalleryResp .photogallery-column > .photoGalleryThumbs a[href=\\\"https://calentadores.shoptena.com/\\\"]\",\"tasks\":[[\"upward\",\".photogallery-column\"]]}","{\"selector\":\".main-posts > .general-content > div[id^=\\\"container-ac\\\"]:only-child\",\"tasks\":[[\"upward\",1]]}","{\"selector\":\"a[href^=\\\"https://www.pornolandia.xxx/webmaster/ref/\\\"]\",\"tasks\":[[\"upward\",1]]}","{\"selector\":\".sidebar-content-inner > div.widget\",\"tasks\":[[\"has\",{\"selector\":\"> div.widget-item-wrap > h2.widget-title > span.title-wrap\",\"tasks\":[[\"has-text\",\"Publicidad\"]]}]]}","{\"selector\":\".player_nav > ul[class] > li\",\"tasks\":[[\"has\",{\"selector\":\"> a[href]\",\"tasks\":[[\"has-text\",\"Ads\"]]}]]}","{\"selector\":\".uix_sidebarInner div.widget_text\",\"tasks\":[[\"has\",{\"selector\":\"> div.widget_text h3\",\"tasks\":[[\"has-text\",\"Publicidade\"]]}]]}","{\"selector\":\".sidebar > div.widget\",\"tasks\":[[\"has\",{\"selector\":\"> div.section-heading > span\",\"tasks\":[[\"has-text\",\"Publicidade\"]]}]]}","{\"selector\":\"div[data-tb-region-item]\",\"tasks\":[[\"has\",{\"selector\":\"> div.news-box > a > span > strong > em\",\"tasks\":[[\"has-text\",\"conteúdo patrocinado\"]]}]]}","{\"selector\":\"#root main[class] > div[class] > section[class] + aside[class]\",\"tasks\":[[\"has\",{\"selector\":\"> div[class] > p[class]\",\"tasks\":[[\"has-text\",\"PUBLICIDAD\"]]}]]}","{\"selector\":\"#content > div.type-post > div[id^=\\\"_\\\"]\",\"action\":[\"remove\",\"\"]}","{\"selector\":\"td[style=\\\"padding-right:15px;\\\"] > font\",\"tasks\":[[\"has-text\",\"/^Espacio publicitario$/\"]]}","{\"selector\":\".sidebar > #fixed_bar > .sidebar_item\",\"tasks\":[[\"has\",{\"selector\":\"> h3\",\"tasks\":[[\"has-text\",\"/^Publicidad$/\"]]}]]}","{\"selector\":\".ad\",\"action\":[\"remove\",\"\"]}","{\"selector\":\".StyledDiv > .Title\",\"tasks\":[[\"has-text\",\"publicidade\"]]}","{\"selector\":\".listagem-content > .table > tbody > tr > .table-responsive-fullwidth > .th-wrap > .is-vcentered > span.is-warning\",\"tasks\":[[\"has-text\",\"Anúncio\"],[\"upward\",4]]}","{\"selector\":\".ipsList_reset > .ipsWidget.ipsWidget_horizontal[data-blocktitle=\\\"Custom Blocks\\\"]\",\"tasks\":[[\"has\",{\"selector\":\"> h3.ipsType_reset\",\"tasks\":[[\"has-text\",\"Publicidade\"]]}]]}","{\"selector\":\"#Lateral > .Titulo\",\"tasks\":[[\"has-text\",\"Publicidade\"]]}","{\"selector\":\".module-surround > div\",\"tasks\":[[\"has-text\",\"Publicidade SA\"]]}","{\"selector\":\".sidebar > .encabezados\",\"tasks\":[[\"has\",{\"selector\":\"> h2\",\"tasks\":[[\"has-text\",\"NOTICIAS SUGERIDAS\"]]}]]}","{\"selector\":\".Conteudo > .Lateral > .Titulo\",\"tasks\":[[\"has-text\",\"Publicidade\"]]}","{\"selector\":\".sidebar > .encabezados > h3\",\"tasks\":[[\"has-text\",\"Publicidad\"]]}","{\"selector\":\".widget-area-right > aside.widget_custom_html\",\"tasks\":[[\"has\",{\"selector\":\"> div.textwidget > center\",\"tasks\":[[\"has-text\",\"Publicidad\"]]}]]}","{\"selector\":\"ul[class^=\\\"Mb(0)\\\"] > li.js-stream-content\",\"tasks\":[[\"has\",{\"selector\":\"> div > a[rel=\\\"nofollow noopener noreferrer\\\"] + div\",\"tasks\":[[\"has-text\",\"Patrocinado\"]]}]]}"],"selectorLists":["0,1","0,5","0,7,9","0,12","0,14","0,22","0,69","2,3,4","6,7","8","10","10,27,28","11","13","15,16,17","122,18","19","20","21","23,24,25","26","103,104,105,27","29","30","31","32","33","34","35","36","37,38","39,40","41,42","43","44,45,46","47,48","49,50,51","52,53","106,107,53","156,53","54","55","56,57","58","163,59","60","61","62","63","64","65,66,67","65,67,83","68","70,71","70","72","73,74","75,76,77","102,78,79","80,81,82","84","85","174,175,86","176,87","88,89,90,91","92","93","94","95,96","97","98","100,190,99","101","103,104,105","104,105","108,109,110","111","112","113","114","115","116","117,118","119","120,121","123,124","123","125,126","127","128","129","130","131,132","133","134","135","136","137","138","139","140,151","141,142","143","144","145","146,154","147","148","149","150","152","153","155","157,158","159","160","161,162","164,165,166","167,214","168","169","170,184","171","172","173","177","178","179","180,182","181","183","185","186","187","188","189","191,192","193","194,195","196,197","198,199,200","201","202","203","204","205","206","207","208","209","210","211","212","213","215","216","217","218","219","220","221","222","223"],"selectorListRefs":[88,24,115,73,112,98,15,92,154,2,40,156,162,131,26,50,27,146,46,113,36,26,109,86,28,113,113,113,58,87,107,16,8,29,121,86,151,7,66,49,99,24,27,44,90,42,13,56,113,100,78,53,102,19,113,43,10,153,152,0,27,76,46,72,110,1,46,113,113,129,77,99,159,138,65,3,147,59,160,113,95,46,26,70,52,46,10,18,17,81,127,20,120,149,79,47,117,10,141,71,144,47,139,116,46,5,113,150,118,22,143,113,25,126,21,55,85,73,111,12,10,48,108,140,130,133,24,84,21,134,124,93,113,45,41,46,157,34,113,126,35,122,14,63,125,91,96,26,119,135,10,94,158,75,74,101,39,9,132,14,23,47,96,96,122,145,33,62,96,96,10,155,11,61,57,73,96,96,96,96,96,96,38,161,105,46,96,30,69,10,3,114,51,123,37,6,32,96,96,96,96,96,96,21,96,96,82,106,10,96,96,10,128,142,96,80,97,74,31,104,64,103,83,96,96,96,96,96,74,89,96,96,137,137,10,96,96,96,96,69,136,68,96,96,158,96,10,148,60,67,54,4,23],"hostnames":["tu.tv","hoy.es","abola.pt","blotz.me","tudn.com","aa.com.br","depor.com","elpais.bo","meupc.net","mitele.es","pulzo.com","tudotv.tv","yahoo.com","anitube.cx","anitube.us","anroll.net","doceru.com","fcporto.ws","fonte1.com","pelis1.com","uol.com.br","anitube.vip","cmjornal.pt","hardzone.es","hartico.com","homecine.cc","homecine.to","homecine.tv","infobae.com","kshowes.net","laiguana.tv","meocloud.pt","novizer.com","pcbolsa.com","reforma.com","softzone.es","subdivx.com","zonaaps.com","20minutos.es","3djuegos.com","animefire.io","canarias7.es","docer.com.ar","donghuas.top","elconciso.es","elmueble.com","filmesxp.com","geeknetic.es","iputitas.net","lance.com.br","lavoz.com.ar","lecturas.com","megafire.net","netmentor.es","pelismart.tv","primicias.ec","redecanais.*","tuasaude.com","andro4all.com","darkmahou.org","docero.com.br","formulatv.com","futlances.net","gamevicio.com","geniol.com.br","latamtoon.com","ldicas.com.br","pelispedia.is","smartpelis.tv","sub100.com.br","tecnoblog.net","animefire.plus","aovivonatv.com","bibliatodo.com","cienradios.com","dicasgeeks.net","economiasc.com","estadao.com.br","extremotv.info","flixseries.org","folhabv.com.br","guiasaude.info","hinatasoul.com","infoescola.com","informacion.es","legacyfun.site","redecanaistv.*","xerifetech.com","zona-leros.com","zonammorpg.com","animesonehd.xyz","antoniomote.com","app.kultivi.com","atresplayer.com","clavejuegos.com","criptoreal.site","elperiodico.com","gastroponto.com","globaltvapp.net","hardware.com.br","hentaiporno.xxx","investfacil.org","lanacion.com.ar","lapagina.com.sv","loucosporti.com","mantrazscan.com","metroseries.net","muchohentai.com","nsctotal.com.br","oceans14.com.br","pornolandia.xxx","seriesmetro.net","seriesretro.com","shoptime.com.br","smartdoing.tech","todalamusica.es","androidayuda.com","belezaedieta.net","canaltech.com.br","cursomecanet.com","dicasdevalor.net","dicasvalores.com","estrenosdivx.net","forum.lfspro.net","hojeemdia.com.br","homepedia.com.br","lasprovincias.es","lavanguardia.com","manchetehoje.xyz","mundodonghua.com","odigital.sapo.pt","oglobo.globo.com","papayaseries.net","portugues.com.br","ramenparados.com","receitasdalu.net","sakuraanimes.com","sejasaudavel.net","seriesbanana.com","submarino.com.br","superanimes.site","thesenior.com.au","tipsdesalud.tips","adrenaline.com.br","animesonlinep.com","blizzboygames.net","cocina-cubana.com","coempregos.com.br","contaspoupanca.pt","definicionabc.com","dicasgostosas.com","embedcanaistv.com","extremotvplay.com","folhadoslagos.com","grandnoticias.com","jornaldocentro.pt","lavozdegalicia.es","lectorhub.j5z.xyz","naointendo.com.br","novatecnology.com","ouniversodatv.com","receitasdodia.fun","recetaspanama.com","recetaspizzas.com","thecourier.com.au","verepeliculas.com","asialiveaction.com","climaaovivo.com.br","cocina-chilena.com","comida-peruana.com","foodiesgallery.com","gamersboard.com.br","guianoticiario.net","jc.ne10.uol.com.br","jornaleconomico.pt","manualdamulher.net","recetas-arabes.com","recetas-chinas.com","recetas-espana.com","recetas-indias.com","recetas-italia.com","recetas-judias.com","tudogostoso.com.br","tv-porinternet.com","tvserieslatino.com","bolsadevalores.club","cocina-uruguaya.com","comandotorrents.org","decorardicas.com.br","dicasdefinancas.net","dicasdereceitas.net","guiadasemana.com.br","inforchannel.com.br","minhaconexao.com.br","olhardigital.com.br","radioagricultura.cl","radiotormentamx.com","recetas-simples.com","recetas-veganas.com","recetasdiabetes.com","recetashonduras.com","recetasparaguay.com","recetassalvador.com","resenhasglobais.com","cocina-boliviana.com","cocina-brasilena.com","foros.3dgames.com.ar","noticiasaominuto.com","receitasdaora.online","recetas-chilenas.com","recetascostarica.com","ricasdelicias.online","universoformulas.com","verdragonball.online","cocina-colombiana.com","diariodoiguacu.com.br","dragonball.sullca.com","fazendorendaextra.xyz","journaldemontreal.com","motorsport.uol.com.br","mundoconectado.com.br","nationalgeographic.pt","profesionalreview.com","recetas-francesas.com","recetas-guatemala.com","recetas-haitianas.com","recetas-japonesas.com","recetas-nicaragua.com","tecnologiaonline.site","windowsblogitalia.com","cocina-ecuatoriana.com","la-cocina-mexicana.com","paisdelosjuegos.com.co","paisdelosjuegos.com.pe","receitasdocheff.online","receta-vegetariana.com","recetas-argentinas.com","recetas-puertorico.com","recetas-sin-gluten.com","loucasporcabelos.com.br","noticiasdatv.uol.com.br","oantagonista.uol.com.br","recetas-dominicanas.com","recetas-venezolanas.com","rojadirectaonlinetv.com","recetas-ecuatorianas.com","caroloportunidades.com.br","correiobraziliense.com.br","diariodepernambuco.com.br","elchapuzasinformatico.com","nationalgeographic.com.es","gamesperu2021.blogspot.com","oplanetatv.clickgratis.com.br"],"hasEntities":true}