{"selectors":["{\"selector\":\".adblockalert\",\"action\":[\"style\",\"display: none !important;\"],\"cssable\":true}","{\"selector\":\"body.ad_block_detected\",\"action\":[\"style\",\"overflow: auto !important;\"],\"cssable\":true}","{\"selector\":\"body #oden.adsbygoogle-noablate\",\"action\":[\"style\",\"display: block !important;\"],\"cssable\":true}","{\"selector\":\".ad-banner\",\"action\":[\"remove\",\"\"]}","{\"selector\":\"body\",\"action\":[\"style\",\"overflow: auto !important;\"],\"cssable\":true}","{\"selector\":\"#adblockbyspider\",\"action\":[\"style\",\"display: none !important;\"],\"cssable\":true}","{\"selector\":\"#detect.ad-placement\",\"action\":[\"style\",\"display: block !important;\"],\"cssable\":true}","{\"selector\":\"body\",\"action\":[\"style\",\"overflow: auto!important;\"],\"cssable\":true}","{\"selector\":\".content-wrapper\",\"action\":[\"style\",\"filter: none!important;\"],\"cssable\":true}","{\"selector\":\".ad-blocker-detected\",\"action\":[\"style\",\"display: none!important;\"],\"cssable\":true}","{\"selector\":\".reklam-alan-tam\",\"action\":[\"style\",\"position: absolute!important; left: -3000px!important;\"],\"cssable\":true}","{\"selector\":\".reklam\",\"action\":[\"style\",\"display: block!important; height: 1px!important;\"],\"cssable\":true}","{\"selector\":\".reklam_alani\",\"action\":[\"style\",\"display: none!important;\"],\"cssable\":true}","{\"selector\":\".rek1\",\"action\":[\"style\",\"height: 1px!important;\"],\"cssable\":true}","{\"selector\":\".reklam_kontrol\",\"action\":[\"style\",\"height: 1px!important;\"],\"cssable\":true}","{\"selector\":\".icerik_reklam\",\"action\":[\"style\",\"position: absolute!important; left: -3000px!important;\"],\"cssable\":true}","{\"selector\":\".pub_300x250.pub_300x250m.pub_728x90.text-ad.textAd.text_ad.text_ads.text-ads.text-ad-links\",\"action\":[\"style\",\"display:block!important;\"],\"cssable\":true}","{\"selector\":\"#blogkafemnet-reklam\",\"action\":[\"style\",\"height: 1px!important;\"],\"cssable\":true}","{\"selector\":\"#usttekiReklam\",\"action\":[\"remove\",\"\"]}","{\"selector\":\".adsmd\",\"action\":[\"style\",\"height: 1px!important;\"],\"cssable\":true}","{\"selector\":\"ul.row[role=\\\"tablist\\\"] > li:has(> a[href^=\\\"/service/advertclick\\\"])\",\"action\":[\"remove\",\"\"]}","{\"selector\":\"div.slick-track > a[href^=\\\"/service/advertclick\\\"]\",\"action\":[\"remove\",\"\"]}","{\"selector\":\"body > .container\",\"action\":[\"style\",\"margin-top: 0 !important;\"],\"cssable\":true}","{\"selector\":\".wrapper\",\"action\":[\"style\",\"margin-top: 0 !important;\"],\"cssable\":true}","{\"selector\":\"#dt_contenedor\",\"action\":[\"style\",\"margin-top: 0 !important;\"],\"cssable\":true}","{\"selector\":\".jw-preview[style*=\\\"background-image: url\\\"]\",\"action\":[\"style\",\"background: none !important;\"],\"cssable\":true}","{\"selector\":\"body.pageskin\",\"action\":[\"style\",\"margin-top: 0 !important;\"],\"cssable\":true}","{\"selector\":\".main-content\",\"action\":[\"style\",\"margin-top: 0 !important;\"],\"cssable\":true}","{\"selector\":\"#site\",\"action\":[\"style\",\"margin-top: 0 !important;\"],\"cssable\":true}","{\"selector\":\"body > #wrap\",\"action\":[\"style\",\"margin-top: 0 !important;\"],\"cssable\":true}","{\"selector\":\".pageskin .rectangle\",\"action\":[\"style\",\"margin-top: 0 !important;\"],\"cssable\":true}","{\"selector\":\"#wt-masthead\",\"action\":[\"style\",\"height: 0px !important; min-height: 0px !important;\"],\"cssable\":true}","{\"selector\":\"body > div[class=\\\"orta\\\"]\",\"action\":[\"style\",\"margin-top: -150px !important;\"],\"cssable\":true}","{\"selector\":\"body > div.site-outer\",\"action\":[\"style\",\"margin-top: 0 !important;\"],\"cssable\":true}","{\"selector\":\"div[class^=\\\"clickout-native_table_box-\\\"]\",\"action\":[\"style\",\"display: none !important;\"],\"cssable\":true}","{\"selector\":\".pageskin header\",\"action\":[\"style\",\"margin-top: 0 !important;\"],\"cssable\":true}","{\"selector\":\"#wrap\",\"action\":[\"style\",\"margin-top: 0 !important;\"],\"cssable\":true}","{\"selector\":\"#s-manset-list div.slick-track > a.item-rkm\",\"action\":[\"remove\",\"\"]}","{\"selector\":\"#s-manset-dots > ul > li:has(> a[href^=\\\"/service/advertclick?\\\"])\",\"action\":[\"remove\",\"\"]}","{\"selector\":\"#roadblock\",\"action\":[\"style\",\"position: absolute !important; left: -3000px !important;\"],\"cssable\":true}","{\"selector\":\".td-pb-row > .tdc-column > .wpb_wrapper\",\"action\":[\"style\",\"min-height: 0 !important;\"],\"cssable\":true}","{\"selector\":\"#siteLoginPromotionContent\",\"action\":[\"style\",\"display: none !important;\"],\"cssable\":true}","{\"selector\":\"body\",\"action\":[\"style\",\"overflow: auto !important; position: static !important;\"],\"cssable\":true}","{\"selector\":\".main-headline div.headline-new > .swiper-slide:has(> a[href^=\\\"https\\\"][target=\\\"_blank\\\"] > picture > img)\",\"action\":[\"remove\",\"\"]}","{\"selector\":\".owl-stage > .owl-item:has(> .item > a[target=\\\"_blank\\\"]:not([href^=\\\"https://www.yeniakit.com.tr/\\\"]))\",\"action\":[\"remove\",\"\"]}","{\"selector\":\"body\",\"action\":[\"style\",\"margin-top: 0 !important;\"],\"cssable\":true}","{\"selector\":\"#live-top-menu\",\"action\":[\"style\",\"height: auto !important;\"],\"cssable\":true}","{\"selector\":\"#ikinci\",\"action\":[\"style\",\"display: block !important;\"],\"cssable\":true}","{\"selector\":\"#reklam\",\"action\":[\"style\",\"display: none !important;\"],\"cssable\":true}","{\"selector\":\"header.container\",\"action\":[\"style\",\"margin-top: 20px !important;\"],\"cssable\":true}","{\"selector\":\".splide__list > li.splide__slide:has(> div.s-gcm-br)\",\"action\":[\"remove\",\"\"]}","{\"selector\":\"#wrap\",\"action\":[\"style\",\"margin-top: 0px !important;\"],\"cssable\":true}","{\"selector\":\"#hnsbox\",\"action\":[\"style\",\"display: none !important;\"],\"cssable\":true}","{\"selector\":\".modal-backdrop\",\"action\":[\"style\",\"display: none !important;\"],\"cssable\":true}","{\"selector\":\".billBoardFrame\",\"action\":[\"style\",\"position: absolute !important; left: -3000px !important;\"],\"cssable\":true}","{\"selector\":\".swiper-wrapper > div.swiper-slide:has(> img[src*=\\\"banner\\\"] + a[href])\",\"action\":[\"remove\",\"\"]}","{\"selector\":\".layout\",\"action\":[\"style\",\"padding-top: 0 !important;\"],\"cssable\":true}","{\"selector\":\".container.main\",\"action\":[\"style\",\"margin-top: 0 !important;\"],\"cssable\":true}","{\"selector\":\"body\",\"action\":[\"style\",\"background: none !important;\"],\"cssable\":true}","{\"selector\":\".prevideo\",\"action\":[\"style\",\"display: none !important;\"],\"cssable\":true}","{\"selector\":\"#iframe-video\",\"action\":[\"style\",\"display: block !important;\"],\"cssable\":true}","{\"selector\":\".global-header\",\"action\":[\"style\",\"margin-bottom: 24px !important;\"],\"cssable\":true}","{\"selector\":\"#adModal\",\"action\":[\"style\",\"display: none !important;\"],\"cssable\":true}","{\"selector\":\".modal-open\",\"action\":[\"style\",\"overflow: visible !important;\"],\"cssable\":true}","{\"selector\":\"html.async-hide\",\"action\":[\"style\",\"opacity: 1 !important;\"],\"cssable\":true}","{\"selector\":\"body .fixed_header\",\"action\":[\"style\",\"top: 0 !important;\"],\"cssable\":true}","{\"selector\":\"body .page_container\",\"action\":[\"style\",\"margin-top: 80px !important;\"],\"cssable\":true}","{\"selector\":\".page_container > .single\",\"action\":[\"style\",\"margin-top: 0 !important;\"],\"cssable\":true}","{\"selector\":\"#burtiModal\",\"action\":[\"style\",\"display: none!important;\"],\"cssable\":true}","{\"selector\":\".modal-backdrop\",\"action\":[\"style\",\"display: none!important;\"],\"cssable\":true}","{\"selector\":\"body\",\"action\":[\"style\",\"overflow: visible!important; padding-right: 0!important;\"],\"cssable\":true}","{\"selector\":\"ul.app-features\",\"action\":[\"style\",\"margin-top: 0!important;\"],\"cssable\":true}","{\"selector\":\".header[style^=\\\"margin-top:\\\"]\",\"action\":[\"style\",\"margin-top: 0 !important;\"],\"cssable\":true}","{\"selector\":\"body\",\"action\":[\"style\",\"background-image: none !important;\"],\"cssable\":true}","{\"selector\":\"html.uk-modal-page\",\"action\":[\"style\",\"overflow: auto !important;\"],\"cssable\":true}","{\"selector\":\"html.uk-modal-page > body\",\"action\":[\"style\",\"overflow: auto !important;\"],\"cssable\":true}","{\"selector\":\"#mainpage-modal[data-galabel=\\\"bankoligappdownload\\\"]\",\"action\":[\"style\",\"display: none !important;\"],\"cssable\":true}","{\"selector\":\"body > .orta:not([style*=\\\"margin-top:\\\"])\",\"action\":[\"style\",\"margin-top: 0 !important;\"],\"cssable\":true}","{\"selector\":\"div.duyuru-izle.duyuru-izle\",\"action\":[\"style\",\"margin-top: 20px !important;\"],\"cssable\":true}","{\"selector\":\"div.orta[style^=\\\"margin-top:\\\"]:not(.izle)\",\"action\":[\"style\",\"margin-top: 131px !important;\"],\"cssable\":true}","{\"selector\":\"div.orta.izle[style^=\\\"margin-top:\\\"]:not(#style_important)\",\"action\":[\"style\",\"margin-top: 180px !important;\"],\"cssable\":true}","{\"selector\":\"#header2\",\"action\":[\"style\",\"height: 100px !important;\"],\"cssable\":true}","{\"selector\":\"#header\",\"action\":[\"style\",\"margin-top: 0 !important;\"],\"cssable\":true}","{\"selector\":\".topBanner + header\",\"action\":[\"style\",\"top: 0 !important;\"],\"cssable\":true}","{\"selector\":\".topBanner\",\"action\":[\"style\",\"top: -50px !important;\"],\"cssable\":true}","{\"selector\":\"body > div[class^=\\\"sfv_\\\"] > div[id]\",\"action\":[\"style\",\"top: 0 !important;\"],\"cssable\":true}","{\"selector\":\"body\",\"action\":[\"style\",\"overflow: auto !important; padding-right: 0 !important;\"],\"cssable\":true}","{\"selector\":\"#popupreklam\",\"action\":[\"style\",\"display: none !important;\"],\"cssable\":true}","{\"selector\":\"#popupreklam ~ div.modal-backdrop\",\"action\":[\"style\",\"display: none !important;\"],\"cssable\":true}","{\"selector\":\"#modal-ads\",\"action\":[\"style\",\"display: none !important;\"],\"cssable\":true}","{\"selector\":\"body\",\"action\":[\"style\",\"overflow: visible !important; padding-right: 0 !important;\"],\"cssable\":true}","{\"selector\":\".adsbygoogle\",\"action\":[\"style\",\"position: absolute !important; left: -3000px !important;\"],\"cssable\":true}","{\"selector\":\".once-reklam\",\"action\":[\"style\",\"display: none!important;\"],\"cssable\":true}","{\"selector\":\"#videos\",\"action\":[\"style\",\"display: block!important;\"],\"cssable\":true}","{\"selector\":\".banner\",\"action\":[\"style\",\"visibility: hidden !important; height: 150px !important;\"],\"cssable\":true}","{\"selector\":\"#modal-ads\",\"action\":[\"style\",\"display: none!important;\"],\"cssable\":true}","{\"selector\":\"#modal-ads ~ .modal-backdrop\",\"action\":[\"style\",\"display: none !important;\"],\"cssable\":true}","{\"selector\":\"body.modal-open\",\"action\":[\"style\",\"overflow: visible !important; padding-right: 0 !important;\"],\"cssable\":true}","{\"selector\":\"#galleryContent\",\"action\":[\"style\",\"visibility: visible!important;\"],\"cssable\":true}","{\"selector\":\".hideBlock\",\"action\":[\"style\",\"display: none !important;\"],\"cssable\":true}","{\"selector\":\".videoAdBlock > div.content\",\"action\":[\"style\",\"display: block !important;\"],\"cssable\":true}","{\"selector\":\".modal\",\"action\":[\"style\",\"display: none!important;\"],\"cssable\":true}","{\"selector\":\"body\",\"action\":[\"style\",\"overflow: visible!important;\"],\"cssable\":true}","{\"selector\":\".td-background-link #td-outer-wrap\",\"action\":[\"style\",\"cursor: auto !important;\"],\"cssable\":true}","{\"selector\":\"#header\",\"action\":[\"style\",\"height: 0px !important;\"],\"cssable\":true}","{\"selector\":\"#mobil_modal_ad\",\"action\":[\"style\",\"display: none!important;\"],\"cssable\":true}","{\"selector\":\"body.modal-open\",\"action\":[\"style\",\"overflow: visible!important;\"],\"cssable\":true}","{\"selector\":\"#myModal\",\"action\":[\"style\",\"display: none !important;\"],\"cssable\":true}","{\"selector\":\"body > #x-root\",\"action\":[\"style\",\"background-image: none!important;\"],\"cssable\":true}","{\"selector\":\"#adv-modal\",\"action\":[\"style\",\"display: none!important;\"],\"cssable\":true}","{\"selector\":\"body.modal-open\",\"action\":[\"style\",\"overflow: visible!important; padding-right: 0!important;\"],\"cssable\":true}","{\"selector\":\".Banner\",\"action\":[\"style\",\"border: none !important;\"],\"cssable\":true}","{\"selector\":\"a[href$=\\\"#ReklamRezervasyon\\\"]\",\"action\":[\"style\",\"visibility:hidden !important;\"],\"cssable\":true}","{\"selector\":\"body > main\",\"action\":[\"style\",\"padding-left: unset !important;\"],\"cssable\":true}","{\"selector\":\".tbanner\",\"action\":[\"style\",\"visibility: hidden !important;\"],\"cssable\":true}","{\"selector\":\"#dinami\",\"action\":[\"style\",\"display: block !important;\"],\"cssable\":true}","{\"selector\":\"div[class^=\\\"adv-\\\"]\",\"action\":[\"style\",\"height: 0 !important;\"],\"cssable\":true}","{\"selector\":\".x-root\",\"action\":[\"style\",\"background-image: none !important;\"],\"cssable\":true}","{\"selector\":\"div > a[href][target=\\\"_blank\\\"][style*=\\\"display: flex !important;\\\"]\",\"action\":[\"style\",\"position: absolute !important; left: -3000px !important;\"],\"cssable\":true}","{\"selector\":\"center > div > a[href][target=\\\"_blank\\\"]\",\"action\":[\"style\",\"position: absolute !important; left: -3000px !important;\"],\"cssable\":true}","{\"selector\":\".tepe-banner\",\"action\":[\"style\",\"margin-top: 0 !important;\"],\"cssable\":true}","{\"selector\":\".mtsnb-top\",\"action\":[\"style\",\"display: none!important;\"],\"cssable\":true}","{\"selector\":\"body.has-mtsnb[style^=\\\"padding-top:\\\"]\",\"action\":[\"style\",\"padding-top: 0!important;\"],\"cssable\":true}","{\"selector\":\"body\",\"action\":[\"style\",\"overflow: visible !important;\"],\"cssable\":true}","{\"selector\":\"#solust\",\"action\":[\"style\",\"position: static!important;\"],\"cssable\":true}","{\"selector\":\"#menuBG.sabitle\",\"action\":[\"style\",\"top: 0!important;\"],\"cssable\":true}","{\"selector\":\"body\",\"action\":[\"style\",\"background-image: none!important;\"],\"cssable\":true}","{\"selector\":\".samBackground[style]\",\"action\":[\"style\",\"background-image: none!important;\"],\"cssable\":true}","{\"selector\":\"#head > .menu-bar.cloned\",\"action\":[\"style\",\"top: 0!important;\"],\"cssable\":true}","{\"selector\":\".previd-link\",\"action\":[\"style\",\"visibility: hidden!important;\"],\"cssable\":true}","{\"selector\":\".adsbygoogle\",\"action\":[\"style\",\"position: absolute!important; left: -3000px!important;\"],\"cssable\":true}","{\"selector\":\".adsbygoogle\",\"action\":[\"style\",\"position: absolute!important; left: -10000px!important;\"],\"cssable\":true}","{\"selector\":\"#mvp-site-main\",\"action\":[\"style\",\"margin-top: 0 !important;\"],\"cssable\":true}","{\"selector\":\"body.td-ad-background-link\",\"action\":[\"style\",\"background-image: none!important;\"],\"cssable\":true}","{\"selector\":\"body.td-ad-background-link #td-outer-wrap\",\"action\":[\"style\",\"cursor: auto!important;\"],\"cssable\":true}","{\"selector\":\".wt-masthead\",\"action\":[\"style\",\"padding: 0 !important;\"],\"cssable\":true}","{\"selector\":\".wt-container[style*=\\\"padding-top: 0px;\\\"]\",\"action\":[\"style\",\"padding-top: 60px!important;\"],\"cssable\":true}","{\"selector\":\".in-view-ads\",\"action\":[\"style\",\"position: absolute!important; left: -3000px!important;\"],\"cssable\":true}","{\"selector\":\".adsbygoogle\",\"action\":[\"style\",\"height:1px!important;\"],\"cssable\":true}","{\"selector\":\".top-banner-wrapper\",\"action\":[\"style\",\"padding: 1px!important; background-color: #007fc5!important;\"],\"cssable\":true}","{\"selector\":\".sayfafull.uzat > .ie-navigasyon + .soltaraf\",\"action\":[\"style\",\"width:calc(100% - 290px)!important;\"],\"cssable\":true}","{\"selector\":\".sayfafull.uzat > .soltaraf\",\"action\":[\"style\",\"width:calc(100% - 253px)!important;\"],\"cssable\":true}","{\"selector\":\".soltaraf\",\"action\":[\"style\",\"width: calc(100%)!important;\"],\"cssable\":true}","{\"selector\":\".min-height-at-index\",\"action\":[\"style\",\"height: 144px!important;\"],\"cssable\":true}","{\"selector\":\"#popup\",\"action\":[\"style\",\"display: none!important;\"],\"cssable\":true}","{\"selector\":\".with-popup\",\"action\":[\"style\",\"overflow: visible!important;\"],\"cssable\":true}","{\"selector\":\"body.with-bg\",\"action\":[\"style\",\"padding-top: 0!important;\"],\"cssable\":true}","{\"selector\":\"header.advertControlArea\",\"action\":[\"style\",\"top: 0!important;\"],\"cssable\":true}","{\"selector\":\"html > body\",\"action\":[\"style\",\"background-image: none !important;\"],\"cssable\":true}","{\"selector\":\"#birinci\",\"action\":[\"style\",\"display: none !important;\"],\"cssable\":true}","{\"selector\":\"#reklamModal\",\"action\":[\"style\",\"display: none !important;\"],\"cssable\":true}","{\"selector\":\".kutu\",\"tasks\":[[\"has\",{\"selector\":\"> div.gbaslik > p > b\",\"tasks\":[[\"has-text\",\"Reklam\"]]}]]}","{\"selector\":\"body\",\"action\":[\"style\",\"background: transparent !important;\"],\"cssable\":true}","{\"selector\":\".post-detail > div.infinity-item > div.row\",\"action\":[\"style\",\"justify-content: center !important;\"],\"cssable\":true}","{\"selector\":\".topheadline > a.item\",\"tasks\":[[\"has\",{\"selector\":\"> figure div\",\"tasks\":[[\"has-text\",\"Sponsorlu İçerik\"]]}]]}","{\"selector\":\"div[id^=\\\"ad_\\\"]\",\"action\":[\"remove\",\"\"]}","{\"selector\":\".swiper-wrapper > a[title=\\\"Sinpaş Yapı Tasarruf Sandığı\\\"] > img\",\"action\":[\"style\",\"display: none !important;\"],\"cssable\":true}","{\"selector\":\".swiper-wrapper > a[title=\\\"Sinpaş Yapı Tasarruf Sandığı\\\"] > img + div.swiper-lazy-preloader\",\"action\":[\"style\",\"display: none !important;\"],\"cssable\":true}","{\"selector\":\"body\",\"action\":[\"style\",\"padding-top: 0 !important;\"],\"cssable\":true}","{\"selector\":\"nav.navbar\",\"action\":[\"style\",\"margin-top: 0 !important; top: 0 !important;\"],\"cssable\":true}","{\"selector\":\".samBackground\",\"action\":[\"style\",\"background: none!important;\"],\"cssable\":true}","{\"selector\":\"div[class^=\\\"r_header\\\"]\",\"action\":[\"style\",\"display: none !important;\"],\"cssable\":true}","{\"selector\":\".yildiz-pageskin #header\",\"action\":[\"style\",\"margin: 0 auto 0px auto !important;\"],\"cssable\":true}","{\"selector\":\"#rk-content\",\"action\":[\"style\",\"display: none !important;\"],\"cssable\":true}","{\"selector\":\"#cn-content\",\"action\":[\"style\",\"display: block !important;\"],\"cssable\":true}","{\"selector\":\"body::before\",\"action\":[\"style\",\"background: unset !important;\"],\"cssable\":true}","{\"selector\":\"#haberDiv\",\"action\":[\"style\",\"min-height: auto !important;\"],\"cssable\":true}","{\"selector\":\".sidebox:has(> aside#SonDakika_AnaSayfa_300x250_Kutu1)\",\"action\":[\"style\",\"width: 0 !important;\"],\"cssable\":true}","{\"selector\":\"div[id^=\\\"fastadmodal\\\"]\",\"action\":[\"style\",\"display: none !important;\"],\"cssable\":true}","{\"selector\":\"#f_player > div[style^=\\\"position: absolute; z-index: 1999999\\\"]\",\"action\":[\"style\",\"display: none !important;\"],\"cssable\":true}","{\"selector\":\".schema_movie > div[style=\\\"height:210px\\\"]\",\"action\":[\"style\",\"display: none !important;\"],\"cssable\":true}","{\"selector\":\"body[style^=\\\"margin-top:\\\"]\",\"action\":[\"style\",\"margin-top: 0 !important;\"],\"cssable\":true}","{\"selector\":\".embed-responsive\",\"action\":[\"style\",\"display: block !important;\"],\"cssable\":true}","{\"selector\":\"#mobile-preroll\",\"action\":[\"style\",\"display: none !important;\"],\"cssable\":true}","{\"selector\":\".screen-cover\",\"action\":[\"remove\",\"\"]}","{\"selector\":\".slick-dots > li[role=\\\"presentation\\\"]\",\"tasks\":[[\"has\",{\"selector\":\"> button:not([aria-label^=\\\"2 of\\\"])\",\"tasks\":[[\"matches-css\",{\"name\":\"content\",\"pseudo\":\"after\",\"value\":\"^R$\"}]]}]]}","{\"selector\":\"#slides > div.new3slide:has(> div > a.rekkklam)\",\"action\":[\"remove\",\"\"]}","{\"selector\":\"body\",\"action\":[\"style\",\"background-image: none !important; padding: 0px !important;\"],\"cssable\":true}","{\"selector\":\"#wrapper\",\"action\":[\"style\",\"margin-top: 0px !important;\"],\"cssable\":true}","{\"selector\":\"#content.container\",\"action\":[\"style\",\"margin-top: 0 !important;\"],\"cssable\":true}","{\"selector\":\"section.dr.w-full.min-h-100vh > div.relative\",\"tasks\":[[\"has\",{\"selector\":\"span\",\"tasks\":[[\"has-text\",\"Reklam\"]]}]]}","{\"selector\":\"#mod-base\",\"action\":[\"style\",\"display: none !important;\"],\"cssable\":true}","{\"selector\":\".modal-open\",\"action\":[\"style\",\"overflow: auto !important;\"],\"cssable\":true}","{\"selector\":\".fancybox-overlay\",\"action\":[\"style\",\"display: none !important;\"],\"cssable\":true}","{\"selector\":\".fancybox-lock\",\"action\":[\"style\",\"overflow: auto !important; margin-right: unset !important;\"],\"cssable\":true}","{\"selector\":\".fancybox-lock body\",\"action\":[\"style\",\"overflow: auto !important;\"],\"cssable\":true}","{\"selector\":\"html > iframe[style*=\\\"position:\\\"]\",\"action\":[\"remove\",\"\"]}","{\"selector\":\"#main div[style^=\\\"position:\\\"]\",\"tasks\":[[\"has\",{\"selector\":\"> div\",\"tasks\":[[\"has-text\",\"Reklam\"]]}]]}","{\"selector\":\"main.content-index\",\"action\":[\"style\",\"margin-top: 0px !important;\"],\"cssable\":true}","{\"selector\":\".layout__main div.bg-\\\\[\\\\#f7f8fb\\\\]\",\"tasks\":[[\"has\",{\"selector\":\"> div[class]\",\"tasks\":[[\"has-text\",\"Reklam\"]]}]]}","{\"selector\":\".video-content > div.ads\",\"action\":[\"style\",\"height: 0 !important; visibility: hidden !important;\"],\"cssable\":true}","{\"selector\":\".fixed-header-promo\",\"action\":[\"style\",\"display: none !important;\"],\"cssable\":true}","{\"selector\":\"#main\",\"action\":[\"style\",\"margin-top: 0px !important;\"],\"cssable\":true}","{\"selector\":\"#preRollBd\",\"action\":[\"remove\",\"\"]}","{\"selector\":\".container\",\"action\":[\"style\",\"margin-top: 0 !important;\"],\"cssable\":true}","{\"selector\":\".mansetSlider li:has(img[src*=\\\"//haberkibris.com/banner2/\\\"])\",\"action\":[\"remove\",\"\"]}","{\"selector\":\".owl-dots > div.owl-dot\",\"tasks\":[[\"has-text\",\"/^R$/\"]]}","{\"selector\":\".swiper > div.swiper-wrapper > div.swiper-slide:has(> a[href^=\\\"/reklam/ads/\\\"])\",\"action\":[\"remove\",\"\"]}","{\"selector\":\".samOverlay_30\",\"tasks\":[[\"has\",{\"selector\":\"> div.overlay > div.overlay-title\",\"tasks\":[[\"has-text\",\"Reklam\"]]}]]}","{\"selector\":\".swiper-wrapper > div.swiper-slide:has(> a[href^=\\\"https://dimpa.renault.com.tr/\\\"])\",\"action\":[\"remove\",\"\"]}","{\"selector\":\".swiper-wrapper > div.swiper-slide:has(> a[title=\\\"advert\\\"])\",\"action\":[\"remove\",\"\"]}","{\"selector\":\".swiper-wrapper > div.swiper-slide:has(a[href^=\\\"https://tinyurl.com/\\\"])\",\"action\":[\"remove\",\"\"]}","{\"selector\":\".swiper-wrapper > div.swiper-slide:has(> a[data-url^=\\\"https://ensonhaber.me/\\\"])\",\"action\":[\"remove\",\"\"]}","{\"selector\":\".swiper-container > div.swiper-wrapper > a[rel^=\\\"sponsored\\\"][class^=\\\"swiper-slide\\\"]\",\"action\":[\"remove\",\"\"]}","{\"selector\":\".swiper-wrapper > .swiper-slide:has(*:is(img[src^=\\\"/sahifeler/rkl/\\\"], .adsbygoogle))\",\"action\":[\"remove\",\"\"]}","{\"selector\":\".swiper-reklam\",\"action\":[\"remove\",\"\"]}","{\"selector\":\".swiper-wrapper > div.swiper-slide:has(> a[href^=\\\"https://pubads.g.doubleclick.net/\\\"])\",\"action\":[\"remove\",\"\"]}","{\"selector\":\".s-pagination li:has(> a[href^=\\\"https://pubads.g.doubleclick.net/\\\"])\",\"action\":[\"remove\",\"\"]}","{\"selector\":\".owl-stage > div.owl-item:has(> article > a[href^=\\\"/guncel/\\\"])\",\"action\":[\"remove\",\"\"]}","{\"selector\":\".home-swiper > div.swiper-wrapper > div.swiper-slide:has(a[href*=\\\"&utm_\\\"])\",\"action\":[\"remove\",\"\"]}","{\"selector\":\".display-none\",\"tasks\":[[\"has\",{\"selector\":\"> figure.news-box > figcaption > a[href] > span.txt\",\"tasks\":[[\"has-text\",\"Reklam\"]]}]]}","{\"selector\":\".swiper-wrapper > div:has(> a > figure.manset-reklam)\",\"action\":[\"remove\",\"\"]}","{\"selector\":\"#s-spotmanset-dots > .row > li:has(> a[href=\\\"https://www.letstr.com/\\\"])\",\"action\":[\"remove\",\"\"]}","{\"selector\":\"#s-spotmanset-dots > .row > li:has(> a[href=\\\"https://www.dermansut.com.tr/\\\"])\",\"action\":[\"remove\",\"\"]}","{\"selector\":\".right-wrapper > div.grid-margin\",\"tasks\":[[\"has\",{\"selector\":\"> div.card > div.card-header\",\"tasks\":[[\"has-text\",\"Sponsor\"]]}]]}","{\"selector\":\".ui-autocomplete > li:has(> div[style^=\\\"color:\\\"])\",\"action\":[\"remove\",\"\"]}","{\"selector\":\"#interstitial-close-link-source\",\"action\":[\"remove\",\"\"]}","{\"selector\":\".ad-doubleclickwebinterstital\",\"action\":[\"remove\",\"\"]}","{\"selector\":\".recipe-cards-area > div > div#arsiv-native\",\"tasks\":[[\"upward\",1]]}","{\"selector\":\"body > main > div[class] > .rPanel\",\"tasks\":[[\"has\",{\"selector\":\"> .head\",\"tasks\":[[\"has-text\",\"/^Reklam $/\"]]}]]}","{\"selector\":\"#PopularSicakFirsatTopicsContent > div[class=\\\"populersatir\\\"]\",\"tasks\":[[\"has\",{\"selector\":\"> a > .populerbaslik > span\",\"tasks\":[[\"has-text\",\"/^\\\\(ilandır\\\\)$/\"]]}]]}","{\"selector\":\".page-wrapper > .container > .row > div[class=\\\"col-12 col-md-6 col-lg-4 view-20\\\"] > .advers-box\",\"tasks\":[[\"upward\",1]]}","{\"selector\":\"div.bg-white\",\"tasks\":[[\"has\",{\"selector\":\"> span\",\"tasks\":[[\"has-text\",\"/^Reklam$/\"]]}]]}","{\"selector\":\".box-news > .row > .col-md-4 > .banner\",\"tasks\":[[\"upward\",1]]}","{\"selector\":\".CloudWrapper > div[align=\\\"center\\\"] > span.previous_results_class > center > .adsbygoogle\",\"tasks\":[[\"upward\",2]]}","{\"selector\":\".native-kutu\",\"tasks\":[[\"upward\",1]]}","{\"selector\":\".sidebar > .widget > .adsbygoogle\",\"tasks\":[[\"upward\",1]]}","{\"selector\":\".sidebar-content > .sidebar-top > p\",\"tasks\":[[\"has-text\",\"/^Reklam$/\"],[\"upward\",1]]}","{\"selector\":\".col-lg-8 > .panel-info > .panel-body > .panel > .panel-body > a[target=\\\"_blank\\\"]\",\"tasks\":[[\"upward\",2]]}","{\"selector\":\".sidebar > div[id^=\\\"custom_html-\\\"] > .textwidget > .thb-ad\",\"tasks\":[[\"upward\",2]]}","{\"selector\":\"div[style^=\\\"width:\\\"] > [id^=\\\"div-gpt-ad\\\"]\",\"tasks\":[[\"upward\",1]]}","{\"selector\":\"div[style^=\\\"height:\\\"] > [id^=\\\"div-gpt-ad\\\"]\",\"tasks\":[[\"upward\",1]]}","{\"selector\":\".col-4 > div[style^=\\\"height\\\"] > [id^=\\\"div-gpt-ad\\\"]\",\"tasks\":[[\"upward\",1]]}","{\"selector\":\"div[style^=\\\"height:\\\"] > div[id^=\\\"ENGAGEYA_WIDGET_\\\"]\",\"tasks\":[[\"upward\",1]]}","{\"selector\":\".module > div.module-inner div.bannergroup\",\"tasks\":[[\"upward\",\".module\"]]}","{\"selector\":\"div[id^=\\\"edit\\\"] > div[style*=\\\"stylevar\\\"] > table > tbody > tr > .thead\",\"tasks\":[[\"has-text\",\"/^Reklamlar$/\"],[\"upward\",3]]}","{\"selector\":\"body > div.container > div.header_big_advert\",\"tasks\":[[\"upward\",1]]}","{\"selector\":\"div[data-testid=\\\"mesh-container-content\\\"] > div[id^=\\\"comp-\\\"] > iframe[aria-label=\\\"Google AdSense\\\"]\",\"tasks\":[[\"upward\",1]]}","{\"selector\":\"div[class*=\\\" \\\"] > div[class] > div[style^=\\\"height:\\\"] + div[class]\",\"tasks\":[[\"has-text\",\"/^Reklam$/\"],[\"upward\",2]]}","{\"selector\":\"#orta > .karisikOyunlarr > div > .adsbygoogle\",\"tasks\":[[\"upward\",2]]}","{\"selector\":\"div[style=\\\"padding:0px 10px 0px 10px\\\"] > div[id=\\\"posts\\\"] > table[class=\\\"tborder\\\"][width=\\\"100%\\\"][align=\\\"center\\\"]\",\"tasks\":[[\"has\",{\"selector\":\"td.thead\",\"tasks\":[[\"has-text\",\"Sponsorlu Baglantilar\"]]}]]}","{\"selector\":\"#sidebar > .sidebar-box > h4 > span\",\"tasks\":[[\"has-text\",\"/^REKLAM$/\"],[\"upward\",2]]}","{\"selector\":\".banner300Soru\",\"tasks\":[[\"upward\",\"div\"]]}","{\"selector\":\".solbar > .sol-kutu\",\"tasks\":[[\"has\",{\"selector\":\"> .m-baslik > p > b\",\"tasks\":[[\"has-text\",\"/^SPONSOR REKLAMLAR$/\"]]}]]}","{\"selector\":\".bilesen > .w_baslik\",\"tasks\":[[\"has\",{\"selector\":\"> .yazi_golge\",\"tasks\":[[\"has-text\",\"Sponsorlu Bağlantılar\"]]}]]}","{\"selector\":\"#details > center\",\"tasks\":[[\"has-text\",\"Sponsor\"]]}","{\"selector\":\"html.fancybox-lock:has(> body)\",\"action\":[\"style\",\"overflow: visible!important;\"],\"cssable\":true}","{\"selector\":\"html.fancybox-lock:has(> body) > body\",\"action\":[\"style\",\"overflow: visible!important;\"],\"cssable\":true}","{\"selector\":\"body > div.fancybox-overlay:has(> div)\",\"action\":[\"style\",\"display: none!important;\"],\"cssable\":true}","{\"selector\":\".theiaStickySidebar > .sidebarWidget\",\"tasks\":[[\"has\",{\"selector\":\"> .heading > .title\",\"tasks\":[[\"has-text\",\"Sponsor Bağlantı\"]]}]]}","{\"selector\":\".classifiedOtherDetails > div.uiBox\",\"tasks\":[[\"has\",{\"selector\":\"> div > h3\",\"tasks\":[[\"has-text\",\"Sponsorlu\"]]}]]}","{\"selector\":\".manset-list > ul > li\",\"tasks\":[[\"has\",{\"selector\":\"> a\",\"tasks\":[[\"has-text\",\"/^R$/\"]]}]]}","{\"selector\":\"\",\"tasks\":[[\"matches-path\",\"|/video/\"],[\"spath\",\" body > .play-button-outer ~ .pppx\"]]}","{\"selector\":\"#pre_video\",\"action\":[\"style\",\"display: none !important;\"],\"cssable\":true}","{\"selector\":\"#vast\",\"action\":[\"style\",\"display: block !important;\"],\"cssable\":true}","{\"selector\":\"#filmoncereklam\",\"action\":[\"style\",\"display: none !important;\"],\"cssable\":true}","{\"selector\":\"div[id=\\\"episode\\\"][style]\",\"action\":[\"style\",\"height: unset !important; width: unset !important; overflow: unset !important; position: unset !important;\"],\"cssable\":true}","{\"selector\":\"#vast > div[id].jwplayer\",\"action\":[\"style\",\"display: none !important;\"],\"cssable\":true}","{\"selector\":\"#vast > div[id].jwplayer + iframe.embed-responsive-item\",\"action\":[\"style\",\"display: block !important;\"],\"cssable\":true}","{\"selector\":\".once-reklam\",\"action\":[\"style\",\"display: none !important;\"],\"cssable\":true}","{\"selector\":\"#videos\",\"action\":[\"style\",\"display: block !important;\"],\"cssable\":true}","{\"selector\":\".tab-reklam\",\"action\":[\"style\",\"display: none !important;\"],\"cssable\":true}","{\"selector\":\".tab-embed\",\"action\":[\"style\",\"display: block !important;\"],\"cssable\":true}","{\"selector\":\".play-that-video\",\"action\":[\"style\",\"display: none !important;\"],\"cssable\":true}","{\"selector\":\".video-content\",\"action\":[\"style\",\"display: block !important;\"],\"cssable\":true}","{\"selector\":\"#player\",\"action\":[\"style\",\"display: block !important;\"],\"cssable\":true}","{\"selector\":\"#episode\",\"action\":[\"style\",\"height: unset !important; width: unset !important; position: unset !important;\"],\"cssable\":true}","{\"selector\":\"#filmoncereklam\",\"action\":[\"style\",\"display: none!important;\"],\"cssable\":true}","{\"selector\":\"div#rk-content.center\",\"action\":[\"style\",\"display: none !important;\"],\"cssable\":true}","{\"selector\":\"#reki\",\"action\":[\"style\",\"display: block !important;\"],\"cssable\":true}","{\"selector\":\"#rekmine\",\"action\":[\"style\",\"display: none !important;\"],\"cssable\":true}","{\"selector\":\"#reki2\",\"action\":[\"style\",\"display: none !important;\"],\"cssable\":true}","{\"selector\":\"#rekmine2\",\"action\":[\"style\",\"display: none !important;\"],\"cssable\":true}","{\"selector\":\"#kendisi\",\"action\":[\"style\",\"display: block !important;\"],\"cssable\":true}","{\"selector\":\"#film\",\"action\":[\"style\",\"display: block !important;\"],\"cssable\":true}","{\"selector\":\"#reki:not([style*=\\\"display\\\"])\",\"action\":[\"style\",\"display: none !important;\"],\"cssable\":true}","{\"selector\":\"#reki[style*=\\\"display\\\"]\",\"action\":[\"style\",\"display: block !important;\"],\"cssable\":true}","{\"selector\":\"body div#player\",\"action\":[\"style\",\"display: block !important;\"],\"cssable\":true}","{\"selector\":\".container-pl\",\"action\":[\"style\",\"display: none !important;\"],\"cssable\":true}","{\"selector\":\".plyr\",\"action\":[\"style\",\"display: block !important;\"],\"cssable\":true}","{\"selector\":\".vidcontainer\",\"action\":[\"style\",\"display: none !important;\"],\"cssable\":true}","{\"selector\":\"#episode\",\"action\":[\"style\",\"height: unset !important; width: unset !important; position: unset !important; overflow: unset !important;\"],\"cssable\":true}","{\"selector\":\"#episode\",\"action\":[\"style\",\"height: auto !important; width: auto !important; overflow: auto !important; position: unset !important;\"],\"cssable\":true}","{\"selector\":\"#reki1\",\"action\":[\"style\",\"display: none !important;\"],\"cssable\":true}","{\"selector\":\"#reki1\",\"action\":[\"style\",\"display: none!important;\"],\"cssable\":true}","{\"selector\":\"#kendisi\",\"action\":[\"style\",\"display: block!important;\"],\"cssable\":true}","{\"selector\":\"#bir.oynama\",\"action\":[\"style\",\"display: none !important;\"],\"cssable\":true}","{\"selector\":\"#iki.oynama\",\"action\":[\"style\",\"display: block !important;\"],\"cssable\":true}","{\"selector\":\"main > h3\",\"tasks\":[[\"has-text\",\"Sponsor Bannerlar\"]]}","{\"selector\":\"div[id^=\\\"modal\\\"]\",\"action\":[\"style\",\"display: none !important;\"],\"cssable\":true}","{\"selector\":\"body.modal-open\",\"action\":[\"style\",\"overflow: auto !important;\"],\"cssable\":true}","{\"selector\":\"body\",\"action\":[\"style\",\"overflow: auto !important; background: none !important;\"],\"cssable\":true}","{\"selector\":\"#leftC > .filmborder\",\"tasks\":[[\"has\",{\"selector\":\"> .filmcontent > .tam > a\",\"tasks\":[[\"has-text\",\"Sponsor Reklam\"]]}]]}","{\"selector\":\"#header\",\"action\":[\"style\",\"margin-bottom: 0 !important;\"],\"cssable\":true}","{\"selector\":\".player-poster[data-poster].clickable\",\"action\":[\"style\",\"background-image: none !important;\"],\"cssable\":true}","{\"selector\":\"#main-wrapper\",\"action\":[\"style\",\"margin: 0 auto 0 !important;\"],\"cssable\":true}","{\"selector\":\"video > style\",\"action\":[\"remove\",\"\"]}","{\"selector\":\"body > header\",\"action\":[\"style\",\"margin-top: 0 !important;\"],\"cssable\":true}","{\"selector\":\".fb-popup\",\"action\":[\"style\",\"display: none !important;\"],\"cssable\":true}","{\"selector\":\"header.header\",\"action\":[\"style\",\"margin-top: 0 !important;\"],\"cssable\":true}","{\"selector\":\"body > main#wrapper\",\"action\":[\"style\",\"margin-top: 0 !important;\"],\"cssable\":true}","{\"selector\":\"#preroll_skip_btn\",\"action\":[\"style\",\"display: block !important;\"],\"cssable\":true}","{\"selector\":\".player\",\"action\":[\"style\",\"display: block !important;\"],\"cssable\":true}","{\"selector\":\"#sol > #embed:has(iframe) ~ #video-onu2\",\"action\":[\"remove\",\"\"]}","{\"selector\":\"body #site\",\"action\":[\"style\",\"margin-top: 0px !important;\"],\"cssable\":true}","{\"selector\":\".table-area\",\"action\":[\"style\",\"visibility: hidden !important;\"],\"cssable\":true}","{\"selector\":\"#player-before-ads\",\"action\":[\"style\",\"display: none !important;\"],\"cssable\":true}","{\"selector\":\"#player-has-ads\",\"action\":[\"style\",\"display: block !important;\"],\"cssable\":true}","{\"selector\":\"#site\",\"action\":[\"style\",\"margin: auto !important;\"],\"cssable\":true}","{\"selector\":\"#reklam-header\",\"action\":[\"style\",\"display: none !important;\"],\"cssable\":true}","{\"selector\":\"#malker-footer\",\"action\":[\"style\",\"display: none !important;\"],\"cssable\":true}","{\"selector\":\".player-poster\",\"action\":[\"style\",\"background-image: none !important;\"],\"cssable\":true}","{\"selector\":\"#ifrld\",\"action\":[\"style\",\"display: block !important;\"],\"cssable\":true}","{\"selector\":\"div[style^=\\\"position: absolute; z-index: 1999999;\\\"]\",\"action\":[\"style\",\"display: none !important;\"],\"cssable\":true}","{\"selector\":\".duyuru_kutusu\",\"action\":[\"style\",\"display: none !important;\"],\"cssable\":true}","{\"selector\":\".pageskin .oblong\",\"action\":[\"style\",\"margin-top: 0 !important;\"],\"cssable\":true}","{\"selector\":\".dfp\",\"action\":[\"style\",\"position: absolute !important; left: -3000px !important;\"],\"cssable\":true}"],"selectorLists":["0,1","2","215,216,217,3","4,5","4,52,53","107,4,53","150,4,53","6","7,8,9","10","11,12","13,14,15","16","17","138,18","19","20,21","22","23","23,59,60","158,23,73","24","25","148,26,312,313,314,315,73","161,26,312,313,314,315,73","148,27","28,308,309,310","29","280,281,29","148,30","135,136,31","32","33,34,65,66,67","312,313,314,315,35,51,73","36","37,38","39","40","246,247,248,41,42,58","147,43","44","45","46","47,48","149,47","275,276,49","50","53,62,63","53,89,90","123,53","181,182,53","289,290,53","289,291,53","54","199,200,55","56","148,312,313,314,315,57,73","57","163,164,58","58","316,61","64","113,168,219,68,69,70","101,102,69","105,106,69,89","109,110,69","110,69","71","72","73","303,304,73","169,170,171,312,313,314,315,73","312,313,314,315,73","177,269,270,312,313,314,315,73","163,164,312,313,314,315,73","148,312,313,314,315,73","74,75,76","77,78,79,80","81","82","83,84,85","86,87,88","91","92,93","94","95,96,97","98","100,99","103,108,117,126,127,133,134","104","111,112","114","115","116","118","119","120,166","121,122","123,198","124","125","128","129","130","131,209","132","137","139","140,141,142,220","143","144,145,146,205","148","148,178","151","152","153","154","155","156,157","158","159","160","162,261,262","163,164,165","163,164,255,256","163,164","164,268","167","172,173","174,175","176","179","180","183,184,185","186","187","188","189,222","190","191,192","193","194","195","196","197","200","201","202,203","204","206,207,230,231,232,233","208","210","211","212,213","214","218","221","223","224","225","226","227","228","229","234","235","236","237","238","239,286,287","240","241","242","243","244","245","249","250","251","252","253,254","255,256","255,274","255,282","257,258","259,260","261,262","263,264","263,265","263,277","266,267","271,273","272,273","273,283","278,279","284,285","288","292","293","294","295","296","297","298,299","300,301,302","305","306,307","308,309,310","311"],"selectorListRefs":[179,62,92,14,21,168,72,59,27,175,79,135,76,164,48,80,109,104,188,111,111,44,34,19,71,61,85,38,59,50,160,137,107,165,100,170,15,97,178,111,22,18,27,136,115,194,128,125,64,72,93,43,12,46,167,79,89,149,53,156,99,44,96,172,95,56,120,33,73,130,82,148,42,153,116,169,39,67,152,145,30,132,58,59,66,13,125,32,45,202,202,202,202,202,202,202,203,203,203,203,203,203,203,203,203,125,188,83,183,121,10,144,140,25,85,7,176,37,185,36,127,146,88,103,131,102,154,103,198,70,204,157,55,1,59,34,203,203,203,203,203,203,203,203,203,203,203,203,203,203,203,203,203,203,203,203,203,203,203,203,203,203,203,203,203,203,203,203,203,203,203,203,203,203,203,203,203,2,147,48,106,125,72,28,20,151,74,85,183,24,187,187,159,139,123,87,91,180,177,122,86,198,198,198,198,198,198,198,198,198,198,198,198,198,198,198,198,198,198,198,198,198,201,201,201,201,201,201,201,201,201,201,201,201,201,201,201,201,201,201,201,201,201,201,201,201,70,70,70,70,70,70,70,70,70,70,70,70,70,70,70,70,70,78,118,81,69,69,69,69,69,69,69,69,69,69,69,133,57,185,186,60,6,166,142,199,41,134,84,69,69,69,69,69,69,69,69,69,69,69,123,65,111,163,112,158,208,208,208,208,208,208,208,208,208,208,208,208,208,208,208,208,208,208,208,208,208,208,208,208,208,208,208,208,208,208,208,208,208,208,208,208,208,208,208,208,208,208,208,208,208,208,208,208,208,208,208,208,208,208,208,208,208,208,208,208,208,208,208,208,208,208,208,208,208,208,208,208,208,129,70,70,70,70,70,70,70,70,70,70,70,70,40,141,34,59,69,69,69,69,69,69,69,69,69,69,4,125,101,56,185,190,150,72,197,197,197,197,117,114,181,94,103,69,69,69,69,69,69,69,69,69,69,47,17,70,70,70,70,70,70,70,70,70,70,205,205,205,205,205,205,205,205,205,205,205,205,205,205,205,205,205,205,205,205,205,205,205,205,205,205,205,125,11,110,125,185,98,193,63,134,119,197,197,197,197,197,197,197,197,197,197,197,197,197,197,197,197,59,69,207,207,26,207,207,207,68,161,111,181,70,189,125,85,138,23,192,75,182,29,51,51,51,51,51,51,51,51,51,51,51,51,51,51,51,51,51,51,51,51,16,186,35,207,207,207,207,207,207,207,207,207,207,207,207,207,207,207,207,207,207,207,207,207,187,49,184,94,173,195,9,188,90,196,196,196,196,196,196,196,196,196,196,196,196,196,196,196,196,196,196,196,196,3,174,8,85,31,77,126,0,54,52,52,52,52,52,52,52,52,52,52,52,52,52,52,52,52,52,52,52,52,191,182,105,143,108,5,162,171,113,206,206,206,206,206,206,206,206,124,155,69,206,206,206,206,206,206,206,206,206,206,206,206,206,206,206,206,206,206,206,111,6,200],"hostnames":["buzz","r10.net","tr.link","altin.in","diziyo.*","poki.com","sinema.*","bhdgc.com","dizimom.*","doeda.com","filmzal.*","sporx.com","ssport.tv","21yyte.org","61saat.com","akakce.com","arabam.com","birgun.net","dizicaps.*","dizilab8.*","dizilab9.*","dizimag.eu","dizimom.tv","dizitime.*","filmizle.*","gratis.com","halk54.com","itemci.com","justintv.*","nesine.com","ogznet.com","onedio.com","t24.com.tr","ytpara.com","61medya.net","agaclar.net","baho.com.tr","bilgenc.com","bomba32.com","contentx.me","dizigom1.tv","dizikorea.*","dizirex.com","elle.com.tr","f5haber.com","filmmodu.co","filmmodu.io","filmtib.com","haber61.net","hdfilmcix.*","muud.com.tr","neskici.com","osxinfo.net","paratic.com","popkedi.com","sinefy3.com","ademyurt.com","aksam.com.tr","apara.com.tr","aspor.com.tr","cazkolik.com","dizimodu.com","evrensel.net","fenokulu.net","filmindir.be","filmizletv.*","filmmodu.biz","fullhdfilm.*","fullhdizle.*","haberler.com","jurnalci.com","konhaber.com","mackolik.com","medyabar.com","memurlar.net","oyunu.com.tr","sabah.com.tr","tamindir.com","timeturk.com","wanhaber.com","webtekno.com","1000kitap.com","1080pizle.net","apxinfeng.com","aydinpost.com","blogkafem.net","burcufilm.com","coin-turk.com","dizifilmbox.*","dizikral.club","dizikral.live","dizikral1.pro","dizikral2.pro","dizikral3.pro","dizikral4.pro","dizikral5.pro","dizipal1.live","dizipal2.live","dizipal3.live","dizipal4.live","dizipal5.live","dizipal6.live","dizipal7.live","dizipal8.live","dizipal9.live","dizirella.com","elzemfilm.org","eroticpub.com","filmmoduu.com","fivemturk.net","fontyukle.net","hakimiyet.com","izlekolik.org","jetfilmizle.*","karaman24.com","mangaship.net","otokokpit.com","popsci.com.tr","sinekolik.com","sinemalar.com","sondakika.com","takvim.com.tr","technopat.net","teknoblog.com","tranimaci.com","tranimeizle.*","trwebtoon.com","ucuzaucak.net","ugurfilm9.com","webteizle.xyz","yabancidizi.*","yeniduzen.com","yenisafak.com","akillikafa.com","bonneyrega.com","canlidizi6.org","dizipal10.live","dizipal11.live","dizipal12.live","dizipal13.live","dizipal14.live","dizipal15.live","dizipal16.live","dizipal17.live","dizipal18.live","dizipal19.live","dizipal20.live","dizipal21.live","dizipal22.live","dizipal23.live","dizipal24.live","dizipal25.live","dizipal26.live","dizipal27.live","dizipal28.live","dizipal29.live","dizipal30.live","dizipal31.live","dizipal32.live","dizipal33.live","dizipal34.live","dizipal35.live","dizipal36.live","dizipal37.live","dizipal38.live","dizipal39.live","dizipal40.live","dizipal41.live","dizipal42.live","dizipal43.live","dizipal44.live","dizipal45.live","dizipal46.live","dizipal47.live","dizipal48.live","dizipal49.live","dizipal50.live","eksisozluk.com","ensonhaber.com","esgundem26.com","fanatik.com.tr","filmizlego.com","filmizleplus.*","filmizlesene.*","filmmakinesi.*","fotomac.com.tr","fullfilmizle.*","haberlisin.com","hdfilmizle.org","hdfilmsitesi.*","hdfreeizle.com","hdmixfilim.com","kimkazandi.com","koinfinans.com","mnfilmizle.com","mobeseizle.net","motosiklet.net","onlinedizi.sbs","sahibinden.com","sinefilmgo.org","sonsaat.com.tr","ugurfilm10.com","ugurfilm11.com","ugurfilm12.com","ugurfilm13.com","ugurfilm14.com","ugurfilm15.com","ugurfilm16.com","ugurfilm17.com","ugurfilm18.com","ugurfilm19.com","ugurfilm20.com","ugurfilm21.com","ugurfilm22.com","ugurfilm23.com","ugurfilm24.com","ugurfilm25.com","ugurfilm26.com","ugurfilm27.com","ugurfilm28.com","ugurfilm29.com","ugurfilm30.com","webspor102.xyz","webspor103.xyz","webspor104.xyz","webspor105.xyz","webspor106.xyz","webspor107.xyz","webspor108.xyz","webspor109.xyz","webspor110.xyz","webspor111.xyz","webspor112.xyz","webspor113.xyz","webspor114.xyz","webspor115.xyz","webspor116.xyz","webspor117.xyz","webspor118.xyz","webspor119.xyz","webspor120.xyz","webspor121.xyz","webspor122.xyz","webspor123.xyz","webspor124.xyz","webspor125.xyz","webteizle.info","webteizle1.xyz","webteizle2.xyz","webteizle3.com","webteizle3.xyz","webteizle4.com","webteizle4.xyz","webteizle5.com","webteizle5.xyz","webteizle6.com","webteizle6.xyz","webteizle7.com","webteizle7.xyz","webteizle8.com","webteizle8.xyz","webteizle9.com","webteizle9.xyz","altinpiyasa.com","aydinlik.com.tr","besiktas.com.tr","betivotv156.com","betivotv157.com","betivotv158.com","betivotv159.com","betivotv160.com","betivotv161.com","betivotv162.com","betivotv163.com","betivotv164.com","betivotv165.com","betivotv166.com","cepteteb.com.tr","filmizleplus.cc","filmizleson.com","filmkuzusu1.com","gazetevatan.com","genesispano.com","haberetanik.com","haberkibris.com","hayrirsds24.cfd","hdfilmizleamk.*","koreliscans.com","kriptoarena.com","milanotv25.shop","milanotv26.shop","milanotv27.shop","milanotv28.shop","milanotv29.shop","milanotv30.shop","milanotv31.shop","milanotv32.shop","milanotv33.shop","milanotv34.shop","milanotv35.shop","mnfilmizle1.com","mygaziantep.com","pchocasi.com.tr","shiftdelete.net","siyahfilmizle.*","telesikayet.com","trgoals1471.xyz","trgoals1472.xyz","trgoals1473.xyz","trgoals1474.xyz","trgoals1475.xyz","trgoals1476.xyz","trgoals1477.xyz","trgoals1478.xyz","trgoals1479.xyz","trgoals1480.xyz","trgoals1481.xyz","trgoals1482.xyz","trgoals1483.xyz","trgoals1484.xyz","trgoals1485.xyz","trgoals1486.xyz","trgoals1487.xyz","trgoals1488.xyz","trgoals1489.xyz","trgoals1490.xyz","trgoals1491.xyz","trgoals1492.xyz","trgoals1493.xyz","trgoals1494.xyz","trgoals1495.xyz","trgoals1496.xyz","trgoals1497.xyz","trgoals1498.xyz","trgoals1499.xyz","trgoals1500.xyz","trgoals1501.xyz","trgoals1502.xyz","trgoals1503.xyz","trgoals1504.xyz","trgoals1505.xyz","trgoals1506.xyz","trgoals1507.xyz","trgoals1508.xyz","trgoals1509.xyz","trgoals1510.xyz","trgoals1511.xyz","trgoals1512.xyz","trgoals1513.xyz","trgoals1514.xyz","trgoals1515.xyz","trgoals1516.xyz","trgoals1517.xyz","trgoals1518.xyz","trgoals1519.xyz","trgoals1520.xyz","trgoals1521.xyz","trgoals1522.xyz","trgoals1523.xyz","trgoals1524.xyz","trgoals1525.xyz","trgoals1526.xyz","trgoals1527.xyz","trgoals1528.xyz","trgoals1529.xyz","trgoals1530.xyz","trgoals1531.xyz","trgoals1532.xyz","trgoals1533.xyz","trgoals1534.xyz","trgoals1535.xyz","trgoals1536.xyz","trgoals1537.xyz","trgoals1538.xyz","trgoals1539.xyz","trgoals1540.xyz","trgoals1541.xyz","trgoals1542.xyz","trgoals1543.xyz","veryansintv.com","webteizle.click","webteizle1.info","webteizle10.com","webteizle10.xyz","webteizle2.info","webteizle3.info","webteizle4.info","webteizle5.info","webteizle6.info","webteizle7.info","webteizle8.info","webteizle9.info","yeniakit.com.tr","4kfilmizlesene.*","asyadiziizle.com","atastymorsel.com","betist126tv.live","betist127tv.live","betist128tv.live","betist129tv.live","betist130tv.live","betist131tv.live","betist132tv.live","betist134tv.live","betist135tv.live","betist136tv.live","degisimmedya.com","filmizlersin.com","finansgundem.com","fullhdfilmizle.*","gecefilmizle.com","goodfilmizle.com","haberdairesi.com","hdfilmizlesene.*","hentaizm6.online","hentaizm7.online","hentaizm8.online","hentaizm9.online","kamudanhaber.net","loanpaydayok.com","moonfilmizle.com","mp3indirhane.com","piyasaanketi.com","portobettv55.com","portobettv56.com","portobettv57.com","portobettv58.com","portobettv59.com","portobettv60.com","portobettv61.com","portobettv62.com","portobettv63.com","portobettv64.com","radyofenomen.com","webdramaturkey.*","webteizle1.click","webteizle10.info","webteizle2.click","webteizle3.click","webteizle4.click","webteizle5.click","webteizle6.click","webteizle7.click","webteizle8.click","webteizle9.click","xyzsports173.xyz","xyzsports174.xyz","xyzsports175.xyz","xyzsports176.xyz","xyzsports177.xyz","xyzsports178.xyz","xyzsports179.xyz","xyzsports180.xyz","xyzsports181.xyz","xyzsports182.xyz","xyzsports183.xyz","xyzsports184.xyz","xyzsports185.xyz","xyzsports186.xyz","xyzsports187.xyz","xyzsports188.xyz","xyzsports189.xyz","xyzsports190.xyz","xyzsports191.xyz","xyzsports192.xyz","xyzsports193.xyz","xyzsports194.xyz","xyzsports195.xyz","xyzsports197.xyz","xyzsports198.xyz","xyzsports199.xyz","xyzsports200.xyz","yenifilmizle.org","cadcamsektoru.com","cumhuriyet.com.tr","filmizlemobil.com","filmizlemobil.net","forum.turkmmo.com","fullhdfilmmodu2.*","haberintakasi.com","hayalistic.com.tr","hdfilmcehennemi.*","hentaizm10.online","hentaizm11.online","hentaizm12.online","hentaizm13.online","hentaizm14.online","hentaizm15.online","hentaizm16.online","hentaizm17.online","hentaizm18.online","hentaizm19.online","hentaizm20.online","hentaizm21.online","hentaizm22.online","hentaizm23.online","hentaizm24.online","hentaizm25.online","kizlarsoruyor.com","selcuksportshd.is","sezonlukdizi3.com","sezonlukdizi5.com","sezonlukdizi6.com","sezonlukdizi7.com","sezonlukdizi8.com","sezonlukdizi9.com","tarsusakdeniz.com","technoprogram.com","turkcealtyazi.org","vipfilmsitesi.com","webteizle10.click","erotikfilmtube.com","erotizmcenneti.org","eskisehirhaber.com","filmerotikizle.com","filmizlehdfilm.com","fullhdfilmizle.vip","fullhdfilmizletv.*","hdfilmcanavari.org","hdfilmizlesene.org","lorabettvhd68.shop","lorabettvhd69.shop","lorabettvhd70.shop","lorabettvhd71.shop","lorabettvhd72.shop","lorabettvhd73.shop","lorabettvhd74.shop","lorabettvhd75.shop","lorabettvhd76.shop","lorabettvhd77.shop","lorabettvhd78.shop","lorabettvhd79.shop","lorabettvhd80.shop","lorabettvhd81.shop","lorabettvhd82.shop","lorabettvhd83.shop","lorabettvhd84.shop","lorabettvhd85.shop","lorabettvhd86.shop","lorabettvhd87.shop","milligazete.com.tr","safirfilmizle1.com","sesgazetesi.com.tr","sezonlukdizi10.com","sezonlukdizi11.com","sezonlukdizi12.com","sezonlukdizi13.com","sezonlukdizi14.com","sezonlukdizi15.com","sezonlukdizi16.com","sezonlukdizi17.com","sezonlukdizi18.com","sezonlukdizi19.com","sezonlukdizi20.com","sezonlukdizi21.com","sezonlukdizi22.com","sezonlukdizi23.com","sezonlukdizi24.com","sezonlukdizi25.com","sezonlukdizi26.com","sezonlukdizi27.com","sezonlukdizi28.com","sezonlukdizi29.com","sezonlukdizi30.com","superfilmgeldi.net","trabzonhaber24.com","webdramaturkey.org","ceptenmuzikindir.me","freemagazine.com.tr","hdfilmcehennem.live","iddaaorantahmin.com","sexfilmleriizle.com","tercihrobotu.com.tr","turkifsaclub001.sbs","turkifsaclub002.sbs","turkifsaclub003.sbs","turkifsaclub004.sbs","turkifsaclub005.sbs","turkifsaclub006.sbs","turkifsaclub007.sbs","turkifsaclub008.sbs","turkifsaclub009.sbs","turkifsaclub010.sbs","turkifsaclub011.sbs","turkifsaclub012.sbs","turkifsaclub013.sbs","turkifsaclub014.sbs","turkifsaclub015.sbs","turkifsaclub016.sbs","turkifsaclub017.sbs","turkifsaclub018.sbs","turkifsaclub019.sbs","turkifsaclub020.sbs","turkishairforce.org","bakirkoydenhaber.com","boxofficeturkiye.com","eskisehirekspres.net","fullfilmizlesene.net","fullhdfilmizlesene.*","fulltimehdfilmizle.*","menufiyatlari.com.tr","sehrivangazetesi.com","beintvcanliizle52.com","beintvcanliizle53.com","beintvcanliizle54.com","beintvcanliizle55.com","beintvcanliizle56.com","beintvcanliizle57.com","beintvcanliizle58.com","beintvcanliizle59.com","beintvcanliizle60.com","beintvcanliizle61.com","beintvcanliizle62.com","beintvcanliizle63.com","beintvcanliizle64.com","beintvcanliizle65.com","beintvcanliizle66.com","beintvcanliizle67.com","beintvcanliizle68.com","beintvcanliizle69.com","beintvcanliizle70.com","beintvcanliizle71.com","fullfilmizletr.online","fullhdfilmizleabi.com","sanayigazetesi.com.tr","basarisiralamalari.com","forum.donanimhaber.com","karadenizgazete.com.tr","kriptoparapiyasasi.com","maisonfrancaise.com.tr","ustayemektarifleri.com","fullhddizifilmizle2.net","fullhddizifilmizle3.net","fullhddizifilmizle4.net","fullhddizifilmizle5.net","fullhddizifilmizle6.net","fullhddizifilmizle7.net","fullhddizifilmizle8.net","fullhddizifilmizle9.net","fullhdfilmcehennemi.vip","nefisyemektarifleri.com","selcuksportshdcanli.com","fullhddizifilmizle10.net","fullhddizifilmizle11.net","fullhddizifilmizle12.net","fullhddizifilmizle13.net","fullhddizifilmizle14.net","fullhddizifilmizle15.net","fullhddizifilmizle16.net","fullhddizifilmizle17.net","fullhddizifilmizle18.net","fullhddizifilmizle19.net","fullhddizifilmizle20.net","fullhddizifilmizle21.net","fullhddizifilmizle22.net","fullhddizifilmizle23.net","fullhddizifilmizle24.net","fullhddizifilmizle25.net","fullhddizifilmizle26.net","fullhddizifilmizle27.net","fullhddizifilmizle28.net","fullhdfilmizlesenebox.org","kocaelikuyumculardernegi.com","hdtaraftartv1000.blogspot.com"],"hasEntities":true}