{"selectors":["{\"selector\":\"head > style[id]:empty\",\"action\":[\"style\",\"background-image: none !important;\"],\"cssable\":true}","{\"selector\":\"head > iframe[name]\",\"action\":[\"remove\",\"\"]}","{\"selector\":\"body > iframe\",\"action\":[\"remove\",\"\"]}","{\"selector\":\"body > iframe:not([class]):not([id]):not([src])\",\"action\":[\"remove\",\"\"]}","{\"selector\":\"body iframe[name]:not([class]):not([id]):not([src])\",\"action\":[\"remove\",\"\"]}","{\"selector\":\"head > iframe[name]:not([class]):not([id]):not([src])\",\"action\":[\"remove\",\"\"]}","{\"selector\":\".homepage-promo-wrapper\",\"action\":[\"style\",\"display: none !important;\"],\"cssable\":true}","{\"selector\":\".homepage-howdy-title\",\"action\":[\"style\",\"color: black !important;\"],\"cssable\":true}","{\"selector\":\".homepage-howdy\",\"action\":[\"style\",\"height: auto !important;\"],\"cssable\":true}","{\"selector\":\"#nav\",\"action\":[\"style\",\"padding-top: 0 !important;\"],\"cssable\":true}","{\"selector\":\".topAdvertize__wrapper\",\"action\":[\"style\",\"display: none !important;\"],\"cssable\":true}","{\"selector\":\"body.branded\",\"action\":[\"style\",\"margin-top: 60px !important;\"],\"cssable\":true}","{\"selector\":\"#popmechanic-snippet\",\"action\":[\"style\",\"display: none!important;\"],\"cssable\":true}","{\"selector\":\"body\",\"action\":[\"style\",\"overflow: visible!important;\"],\"cssable\":true}","{\"selector\":\".tabcontent > iframe\",\"action\":[\"style\",\"display: block!important;\"],\"cssable\":true}","{\"selector\":\".td-theme-wrap\",\"action\":[\"style\",\"cursor: auto !important;\"],\"cssable\":true}","{\"selector\":\".header-top > a.header-top-center\",\"action\":[\"style\",\"visibility: hidden !important;\"],\"cssable\":true}","{\"selector\":\"#js-content\",\"action\":[\"style\",\"padding-top: 0 !important;\"],\"cssable\":true}","{\"selector\":\"body > div.out-on\",\"action\":[\"style\",\"padding-top: 0!important;\"],\"cssable\":true}","{\"selector\":\".l-wrapper\",\"action\":[\"style\",\"margin-top: 0 !important;\"],\"cssable\":true}","{\"selector\":\"html > body\",\"action\":[\"style\",\"background-image: none !important;\"],\"cssable\":true}","{\"selector\":\"main.content\",\"action\":[\"style\",\"margin-top: 0 !important;\"],\"cssable\":true}","{\"selector\":\"body\",\"action\":[\"style\",\"cursor: default !important;\"],\"cssable\":true}","{\"selector\":\"#subbody\",\"action\":[\"style\",\"top: 0!important;\"],\"cssable\":true}","{\"selector\":\"body.branding\",\"action\":[\"style\",\"padding-top: 0 !important;\"],\"cssable\":true}","{\"selector\":\".alltop1\",\"action\":[\"style\",\"margin-bottom: 30px!important;\"],\"cssable\":true}","{\"selector\":\".out-on\",\"action\":[\"style\",\"padding-top: 0 !important;\"],\"cssable\":true}","{\"selector\":\"#main_wrapper\",\"action\":[\"style\",\"margin-top: 25px!important;\"],\"cssable\":true}","{\"selector\":\"body\",\"action\":[\"style\",\"background: #000!important;\"],\"cssable\":true}","{\"selector\":\".bg > .all\",\"action\":[\"style\",\"margin-top: 0!important;\"],\"cssable\":true}","{\"selector\":\".adsbygoogle\",\"action\":[\"style\",\"height: 0!important;\"],\"cssable\":true}","{\"selector\":\"body\",\"action\":[\"style\",\"background-image: none!important;\"],\"cssable\":true}","{\"selector\":\"#body_bg\",\"action\":[\"style\",\"background: none!important;\"],\"cssable\":true}","{\"selector\":\"body\",\"action\":[\"style\",\"background: none!important;\"],\"cssable\":true}","{\"selector\":\"body\",\"action\":[\"style\",\"background-color: #ffffff!important; background-image: none!important;\"],\"cssable\":true}","{\"selector\":\"#container\",\"action\":[\"style\",\"margin-top: auto!important;\"],\"cssable\":true}","{\"selector\":\"#lsid-window.registration\",\"action\":[\"style\",\"z-index: 3147483647!important;\"],\"cssable\":true}","{\"selector\":\"body\",\"action\":[\"style\",\"background: #fff!important;\"],\"cssable\":true}","{\"selector\":\"body\",\"action\":[\"style\",\"background-image:none!important;\"],\"cssable\":true}","{\"selector\":\"iframe[bb]\",\"action\":[\"style\",\"visibility: hidden!important; height: 0!important;\"],\"cssable\":true}","{\"selector\":\"body\",\"action\":[\"style\",\"background: #f0ede5!important; padding-top: 40px!important;\"],\"cssable\":true}","{\"selector\":\"body\",\"action\":[\"style\",\"margin-top: 0!important; background: none!important;\"],\"cssable\":true}","{\"selector\":\"body\",\"action\":[\"style\",\"background-color: rgb(236, 234, 225)!important; background-image: none!important; cursor: default!important;\"],\"cssable\":true}","{\"selector\":\"body.branding-margin .top-menu.shadow\",\"action\":[\"style\",\"margin-top: -1px!important;\"],\"cssable\":true}","{\"selector\":\"body.branding\",\"action\":[\"style\",\"background-image: none!important;\"],\"cssable\":true}","{\"selector\":\"body.ie\",\"action\":[\"style\",\"background-image: none!important;\"],\"cssable\":true}","{\"selector\":\"body.branding\",\"action\":[\"style\",\"margin: 0px 0 0 0!important;\"],\"cssable\":true}","{\"selector\":\"#totalbg\",\"action\":[\"style\",\"background-image: none!important;\"],\"cssable\":true}","{\"selector\":\"#contentbg\",\"action\":[\"style\",\"margin-top: 0!important;\"],\"cssable\":true}","{\"selector\":\"body\",\"action\":[\"style\",\"padding-top: 0!important;\"],\"cssable\":true}","{\"selector\":\"body[style]\",\"action\":[\"style\",\"padding-top: 0!important;\"],\"cssable\":true}","{\"selector\":\"body\",\"action\":[\"style\",\"background-color: #e8e8e8!important;\"],\"cssable\":true}","{\"selector\":\"body\",\"action\":[\"style\",\"background-image: none!important; background-color: #FFFFFF!important;\"],\"cssable\":true}","{\"selector\":\".mfz-page-wrap\",\"action\":[\"style\",\"margin: 0px auto 50px!important;\"],\"cssable\":true}","{\"selector\":\".container\",\"action\":[\"style\",\"margin-top: 0!important;\"],\"cssable\":true}","{\"selector\":\"body\",\"action\":[\"style\",\"margin-top: 0!important;\"],\"cssable\":true}","{\"selector\":\"#all > main\",\"action\":[\"style\",\"margin: 0 15px 0 165px !important;\"],\"cssable\":true}","{\"selector\":\".social-shares\",\"action\":[\"style\",\"visibility: hidden!important;\"],\"cssable\":true}","{\"selector\":\"#post-entry > div.blok_header_title\",\"tasks\":[[\"has\",{\"selector\":\"> h3\",\"tasks\":[[\"has-text\",\"СМИ Украины:\"]]}]]}","{\"selector\":\"main > div.container\",\"action\":[\"style\",\"padding-top: 0 !important; margin-top: 0 !important;\"],\"cssable\":true}","{\"selector\":\"article > div.block_post .banner__text\",\"tasks\":[[\"has-text\",\"Реклама\"]]}","{\"selector\":\".publication > div.title-without-border\",\"tasks\":[[\"has-text\",\"Новини партнерів\"]]}","{\"selector\":\".message-date-group > div.Message\",\"action\":[\"remove\",\"\"],\"tasks\":[[\"has\",{\"selector\":\".text-content\",\"tasks\":[[\"has-text\",\"/#реклама/\"]]}]]}","{\"selector\":\"#dle-content > div.short\",\"tasks\":[[\"has\",{\"selector\":\"> div > h2\",\"tasks\":[[\"has-text\",\"распродажа\"]]}]]}","{\"selector\":\".lg-thumb-item:has(> img[src=\\\"/assets/img/adv-thumb.png\\\"])\",\"action\":[\"remove\",\"\"]}","{\"selector\":\"a.fs-9\",\"tasks\":[[\"has-text\",\"/^Реклама$/\"],[\"upward\",1]]}","{\"selector\":\"#content-wrapper > div#content > div[id] + div[id] > div[id]:has(> div > div > div[style] > div.arrow-circle)\",\"action\":[\"style\",\"visibility: hidden !important; min-height: 20px !important; height: 20px !important;\"],\"cssable\":true}","{\"selector\":\"body.has-brand:not(.b-theme__template__night)\",\"action\":[\"style\",\"background: #efefef !important;\"],\"cssable\":true}","{\"selector\":\".b-post__rating_table\",\"action\":[\"style\",\"margin-left: -30px !important;\"],\"cssable\":true}","{\"selector\":\".ui > div.synonym\",\"tasks\":[[\"has\",{\"selector\":\"> div.divider\",\"tasks\":[[\"has-text\",\"Ad\"]]}]]}","{\"selector\":\"header.page-head\",\"action\":[\"style\",\"height: fit-content !important;\"],\"cssable\":true}","{\"selector\":\".l-col > aside.c-section\",\"tasks\":[[\"has\",{\"selector\":\"> h4.c-section__title\",\"tasks\":[[\"has-text\",\"Новости партнеров\"]]}]]}","{\"selector\":\".article-column > div.title-bordered\",\"tasks\":[[\"has-text\",\"Новости партнеров\"]]}","{\"selector\":\"div[data-banner]\",\"tasks\":[[\"upward\",1]]}","{\"selector\":\".publication > div.title-without-border\",\"tasks\":[[\"has-text\",\"Новости партнеров\"]]}","{\"selector\":\".form > div.synonym\",\"tasks\":[[\"has\",{\"selector\":\"> div.divider\",\"tasks\":[[\"has-text\",\"Ad\"]]}]]}","{\"selector\":\".row > div[class^=\\\"col-\\\"] > div.topic-border > div[class^=\\\"topic-box\\\"]\",\"tasks\":[[\"has-text\",\"Обзор СМИ\"],[\"upward\",2]]}","{\"selector\":\".sidebar-box > div.topic-border > div.topic-box-lg\",\"tasks\":[[\"has-text\",\"Реклама\"],[\"upward\",2]]}","{\"selector\":\".l-list > li.l-list__item > div[class*=\\\"-mob\\\"]\",\"tasks\":[[\"upward\",1]]}","{\"selector\":\"main > aside.u-divider--t > h4\",\"tasks\":[[\"has-text\",\"/партнеров|партнерів|Partner news/\"],[\"upward\",1]]}","{\"selector\":\".td-stretch-content > div.vc_row > style[scoped] + div.vc_column:has(> div.wpb_wrapper > div.tdb_single_categories)\",\"action\":[\"style\",\"margin-top: 0 !important;\"],\"cssable\":true}","{\"selector\":\".main-content > div[class] + script\",\"tasks\":[[\"upward\",1]]}","{\"selector\":\"div[class*=\\\"styles_root__\\\"] > div[class^=\\\"styles_container__\\\"]\",\"tasks\":[[\"has\",{\"selector\":\"> h3\",\"tasks\":[[\"has-text\",\"Новости партнеров\"]]}]]}","{\"selector\":\".blok_header_title\",\"tasks\":[[\"has\",{\"selector\":\"> h4\",\"tasks\":[[\"has-text\",\"Интересное в сети\"]]}]]}","{\"selector\":\".main-wrapper > div[style^=\\\"min-height:\\\"] > a[href][target=\\\"_blank\\\"]\",\"tasks\":[[\"upward\",1]]}","{\"selector\":\"div.blok_header_title\",\"tasks\":[[\"has\",{\"selector\":\"> h3\",\"tasks\":[[\"has-text\",\"/^СМИ Украины:$/\"]]}]]}","{\"selector\":\"main > div.inner-page-container\",\"tasks\":[[\"has\",{\"selector\":\"> section.block_section > div.container > header a\",\"tasks\":[[\"has-text\",\"Новости партнеров\"]]}]]}","{\"selector\":\"#sidebar > div.sidebox\",\"tasks\":[[\"has\",{\"selector\":\"> div.sidetitle > span\",\"tasks\":[[\"has-text\",\"/Купуй українське!|Реклама|Інформація/\"]]}]]}","{\"selector\":\".content > div[class] > div[id]\",\"tasks\":[[\"has-text\",\"загрузка...\"]]}","{\"selector\":\".right-col > div.hint-block\",\"tasks\":[[\"has\",{\"selector\":\"> div.hint-block-title\",\"tasks\":[[\"has-text\",\"Партнеры\"]]}]]}","{\"selector\":\".right-column > div.right-column__title\",\"tasks\":[[\"has-text\",\"Новости партнеров\"]]}","{\"selector\":\".content-block > div.headed-block\",\"tasks\":[[\"has\",{\"selector\":\"div[class]\",\"tasks\":[[\"has-text\",\"новости партнеров\"]]}]]}","{\"selector\":\".publications-wrapper > div[class] > div.column:has(> div.news-card > div.news-box-wrapper > div[id^=\\\"div-gpt-ad-\\\"])\",\"action\":[\"remove\",\"\"]}","{\"selector\":\".sidebar a.sb-projects-header-lbl\",\"tasks\":[[\"has-text\",\"Новости партнеров\"]]}","{\"selector\":\".col-right > div[id]\",\"tasks\":[[\"has-text\",\"загрузка\"]]}","{\"selector\":\".container-margin div[id]\",\"tasks\":[[\"has-text\",\"загрузка...\"]]}","{\"selector\":\"main > article.post > div[id]\",\"tasks\":[[\"has-text\",\"загрузка\"]]}","{\"selector\":\".publications-wrapper > div.row > div[class*=\\\"partner-block-\\\"]\",\"action\":[\"remove\",\"\"]}","{\"selector\":\".block-block\",\"tasks\":[[\"has\",{\"selector\":\"> h2\",\"tasks\":[[\"has-text\",\"Реклама\"]]}]]}","{\"selector\":\".rightColumn > div.columnTitle\",\"tasks\":[[\"has-text\",\"/Новости партнеров|Другие новости/\"]]}","{\"selector\":\".content > .site-name-s > h2\",\"tasks\":[[\"has-text\",\"Новини Житомира\"]]}","{\"selector\":\".section__title\",\"tasks\":[[\"has\",{\"selector\":\"> span\",\"tasks\":[[\"has-text\",\"/Новости других СМИ|Новини інших ЗМІ/\"]]}]]}","{\"selector\":\".inner-wrapper > div\",\"tasks\":[[\"has-text\",\"загрузка\"]]}","{\"selector\":\".inner-wrapper > div\",\"tasks\":[[\"has\",{\"selector\":\"> [class]\",\"tasks\":[[\"has-text\",\"Новости партнеров\"]]}]]}","{\"selector\":\"div\",\"tasks\":[[\"has\",{\"selector\":\"> b\",\"tasks\":[[\"has-text\",\"НОВОСТИ ПАРТНЕРОВ\"]]}]]}","{\"selector\":\".block-block\",\"tasks\":[[\"has\",{\"selector\":\"> div > h2\",\"tasks\":[[\"has-text\",\"Новости партнеров\"]]}]]}","{\"selector\":\"div\",\"tasks\":[[\"has\",{\"selector\":\"> h2\",\"tasks\":[[\"has-text\",\"Новости от партнеров\"]]}]]}","{\"selector\":\"li\",\"tasks\":[[\"has\",{\"selector\":\"> h2\",\"tasks\":[[\"has-text\",\"MIXADVERT\"]]}]]}"],"selectorLists":["0","1,4","2","3","3,5","3,4","24,3,84","3,32,33","3,4,52","4","4,5","5","5,93","6,7,8","9","10,11","12,13","14","15","16,81","17","18","19","20","21","22,23,41","25","26","27","28,29","30","31,90","33","34","35","36","37","38","39,64,92,97","40","42,70","43,44,45,46,78","47,48","49","50,51","53","54","55","56","57,72,73,74","58,83,85","59","60","61","62","63","65","66","67,68","69","71,79","75","76,77","80","82","86","87","88","89","91","94","95","96","98","99","100","101","102,103","104","105","106,107"],"selectorListRefs":[8,15,15,9,6,5,3,25,57,57,57,60,38,15,46,50,58,64,3,62,3,3,58,12,3,56,41,31,3,9,7,11,58,58,58,44,53,3,9,58,3,78,3,3,3,76,80,65,51,32,49,9,24,10,3,26,15,4,43,3,69,58,58,58,58,58,58,58,58,37,5,42,58,5,15,10,30,3,55,3,11,9,23,15,9,3,3,9,58,58,5,63,9,3,13,58,58,58,58,58,0,19,2,73,75,9,14,9,3,11,58,58,58,58,11,58,3,20,9,58,66,36,79,9,1,33,58,32,29,71,45,3,70,3,3,21,17,3,16,72,40,3,58,58,58,3,11,9,67,74,35,48,34,11,22,58,3,15,18,30,27,3,3,58,58,54,28,58,58,58,58,58,58,58,58,77,61,59,58,47,58,58,39,52,4,68,16],"hostnames":["i.ua","fd.ru","gd.ru","kp.ua","nv.ua","tv.ua","zn.ua","ain.ua","rp5.by","rp5.kz","rp5.ru","tsn.ua","24tv.ua","26-2.ru","depo.ua","grad.ua","kvk.pub","life.ru","smak.ua","t.ks.ua","ukr.net","viva.ua","3ivi.com","4mama.ua","dengi.ua","devby.io","focus.ua","hochu.ua","ivona.ua","liga.net","meteo.ua","okino.ua","rezka.ag","rezka.fi","rezka.si","sport.ua","unian.ua","zv.zp.ua","beauty.ua","drezka.pl","gazeta.ua","ipress.ua","isport.ua","love.i.ua","obyava.ua","online.ua","pl.com.ua","racurs.ua","repack.me","tv5.zp.ua","unian.net","vsetv.com","xsport.ua","autoua.net","bigmir.net","btu.org.ua","buhsoft.ru","censor.net","eurolab.ua","glavcom.ua","glavnoe.ua","hdrezka.ag","hdrezka.cm","hdrezka.co","hdrezka.in","hdrezka.me","hdrezka.pl","hdrezka.sh","hdrezka.tv","hi-tech.ua","hvylya.net","infocar.ua","kinopub.me","kolobok.ua","kom-dir.ru","orakul.com","premier.ua","radio.i.ua","rsload.net","tochka.net","toneto.net","vgorode.ua","agronews.ua","business.ru","facenews.ua","gismeteo.ua","glianec.com","gorod.dp.ua","hdrezka.kim","hdrezka.vip","i.factor.ua","itech.co.ua","kriminal.tv","kurs.com.ua","ostrovok.ru","rezka-ua.in","rezka-ua.tv","rezka.space","rezkery.com","rezkify.com","sinoptik.ua","times.km.ua","www.ukr.net","zabor.zp.ua","zhzh.com.ua","besplatka.ua","dumskaya.net","enovosty.com","finance.i.ua","gagadget.com","hdrezka.club","hdrezka.name","hdrezka.rest","hdrezka.site","newsyou.info","omnirezka.tv","panno4ka.net","radioclub.ua","real-vin.com","rezka-ua.org","siver.com.ua","versii.if.ua","dpchas.com.ua","football24.ua","forumodua.com","gameinside.ua","hdrezka.today","kino-teatr.ua","kinoafisha.ua","lvnews.org.ua","minfin.com.ua","nbnews.com.ua","niknews.mk.ua","nnovosti.info","pravda.com.ua","prostobank.ua","simpsonsua.tv","u-news.com.ua","unisender.com","variat.com.ua","budport.com.ua","epravda.com.ua","flymaterez.net","hdrezkayou.com","hello-rezka.tv","inforesist.org","internetua.com","lifedon.com.ua","marieclaire.ua","mignews.com.ua","myscore.com.ua","proagro.com.ua","profootball.ua","ringside24.com","champion.com.ua","hdrezka.website","meteofor.com.ua","pro-personal.ru","root-nation.com","semobile.com.ua","bankchart.com.ua","buhgalter.com.ua","buhgalter911.com","hdrezka19139.org","standby-rezka.tv","web.telegram.org","goldenpages.rv.ua","hdrezka1twwpb.org","hdrezka2tepnm.org","hdrezka2vmmty.org","hdrezka720dhh.org","hdrezka8bdhtq.org","hdrezka9bsbhq.org","hdrezka9fmskj.org","hdrezkaonline.com","podrobnosti.mk.ua","m-translate.com.ua","m-translate.org.ua","bestofkinopoisk.com","china-review.com.ua","hdrezka-sex-city.net","punisher-hdrezka.net","sovet.kidstaff.com.ua","tabloid.pravda.com.ua","eurointegration.com.ua","chis-chernomorsk.com.ua","talks.happymonday.com.ua"],"hasEntities":false}