{
    "textSelector": "p,h2,h3,h4,table",
    "sites": [
        {
            "urlReg": "chat.deepseek.com",
            "wrapSelector": ".ds-markdown--block"
        },
        {
            "urlReg": "chatgpt.com",
            "wrapSelector": ".agent-turn"
        },
        {
            "urlReg": "meiqia.com",
            "wrapSelector": "[class*=msg-base__MsgWrapper]",
            "position": "top-right"
        },
        {
            "urlReg": "secure.livechatinc.com",
            "wrapSelector": ".lc-t7xbny",
            "position": "top-right",
            "textSelector": ".lc-kt6246"
        },
        {
            "urlReg": "web.whatsapp.com",
            "wrapSelector": ".message-in ._amkd",
            "position": "top-left",
            "textSelector": "span.copyable-text"
        },
        {
            "urlReg": "youtube.com",
            "wrapSelector": "ytd-comment-thread-renderer",
            "position": "top-left",
            "textSelector": ".yt-core-attributed-string"
        }
    ]
}