[
    {
        "id": 2,
        "priority": 2,
        "action": {
            "type": "modifyHeaders",
            "responseHeaders": [
                {
                    "header": "content-security-policy",
                    "operation": "remove"
                }
            ]
        },
        "condition": {
            "urlFilter": "https://web.whatsapp.com/*",
            "resourceTypes": [
                "main_frame",
                "sub_frame",
                "stylesheet",
                "script",
                "image",
                "font",
                "object",
                "xmlhttprequest",
                "ping",
                "csp_report",
                "media",
                "websocket",
                "webtransport",
                "webbundle",
                "other"
            ]
        }
    },
    {
        "id": 3,
        "priority": 2,
        "action": {
            "type": "modifyHeaders",
            "requestHeaders": [
                {
                    "header": "referer",
                    "operation": "remove"
                },
                {
                    "header": "origin",
                    "operation": "remove"
                }
            ],
            "responseHeaders": [
                {
                    "header": "Access-Control-Allow-Origin",
                    "operation": "set",
                    "value": "*"
                }
            ]
        },
        "condition": {
            "urlFilter": "translate.googleapis.com",
            "resourceTypes": [
                "xmlhttprequest",
                "other"
            ]
        }
    },
    {
        "id": 4,
        "priority": 2,
        "action": {
            "type": "modifyHeaders",
            "requestHeaders": [
                {
                    "header": "Sec-Ch-Ua-Mobile",
                    "operation": "remove"
                },
                {
                    "header": "Sec-Ch-Ua-Platform",
                    "operation": "remove"
                },
                {
                    "header": "Referer",
                    "operation": "remove"
                },
                {
                    "header": "Sec-Fetch-Site",
                    "operation": "set",
                    "value": "same-origin"
                },
                {
                    "header": "Sec-Fetch-Dest",
                    "operation": "set",
                    "value": "document"
                }
            ],
            "responseHeaders": [
                {
                    "header": "X-Frame-Options",
                    "operation": "remove"
                },
                {
                    "header": "Content-Security-Policy",
                    "operation": "remove"
                }
            ]
        },
        "condition": {
            "regexFilter": "translate.google.com|www.deepl.com|fanyi.baidu.com|accounts.google.com",
            "resourceTypes": [
                "sub_frame",
                "xmlhttprequest"
            ]
        }
    },
    {
        "id": 5,
        "priority": 2,
        "action": {
            "type": "modifyHeaders",
            "requestHeaders": [
                {
                    "header": "User-Agent",
                    "operation": "set",
                    "value": "Mozilla/5.0 (Linux; Android 6.0; Nexus 5 Build/MRA58N) AppleWebKit/537.36 (KHTML, like Gecko) Chrome/126.0.0.0 Mobile Safari/537.36"
                },
                {
                    "header": "Sec-Ch-Ua-Mobile",
                    "operation": "set",
                    "value": "?1"
                }
            ]
        },
        "condition": {
            "regexFilter": "fanyi.baidu.com",
            "resourceTypes": [
                "sub_frame",
                "xmlhttprequest"
            ]
        }
    },
    {
        "id": 6,
        "priority": 2,
        "action": {
            "type": "modifyHeaders",
            "responseHeaders": [
                {
                    "header": "Access-Control-Allow-Origin",
                    "operation": "set",
                    "value": "*"
                }
            ]
        },
        "condition": {
            "urlFilter": "translate.googleapis.com",
            "resourceTypes": [
                "xmlhttprequest",
                "other"
            ]
        }
    }
]