{"selectors":["#chatbotToronto","#floating-experience-feature-tour-popover","#view-__module-context__-_amzn_conversational-experience-module__tandalone-0",".chat-button",".chat-container",".chatWindow",".chatbotSection",".chatbotSlider",".chatbotentrybtn",".healthshotsChannels",".rufus-panel-container",".secBannerWidget",".woot-widget-bubble"],"selectorLists":["0","1,2","3,4","11,5,6,7,8,9","10","12"],"selectorListRefs":[0,4,2,3,5,1],"hostnames":["hp.com","amazon.com","casbin.org","healthshots.com","therealdeal.com","docs.aws.amazon.com"],"hasEntities":false}