{"selectors":["a[href*=\"rambler.ru/top100/\"]","a[href*=\"top100.rambler.ru/\"]","a[href=\"http://vtambove.ru/advert/banner_network/\"]","#banner_counters","#bigmirTop","#p-counters","#page_footer > .copyright > center:first-child","#picContainer > img","#side_right > .block_r:has(> div [href*=\"liveinternet.ru/\"])","#unsafe-inline","._3S8wP > div:first-child + div",".ad_title",".ad_title > a",".b-footer__counters",".bbanerr",".bc > .il:last-child > .bp",".bcounts",".c-liveinternet",".contbaner",".copyright ~ .copyright",".counters",".disableAdvButton__container",".footer [id]:has(> b)",".liveinternet",".main > #footer ~ table",".ph-logo_doodle[href^=\"https://universal-link.mail.ru/\"]",".region-sidebar-first > .block:has(> .content > [href*=\"metrika\"])",".revolvermaps",".sibnet-footer__counters","[aria-label=\"raichuLogoLink\"]","[class^=\"Footer_liveinternet\"]","[data-react-rcm-block]","article div:has(> div > [id^=\"rcmw-container-\"])","body[onload] > div[id]:not([class]):not([style]):nth-child(-1n+7):not([id^=\"ajax\"]):not([id^=\"body_\"]):not([id^=\"fancybox-\"])","circle[stroke-dashoffset]","div[id^=\"leaderboard_ad\"] > *","footer > .counter","img[alt=\"liru\"]","img[width=\"1\"][height=\"1\"]",".adbanner","section > nav ~ div div:has(> div > [id^=\"rcmw-container-\"])"],"selectorLists":["-1,-2,10,21,32,34,40","-3","3","23,4","5","33,6","7","8","9","-12,12,35","13","14","15","16","17","18","19","20","22","24","25","26","27,36","28","29","30","31","32,34,40","33","37","38","-40"],"selectorListRefs":[2,16,20,17,25,28,14,4,28,24,19,26,23,17,6,13,21,26,0,30,30,4,29,26,17,3,10,1,5,26,17,31,5,5,5,9,17,26,12,7,17,27,26,5,26,18,8,26,15,11,17,17,22,15],"hostnames":["sfw.so","80-e.ru","mail.ru","ngzt.ru","tass.ru","innal.top","kanobu.ru","lurkmo.re","naylo.top","rutube.ru","samlab.ws","shakko.ru","sibnet.ru","24warez.ru","fastpic.ru","ingrus.net","istmat.org","levik.blog","rambler.ru","lostfilm.tv","lostfilm.tw","lurkmore.to","otzovik.com","periskop.su","prokazan.ru","sinoptik.ua","svpressa.ru","vtambove.ru","game4you.top","lena-miro.ru","ngnovoros.ru","only-paper.*","rustorka.com","rustorka.net","rustorka.top","inoreader.com","progorod59.ru","shiro-kino.ru","www.sibnet.ru","happy-hack.net","progorodnsk.ru","avtorambler.com","livejournal.com","rustorkacom.lib","vadimrazumov.ru","virtualbrest.ru","browserleaks.com","olegmakarenko.ru","yakusubstudio.ru","militaryreview.su","progorodchelny.ru","progorodsamara.ru","radioprofusion.com","yakusubstudio.home-forum.com"],"hasEntities":true}