[
 [
  "ublock-filters",
  {
   "ISOLATED": [
    "*"
   ],
   "MAIN": [
    "*"
   ]
  }
 ],
 [
  "easyprivacy",
  {
   "ISOLATED": [
    "247sports.com",
    "abc17news.com",
    "abema.tv",
    "adoredbyalex.com",
    "agrodigital.com",
    "al.com",
    "aliontherunblog.com",
    "allaboutthetea.com",
    "allmovie.com",
    "allmusic.com",
    "allthingsthrifty.com",
    "amessagewithabottle.com",
    "androidpolice.com",
    "antyradio.pl",
    "artforum.com",
    "artnews.com",
    "awkward.com",
    "awkwardmom.com",
    "baeldung.com",
    "bailiwickexpress.com",
    "barnsleychronicle.com",
    "becomingpeculiar.com",
    "bethcakes.com",
    "blogher.com",
    "bluegraygal.com",
    "briefeguru.de",
    "carmagazine.co.uk",
    "cattime.com",
    "cbr.com",
    "cbsnews.com",
    "cbssports.com",
    "chaptercheats.com",
    "cheatsheet.com",
    "cleveland.com",
    "collider.com",
    "comingsoon.net",
    "commercialobserver.com",
    "competentedigitale.ro",
    "coomer.st",
    "crafty.house",
    "dailyvoice.com",
    "decider.com",
    "didyouknowfacts.com",
    "dogtime.com",
    "dualshockers.com",
    "dustyoldthing.com",
    "faithhub.net",
    "fedex.com",
    "femestella.com",
    "footwearnews.com",
    "freeconvert.com",
    "frogsandsnailsandpuppydogtail.com",
    "fsm-media.com",
    "funtasticlife.com",
    "fwmadebycarli.com",
    "gamerant.com",
    "gfinityesports.com",
    "givemesport.com",
    "gulflive.com",
    "helloflo.com",
    "homeglowdesign.com",
    "honeygirlsworld.com",
    "hotcars.com",
    "howtogeek.com",
    "indiewire.com",
    "insider-gaming.com",
    "insurancejournal.com",
    "jasminemaria.com",
    "kemono.cr",
    "kion546.com",
    "lehighvalleylive.com",
    "lettyskitchen.com",
    "lifeinleggings.com",
    "liveandletsfly.com",
    "lizzieinlace.com",
    "localnews8.com",
    "lonestarlive.com",
    "madeeveryday.com",
    "madewell.com",
    "maidenhead-advertiser.co.uk",
    "makeuseof.com",
    "mardomreport.net",
    "masslive.com",
    "melangery.com",
    "mensjournal.com",
    "milestomemories.com",
    "mlive.com",
    "modernmom.com",
    "momtastic.com",
    "mostlymorgan.com",
    "motherwellmag.com",
    "movieweb.com",
    "muddybootsanddiamonds.com",
    "musicfeeds.com.au",
    "nationalreview.com",
    "nj.com",
    "nordot.app",
    "nothingbutnewcastle.com",
    "nsjonline.com",
    "nypost.com",
    "oakvillenews.org",
    "observer.com",
    "oregonlive.com",
    "pagesix.com",
    "pennlive.com",
    "phileweb.com",
    "pinkonthecheek.com",
    "predic.ro",
    "puckermom.com",
    "pwinsider.com",
    "qtoptens.com",
    "realgm.com",
    "robbreport.com",
    "royalmailchat.co.uk",
    "samchui.com",
    "sandrarose.com",
    "screenrant.com",
    "sheknows.com",
    "sherdog.com",
    "sidereel.com",
    "silive.com",
    "simpleflying.com",
    "sloughexpress.co.uk",
    "spacenews.com",
    "sportsgamblingpodcast.com",
    "spotofteadesigns.com",
    "ssnewstelegram.com",
    "stacysrandomthoughts.com",
    "superherohype.com",
    "syracuse.com",
    "tablelifeblog.com",
    "thebeautysection.com",
    "thecelticblog.com",
    "thecurvyfashionista.com",
    "thefashionspot.com",
    "thegamer.com",
    "thenerdyme.com",
    "thenonconsumeradvocate.com",
    "theprudentgarden.com",
    "thethings.com",
    "timesnews.net",
    "topspeed.com",
    "toyotaklub.org.pl",
    "travelingformiles.com",
    "tutsnode.org",
    "tvline.com",
    "usaa.com",
    "visible.com"
   ],
   "MAIN": [
    "*"
   ]
  }
 ],
 [
  "ublock-badware",
  {
   "MAIN": [
    "adrissa.com.co",
    "americansoda.co.uk",
    "casteloforte.com.br",
    "centerfabril.com.br",
    "crimsonav.com",
    "energiasolare100.it",
    "forqueen.cz",
    "joinusonline.net",
    "jollibee.com.vn",
    "kitapsan.com.tr",
    "lundracing.com",
    "mebelinovdom.com",
    "ngsingleissues.nationalgeographic.com",
    "ojworld.it",
    "qualityrental.com",
    "red17.co.uk",
    "sport.elwatannews.com",
    "szaszmotorshop.hu",
    "tvojstyl.sk",
    "up-shop.org",
    "weightlossdiet.top",
    "workplace-products.co.uk",
    "www.cambe.pr.gov.br",
    "yairalon.com.br",
    "z13.web.core.windows.net"
   ]
  }
 ],
 [
  "adguard-mobile",
  {
   "ISOLATED": [
    "*"
   ],
   "MAIN": [
    "*"
   ]
  }
 ],
 [
  "annoyances-cookies",
  {
   "ISOLATED": [
    "*"
   ],
   "MAIN": [
    "1000-haushaltstipps.de",
    "199-euro-computer.de",
    "24hessen.de",
    "4kfilme.de",
    "aachen50plus.de",
    "abcteile24.de",
    "ac-grimmen.de",
    "accace.com",
    "accace.cz",
    "accace.hu",
    "accace.ro",
    "accace.sk",
    "accademiainformatica.com",
    "actrento.com",
    "adzurro.de",
    "aeotec.com",
    "afi-ipl.org",
    "airportwebcams.net",
    "akademie-management.de",
    "akzent-magazin.com",
    "al.com",
    "allkpop.com",
    "alquilerordenadores.com",
    "angelmagazin.de",
    "animalwebcams.net",
    "anna.fi",
    "annabeauty-stuttgart.de",
    "antik-shop.de",
    "arabesque-essen.de",
    "arsdigita.de",
    "artkon.de",
    "asfour.ch",
    "asga.ch",
    "aspies.de",
    "audiovision.de",
    "ausfraukesfeder.de",
    "autobrinkmann.de",
    "automatiksysteme.com",
    "autoverwertung-berk.de",
    "b757.info",
    "babiceurican.cz",
    "balsamico.shop",
    "barracred.com.br",
    "base-chat.de",
    "basta.berlin",
    "baumarkt-vogl.at",
    "baycix.de",
    "bbfun.de",
    "beeze.de",
    "berberin.net",
    "bestwig.de",
    "betec.de",
    "bewusstes-zentrum.de",
    "bierspot.de",
    "bilderberg-bellevue-dresden.de",
    "bildung-ab-50.de",
    "bitreporter.de",
    "bklm-ahaus.de",
    "blhv.de",
    "blindbild.com",
    "blog.ipc-computer.de",
    "blogyourthing.com",
    "blu-ray-rezensionen.net",
    "blueoceangaming.com",
    "boeser-chinese.de",
    "boheme-schwabing.de",
    "boston.com",
    "brachmannofficial.com",
    "brancaia.com",
    "brauerei-strate.de",
    "bricksforge.io",
    "brill-art.de",
    "britannica.com",
    "brodbeck-dd.de",
    "brunozimmer.de",
    "bs-achern.de",
    "bsk-consulting.de",
    "burzaucebnic.sk",
    "c-parts.de",
    "calendarpedia.co.uk",
    "campingbuddies.de",
    "canvascga.com",
    "carbon.ag",
    "cargoe.at",
    "caucasus-naturefund.org",
    "ccn.com",
    "china-central-consultants.com",
    "cinemablend.com",
    "ciss.de",
    "claritin.ca",
    "classic-emaille.de",
    "cleveland.com",
    "cleverpush.com",
    "cloudiway.com",
    "cocktailsworld.net",
    "comicsands.com",
    "compact-online.de",
    "compagniefruitiere.fr",
    "compari.net",
    "continentale-hannover.de",
    "cornhub.army",
    "coworkingrepublic.com",
    "cranimax.com",
    "crazeuk.com",
    "createchange.me",
    "crossculture-academy.com",
    "dacsa.com",
    "danielederosa.de",
    "dasmagazin.de",
    "dayspamainz.de",
    "denk-doch-mal.de",
    "der-windows-papst.de",
    "derhoerbuchblog.de",
    "derklassiker.de",
    "desser.co.uk",
    "devm.io",
    "devowl.io",
    "dg-pw.de",
    "die-werbeschmiede.de",
    "do.de",
    "dollenberg-isolierung.de",
    "domaintools.com",
    "donostiroller.com",
    "download.mokeedev.com",
    "draisinenbahn.de",
    "drhorvath.de",
    "drive4brands.de",
    "duffelblog.com",
    "duft-werk.de",
    "dw.com",
    "edr-software.com",
    "efg-passau.de",
    "egon-w-kreutzer.de",
    "egro-direktwerbung.de",
    "ejwleo.de",
    "ekiwi-blog.de",
    "ekiwi.de",
    "elconfidencial.com",
    "elektrotechnik-schabus.de",
    "elgiganten.dk",
    "elgiganten.se",
    "elisazunder.de",
    "ellasblog.de",
    "energiemetropole-leipzig.de",
    "engl.it",
    "englishradar.com",
    "epages.com",
    "erbsenprinzessin.com",
    "erfurt-touristinformation.de",
    "erlebnispark-ziegenhagen.de",
    "erp-up.de",
    "esderaiz.com",
    "estudio-nous.com",
    "euranetplus.de",
    "eurogamer.es",
    "eurogamer.net",
    "eurogamer.pl",
    "eurogamer.pt",
    "euromaster.de",
    "europace.de",
    "eventhotels.com",
    "everbloom.eu",
    "evkirche-eilsen.de",
    "exitroom.berlin",
    "express.co.uk",
    "fabian-heinz-webdesign.de",
    "fahrstil.cc",
    "fakturia.de",
    "farbenherz.com",
    "farmer.pl",
    "fasteninfos.de",
    "feucht-obsttechnik.de",
    "feuerhexen.de",
    "feuerwehr-oberau.de",
    "ffzblossin.de",
    "fild.de",
    "fimfiction.net",
    "financeads.com",
    "fitnesscenter-schardt.de",
    "flaviamelissa.com.br",
    "floristasgarcia.es",
    "flow-in-yoga.de",
    "flughafen.tips",
    "flugschule-hochries.de",
    "fobizz.com",
    "forum-koepenick.de",
    "forwardis.com",
    "foto-shooting.ch",
    "foxvalleyfoodie.com",
    "frauzuckerbroetchen.com",
    "freegossip.gr",
    "freep.com",
    "frickeldave.de",
    "frigge-dinstak.de",
    "frixtender.de",
    "frohreich.de",
    "fschemie-goettingen.de",
    "fuckyeah.shop",
    "gadgethacks.com",
    "gamenite.de",
    "gamepro.de",
    "gamepur.com",
    "gamerevolution.com",
    "gaming-grounds.de",
    "gaming-pc.net",
    "gasthaus-schmidmayer.de",
    "gcol.de",
    "gefahrgutjaeger.de",
    "gerdes-reisen.de",
    "gesundheitsladen-online.de",
    "getaawp.com",
    "gigantti.fi",
    "goeltzschtal-reisen.de",
    "goerlach-gmbh.com",
    "goessential.com",
    "goesser.at",
    "goldpreis24.de",
    "gooloo.de",
    "gosch.de",
    "grafische-visualisierung.de",
    "grid.de",
    "grupo-loma.com",
    "guiademayores.com",
    "gutshaus-neuendorf-usedom.de",
    "gymnasium-hochdahl.de",
    "haarausfall-stopp.com",
    "hallesches-fotoatelier.de",
    "hannover-living.de",
    "hans-engelke.de",
    "hardware-helden.de",
    "hauspanorama.de",
    "herrlichergarten.de",
    "historianet.fi",
    "hof-droste.de",
    "holzkisten-fabrik.de",
    "hookahx.de",
    "hopfner.info",
    "horizonte.com",
    "host.pl",
    "hotelkristall.it",
    "hs-soft.com",
    "htvb.org",
    "hundewelpe.de",
    "hundgemacht.net",
    "hypnose.ac",
    "ichbindochnichthierumbeliebtzusein.com",
    "igvm.de",
    "ijr.com",
    "ilgazzettino.it",
    "ilmessaggero.it",
    "ilonpolku.fi",
    "ilsecoloxix.it",
    "ilyabiz.com",
    "immobilien-skiba.de",
    "imprimare3d.com",
    "imprints.de",
    "industriemedien.at",
    "infobroker.de",
    "inicionet.com",
    "inquirer.net",
    "insidetrading.de",
    "interestingengineering",
    "iqskitchen.de",
    "istaf-indoor.de",
    "istdasvegan.eu",
    "it-koehler.com",
    "itv4.de",
    "ivfp.de",
    "iway.ch",
    "jadent.de",
    "janamaenz.photography",
    "jankarres.de",
    "jofogas.hu",
    "josefbergs.com",
    "jpgames.de",
    "juwelier-dringo.de",
    "kaiser-mania.de",
    "karlhoeffkes.de",
    "karver-systems.com",
    "kasteninblau.de",
    "katzenbaumdesign.de",
    "kbmv-matting.de",
    "kd-slovenija.de",
    "keengamer.com",
    "kieruneknorwegia.pl",
    "kiyoua-news.de",
    "kjr-pi.de",
    "klangmassage-moser.de",
    "klicks-kaufen.de",
    "klsys.com",
    "kmsw.de",
    "knauer-galabau.de",
    "knoblauch.de",
    "kohlkg.de",
    "komm-mit.com",
    "krefindo.de",
    "kuechenboerse.de",
    "kunstmuseum-heidenheim.de",
    "kwerfeldein.de",
    "lacasadavantialsole.org",
    "lameerooftop.com",
    "lang-ag.com",
    "lattinepersonalizzate.it",
    "lavanguardia.com",
    "lazyinvestors.de",
    "lb-consultores.com",
    "leben-mit-ohne.de",
    "legacy.com",
    "lemarit.com",
    "lenovocampus.de",
    "lepetitmarchedauvergne.fr",
    "levne-sauny.cz",
    "lichtempfindlich.org",
    "lichttraeumer.de",
    "lightcon.com",
    "linternaute.com",
    "linzerbier.at",
    "listenonrepeat.com",
    "lobetalarbeit.de",
    "locafrique-sf.com",
    "locandazita.com",
    "louisreynier.com",
    "ls-service.at",
    "ltmemory.de",
    "luegeten.ch",
    "m-m-m.de",
    "m38a1.de",
    "mack-design.com",
    "madame-lenormand.de",
    "mallorca-unternehmen.com",
    "mandatory.com",
    "maniac.de",
    "manneskraft-gesteigert.com",
    "mannschaft.com",
    "manyanet.org",
    "mario-kaps.de",
    "marketing-strategen.com",
    "maxkoch.de",
    "media-consulting.ch",
    "medit.com",
    "meinstream.net",
    "melty.fr",
    "merriam-webster.com",
    "mfu-pilotenclub.at",
    "mhmscreenprinting.com",
    "mikanews.de",
    "miriamkreativ.de",
    "missinfogeek.net",
    "mixingmonster.com",
    "mlive.com",
    "mmo-sankar.de",
    "motivationstipp.de",
    "move-ment.at",
    "mummelito.de",
    "music-on-net.de",
    "music-service-geiger.de",
    "musicfeeds.com.au",
    "myclim8.com",
    "nachbelichtet.com",
    "nahrungsmittel-intoleranz.com",
    "naku.at",
    "narrwalla.de",
    "nationalreview.com",
    "naturseifen-moosmed.de",
    "nebenwerte-magazin.com",
    "neumarkt-egna.it",
    "neuneinhalb.org",
    "newatlas.com",
    "nmmn.com",
    "noaf.de",
    "nofilmschool.com",
    "nordlicht-ev.de",
    "notebook-doktor.de",
    "oakbeardcare.com",
    "octopusenergy.de",
    "oculyze.net",
    "odw-journal.de",
    "ojas.de",
    "olmatic.de",
    "online.ch",
    "ontuscia.it",
    "openforests.com",
    "order-order.com",
    "osmc.de",
    "ousuca.com",
    "pandore-gendarmerie.org",
    "patchbox.com",
    "patria.net",
    "pentadoc-radar.com",
    "pferde-hunde-therapie.de",
    "pgatour.com",
    "philips-hue.com",
    "philosophenlexikon.de",
    "philosophia-perennis.com",
    "photofloh.de",
    "phpconference.com",
    "pi3g.com",
    "piazzadeimestieri.it",
    "picockpit.com",
    "pinel-medizin.de",
    "pinel.de",
    "pizzeria-algusto.de",
    "playcentral.de",
    "playstationlifestyle.net",
    "plzenoviny.cz",
    "pndracingteam.net",
    "pocket-pirates-prt.de",
    "podimo.com",
    "popp.eu",
    "presto-personaldienste.de",
    "prodopa.de",
    "prodottidellapiazza.it",
    "profiel.de",
    "proofing.de",
    "pulpe.eu",
    "puntigamer.at",
    "pureselfmade.com",
    "qastack.fr",
    "radiox.co.uk",
    "railwebcams.net",
    "randombrick.de",
    "readlightnovel.org",
    "readyforboarding.pl",
    "rechtsanwalt-nierfeld.de",
    "reinhardstrempel.de",
    "reise-zikaden.de",
    "reisekontakte.at",
    "restaurantsbrighton.co.uk",
    "ridee.bike",
    "rissland-kunststoffe.de",
    "rockpapershotgun.com",
    "roemermann.com",
    "rolandgermany.com",
    "roschmann.de",
    "rosgovas.com",
    "rossoft.co.uk",
    "rotlichtaus.de",
    "running-green.de",
    "salzerkfz.de",
    "salzstreuner.de",
    "samenbank-berlin.de",
    "saos.org.pl",
    "saunahuus.de",
    "savvista.com",
    "savvytime.com",
    "schiffe-und-kreuzfahrten.de",
    "schneelaeuferzunft.de",
    "schnittmuster-datenbank.de",
    "schreiners-it.de",
    "schuetzendepot.de",
    "schulebruetten.ch",
    "schwechater.at",
    "seifriz-preis.de",
    "senckenberg.de",
    "sevenforums.com",
    "signisalc.org",
    "skiweltcup.tv",
    "sl-landschaftsgestaltung.de",
    "smiley.blue",
    "smorfianapoletanaweb.it",
    "softedu.pl",
    "sonderversum.com",
    "sourceforge.net",
    "spherity.com",
    "spieltraum-berlin.de",
    "splendid-internet.de",
    "sportsnaut.com",
    "spytunes.com",
    "sss.fi",
    "stadt-schoeneck.de",
    "stadtreporter.de",
    "stefan-froescher.eu",
    "stefaniegoldmarie.com",
    "stefke-heilbronn.de",
    "steinway-park-seesen.de",
    "stewes.de",
    "stilweb.it",
    "stonk-market.com",
    "strefabiznesu.pl",
    "stricken-online.com",
    "stw-langenfeld.de",
    "subitec.com",
    "suedafrika-wein.de",
    "suitapp.de",
    "supereight.net",
    "superherohype.com",
    "supertipp-online.de",
    "sv-langenfeld.de",
    "swg-chemnitz.de",
    "symposium.org",
    "t-challenge.com",
    "tango-flores.de",
    "tanzschulebogner.de",
    "tc-equipment.de",
    "tecalliance.net",
    "techlicious.com",
    "technicpack.net",
    "technik-hauptstadt.de",
    "techniknews.net",
    "tecsafe.de",
    "teilzeitreisender.de",
    "terra-natur.com",
    "testefiorite.it",
    "thedraftnetwork.com",
    "thefashionspot.com",
    "thegeekfreaks.de",
    "theoblog.de",
    "theodysseyonline.com",
    "therapiewerk-io.de",
    "thingybob.de",
    "thinkingwithyou.com",
    "thomasschlechter.de",
    "tieku.fi",
    "tiermasseur-mannsberger.at",
    "tiesse.com",
    "timo-bernhard.de",
    "titantv.com",
    "tkm-systemtechnik.de",
    "toledoblade.com",
    "tonispizza-rastatt.de",
    "topblogs.de",
    "toplink.de",
    "torinostoria.com",
    "totalbeauty.com",
    "tourismus-uckermark.de",
    "transport-versicherungen.info",
    "trettin-apotheken.de",
    "trirhena-consulting.de",
    "tsg6209weinheim.de",
    "tuhlteim-pedia.de",
    "tuhlteim.de",
    "tulipize.com",
    "tutonaut.de",
    "tv-sport.de",
    "tvn24.pl",
    "tweakers.net",
    "ubisys.de",
    "udo-lermann.de",
    "upreply.de",
    "vadhander.hogakusten.com",
    "vadhander.kramfors.se",
    "vapecoco.com",
    "vcfrankfurt.de",
    "vectorsoft.de",
    "versicherungsmakler-leistenschneider.de",
    "verstehepferde.de",
    "vg247.com",
    "viel-unterwegs.de",
    "vienna-interiors.at",
    "visconti.partners",
    "visitmedia.de",
    "vitalplus.com",
    "vivoil.com",
    "volksfest-nuernberg.de",
    "von-neindorff-stiftung.de",
    "von-zinsen-leben.de",
    "vzm.de",
    "wallygusto.de",
    "weber-senf.at",
    "webfactory-i4.de",
    "webtapete.de",
    "webtimiser.de",
    "weimar-touristinformation.de",
    "weingut-knipser.de",
    "weiterbildungsfinder.de",
    "welte-glasuren.com",
    "westernjournal.com",
    "wichmann.biz",
    "wildbits.de",
    "wildpark-ortenburg.de",
    "wind-craft.eu",
    "windows101tricks.com",
    "windowspower.de",
    "winfuture.de",
    "winlocal.de",
    "wohnmobilcenter-drechsler.de",
    "wolfgangallgaeuer.com",
    "worldpopulationreview.com",
    "wp-loft.de",
    "wp-ninjas.de",
    "wrestlezone.com",
    "wrestling-point.de",
    "wt-onlineakademie.de",
    "wunderpen.com",
    "wzl-zwickau.de",
    "xv-ru.com",
    "xvideos.com",
    "yenivatan.at",
    "yle.fi",
    "yogainspires.co.uk",
    "youngimages.de",
    "yplay.de",
    "yurishop.it",
    "zabel-group.de",
    "zahnarzt-dr-henkel.de",
    "zahnarzt-kuboth.de",
    "zaunbau-koch.de",
    "zertificon.com",
    "zimmerwetter.de",
    "zipfer.at",
    "zouboulis.com",
    "zumkutscher.de",
    "zur-glocke.com"
   ]
  }
 ],
 [
  "annoyances-overlays",
  {
   "ISOLATED": [
    "*"
   ],
   "MAIN": [
    "*"
   ]
  }
 ],
 [
  "annoyances-social",
  {
   "ISOLATED": [
    "*"
   ]
  }
 ],
 [
  "annoyances-others",
  {
   "ISOLATED": [
    "allrecipes.com",
    "americanaffairsjournal.org",
    "androidpolice.com",
    "bbc.com",
    "bestrecipes.com.au",
    "bloomberg.com",
    "branc.jp",
    "cbr.com",
    "cbsnews.com",
    "chatgpt.com",
    "climbing.com",
    "cnn.com",
    "collider.com",
    "commonwealmagazine.org",
    "csmonitor.com",
    "dailynewshungary.com",
    "deepl.com",
    "democracynow.org",
    "dualshockers.com",
    "dutchnews.nl",
    "fantasyfootballhub.co.uk",
    "firstthings.com",
    "gamerant.com",
    "gmap-pedometer.com",
    "hartfordbusiness.com",
    "howtogeek.com",
    "independent.co.uk",
    "infowars.com",
    "inquinte.ca",
    "inscribed.app",
    "investing.com",
    "irishnews.com",
    "kbtx.com",
    "kptv.com",
    "lawinsider.com",
    "makeuseof.com",
    "movieweb.com",
    "nautil.us",
    "nbcnews.com",
    "neilpatel.com",
    "niagarafallsreview.ca",
    "nisanyansozluk.com",
    "nypost.com",
    "nzherald.co.nz",
    "oceana.org",
    "on.orf.at",
    "opensecrets.org",
    "pawread.com",
    "perplexity.ai",
    "plough.com",
    "pocketnow.com",
    "politico.com",
    "politico.eu",
    "quillbot.com",
    "r34.app",
    "redfin.com",
    "reuters.com",
    "rtings.com",
    "rumble.com",
    "science.org",
    "screenrant.com",
    "seekingalpha.com",
    "semrush.com",
    "sportsbusinessjournal.com",
    "startribune.com",
    "stcatharinesstandard.ca",
    "talkingpointsmemo.com",
    "techinasia.com",
    "thebump.com",
    "thegamer.com",
    "theguardian.com",
    "thejournal.ie",
    "themonthly.com.au",
    "theolivepress.es",
    "therecord.com",
    "thesaturdaypaper.com.au",
    "thespec.com",
    "thestar.com",
    "thetravel.com",
    "theweek.com",
    "today.com",
    "triathlete.com",
    "uploadvr.com",
    "vox.com",
    "wellandtribune.ca",
    "wfaa.com",
    "wkyc.com",
    "xda-developers.com",
    "zippia.com"
   ],
   "MAIN": [
    "10tv.com",
    "11alive.com",
    "12news.com",
    "13newsnow.com",
    "4399.com",
    "5newsonline.com",
    "9news.com",
    "abc.com",
    "abc10.com",
    "abc11.com",
    "abc13.com",
    "abc15.com",
    "abc30.com",
    "abc7.com",
    "abc7chicago.com",
    "abc7news.com",
    "abc7ny.com",
    "ajc.com",
    "alibaba.com",
    "aliexpress.com",
    "aliexpress.us",
    "analyticsvidhya.com",
    "banistmo.com",
    "buttersc.one",
    "cbs8.com",
    "clarin.com",
    "dhgate.com",
    "finance.yahoo.com",
    "firstcoastnews.com",
    "fox2now.com",
    "fox61.com",
    "gadgetizedpanda.com",
    "gmarket.co.kr",
    "gp.tsukimi.club",
    "instagram.com",
    "invillage-outvillage.com",
    "kare11.com",
    "kark.com",
    "kens5.com",
    "khou.com",
    "king5.com",
    "ksdk.com",
    "ktla.com",
    "ktsm.com",
    "m.youtube.com",
    "misskey.gamelore.fun",
    "misskey.systems",
    "mivatter.com",
    "mk.yopo.work",
    "msk.kitazawa.me",
    "myarklamiss.com",
    "mytwintiers.com",
    "nbc4i.com",
    "nbcbayarea.com",
    "nbcboston.com",
    "nbcchicago.com",
    "nbcconnecticut.com",
    "nbcdfw.com",
    "nbclosangeles.com",
    "nbcnewyork.com",
    "nbcphiladelphia.com",
    "nbcsandiego.com",
    "news10.com",
    "newscentermaine.com",
    "nijimiss.moe",
    "novelskey.tarbin.net",
    "nwahomepage.com",
    "oekakiskey.com",
    "side.misskey.productions",
    "sushi.ski",
    "tekinvestor.no",
    "telemundopr.com",
    "temu.com",
    "thehill.com",
    "theverge.com",
    "tradingview.com",
    "voskey.icalo.net",
    "wavy.com",
    "wbir.com",
    "wcnc.com",
    "wfaa.com",
    "wfmynews2.com",
    "wgrz.com",
    "whas11.com",
    "winnipegfreepress.com",
    "wiz.io",
    "wkyc.com",
    "wltx.com",
    "wnep.com",
    "wqad.com",
    "wsvn.com",
    "wthr.com",
    "wtol.com",
    "wtsp.com",
    "wusa9.com",
    "wwltv.com",
    "wzzm13.com",
    "x.com",
    "zippia.com"
   ]
  }
 ],
 [
  "annoyances-notifications",
  {
   "ISOLATED": [
    "audius.co",
    "belstad.com",
    "bestbuy.com",
    "crealitycloud.com",
    "crunchbase.com",
    "deepl.com",
    "deribit.com",
    "flightradar24.com",
    "fogaonet.com",
    "food.ndtv.com",
    "foundit.com.ph",
    "google.com",
    "gq.co.za",
    "inews.hket.com",
    "instagram.com",
    "jp-m.banggood.com",
    "ktoo.org",
    "m.economictimes.com",
    "m.kaskus.co.id",
    "m.twitch.tv",
    "mydramalist.com",
    "mypenndentist.org",
    "noovo.info",
    "onedio.com",
    "perplexity.ai",
    "reddit.com",
    "s.tabelog.com",
    "sammobile.com",
    "shop-apotheke.com",
    "sigmalive.com",
    "similarweb.com",
    "themonthly.com.au",
    "thestar.com",
    "threads.com",
    "threads.net",
    "tiktok.com",
    "tubitv.com",
    "tunein.com",
    "tvtropes.org",
    "vrbo.com",
    "wunderground.com"
   ],
   "MAIN": [
    "cosmos.so",
    "daadscholarship.com",
    "downace.com",
    "news18.com",
    "patreon.com",
    "reddit.com",
    "smocca.jp",
    "zillow.com"
   ]
  }
 ],
 [
  "ublock-experimental",
  {
   "ISOLATED": [
    "www.youtube.com"
   ],
   "MAIN": [
    "www.youtube.com"
   ]
  }
 ],
 [
  "ubol-tests",
  {
   "MAIN": [
    "*"
   ]
  }
 ],
 [
  "chn-0",
  {
   "ISOLATED": [
    "9xav.cc",
    "aiyifan.tv",
    "iyf.tv",
    "jmcomic1.me",
    "nb.zol.com.cn",
    "phone-book.tw",
    "subhd.com",
    "yfsp.tv"
   ],
   "MAIN": [
    "*"
   ]
  }
 ],
 [
  "cze-0",
  {
   "ISOLATED": [
    "abicko.cz",
    "ahaonline.cz",
    "aktualne.cz",
    "arome.cz",
    "auto.cz",
    "autorevue.cz",
    "blesk.cz",
    "cnews.cz",
    "dama.cz",
    "e15.cz",
    "emimino.cz",
    "expres.cz",
    "extra.cz",
    "fights.cz",
    "g.cz",
    "idnes.cz",
    "iprima.cz",
    "karaoketexty.cz",
    "kinobox.cz",
    "kupi.cz",
    "labuznik.cz",
    "lidovky.cz",
    "maminka.cz",
    "modnipeklo.cz",
    "mojecelebrity.cz",
    "mojezdravi.cz",
    "nasepenize.cz",
    "novinky.cz",
    "onetv.cz",
    "osobnosti.cz",
    "reflex.cz",
    "spisovatele.cz",
    "super.cz",
    "tiscali.cz",
    "vitalion.cz",
    "zeny.cz",
    "zive.cz"
   ],
   "MAIN": [
    "abicko.cz",
    "ahaonline.cz",
    "aktualne.cz",
    "arome.cz",
    "auto.cz",
    "autorevue.cz",
    "blesk.cz",
    "cc.cz",
    "chip.4net.tv",
    "cnews.cz",
    "csfd.cz",
    "csfd.sk",
    "ctrlv.link",
    "dama.cz",
    "doubrava.4net.tv",
    "drbna.cz",
    "e15.cz",
    "emimino.cz",
    "ewrc.cz",
    "expres.cz",
    "extra.cz",
    "fdrive.cz",
    "fights.cz",
    "fzone.cz",
    "g.cz",
    "games.tiscali.cz",
    "gemnet.4net.tvhtn.4net.tv",
    "hokej.cz",
    "idnes.cz",
    "impuls.cz",
    "indian-tv.cz",
    "iprima.cz",
    "itv.satt.cz",
    "jon.4net.tv",
    "karaoketexty.cz",
    "kinobox.cz",
    "kupi.cz",
    "kurzy.cz",
    "labuznik.cz",
    "libli.tv",
    "lidovky.cz",
    "live-new.4net.tv",
    "live-rete.4net.tv",
    "live.4net.tv",
    "live.artos.4net.tv",
    "live.chiptv.cz",
    "live.kabelko.sk",
    "live.martico.sk",
    "live.metrotv.sk",
    "live.rapidnet.tv",
    "live.rete.cz",
    "live.swan.4net.tv",
    "magio.tv",
    "maminka.cz",
    "markiza.sk",
    "martico.4net.tv",
    "media.cms.markiza.sk",
    "media.joj.sk",
    "mobilenet.cz",
    "modnipeklo.cz",
    "mojecelebrity.cz",
    "mojezdravi.cz",
    "muj.internethned.cz",
    "nasepenize.cz",
    "navratdoreality.cz",
    "nerdfix.cz",
    "novinky.cz",
    "onetv.cz",
    "onlajny.com",
    "online.pecka.tv",
    "osobnosti.cz",
    "pamico.4net.tv",
    "parlamentnilisty.cz",
    "pegas.4net.tv",
    "podcasty.seznam.cz",
    "prestonet.4net.tv",
    "prime.4net.tv",
    "profinet.4net.tv",
    "rapidnet.4net.tv",
    "reflex.cz",
    "root.cz",
    "rychlost.cz",
    "rychlost.sk",
    "sauto.cz",
    "seznam.cz",
    "seznamzpravy.cz",
    "sleduj.interaktivni.tv",
    "spisovatele.cz",
    "sprintel.tv",
    "sreality.cz",
    "stream.cz",
    "super.cz",
    "svetandroida.cz",
    "tiscali.cz",
    "titulky.com",
    "tn.nova.cz",
    "tv.e-max.sk",
    "tv.giganet.sk",
    "tv.htn.cz",
    "tv.itcity.sk",
    "tv.maxicom.cz",
    "tv.nejpripojeni.cz",
    "tv.nuo.sk",
    "tv.rainside.sk",
    "tv.sauron.cz",
    "tv.selfnet.cz",
    "tv.tes-media.sk",
    "tv.tv2go.eu",
    "tvadmin.pamico-czech.cz",
    "tvnoviny.sk",
    "vitalion.cz",
    "warforum.xyz",
    "winet.4net.tv",
    "zdopravy.cz",
    "zeny.cz",
    "zive.cz",
    "zona.telly.cz"
   ]
  }
 ],
 [
  "est-0",
  {
   "MAIN": [
    "aripaev.ee",
    "delfi.ee",
    "postimees.ee"
   ]
  }
 ],
 [
  "fin-0",
  {
   "ISOLATED": [
    "aalto.fi",
    "ap-cdn.sanomagames.com",
    "finder.fi",
    "srk.fi",
    "vauva.fi",
    "www.tek.fi"
   ],
   "MAIN": [
    "afterdawn.com",
    "dawn.fi",
    "download.fi",
    "findit.fi",
    "happypancake.fi",
    "high.fi",
    "mtv.fi",
    "mtvuutiset.fi",
    "muropaketti.com",
    "s-kaupat.fi",
    "telsu.fi"
   ]
  }
 ],
 [
  "fra-0",
  {
   "ISOLATED": [
    "hentaivost.fr",
    "jeune-gay.fr",
    "lexpress.fr",
    "mapcustomizer.com",
    "monpetitforfait.com",
    "pianoweb.fr"
   ],
   "MAIN": [
    "*"
   ]
  }
 ],
 [
  "grc-0",
  {
   "MAIN": [
    "arcadiaportal.gr",
    "kavalanews.gr",
    "kolydas.gr"
   ]
  }
 ],
 [
  "hrv-0",
  {
   "MAIN": [
    "olx.ba"
   ]
  }
 ],
 [
  "hun-0",
  {
   "ISOLATED": [
    "erzsebetvaros.hu",
    "fizz.hu",
    "hetek.hu",
    "magyarorszag.hu",
    "mandiner.hu",
    "myonlineradio.hu",
    "onlinepenztarca.hu",
    "otpportalok.hu",
    "pcworld.hu",
    "rubyvidhub.com",
    "skanzen.hu",
    "traffihunter.hu",
    "vezess.hu"
   ],
   "MAIN": [
    "24.hu",
    "angol-magyar-szotar.hu",
    "arcanum.com",
    "blikk.hu",
    "calculat.org",
    "divany.hu",
    "embed.indavideo.hu",
    "femina.hu",
    "foodker.hu",
    "hang.hu",
    "hazipatika.com",
    "hosszupuskasub.com",
    "huaweiblog.hu",
    "jofogas.hu",
    "karpathir.com",
    "laptophardware.hu",
    "life.hu",
    "lifestory.hu",
    "magyarhang.org",
    "milestone66.hu",
    "mindmegette.hu",
    "myonlineradio.hu",
    "napiszar.com",
    "online-filmek.ac",
    "online-filmek.me",
    "paplanvilag.hu",
    "player.rtl.hu",
    "port.hu",
    "reformsziget.hu",
    "rimkereso.hu",
    "sorozatwiki.hu",
    "totalbike.hu",
    "totalcar.hu",
    "vezess.hu"
   ]
  }
 ],
 [
  "idn-0",
  {
   "ISOLATED": [
    "3gpterbaru.com",
    "almaftuchin.com",
    "carisinyal.com",
    "duniaseksi.com",
    "gramedia.com",
    "inews.id",
    "katadata.co.id",
    "kisahterlarang.site",
    "layarwibu.com",
    "okezone.com",
    "sindonews.com",
    "sukasex.net",
    "sukasex.tv",
    "tipskerja.com",
    "wisatalova.com"
   ],
   "MAIN": [
    "*"
   ]
  }
 ],
 [
  "irn-0",
  {
   "ISOLATED": [
    "aparat.com",
    "delta3da.cam",
    "fontchi.com",
    "hamtamovie.nl",
    "iran-music.com",
    "kihanb.ir",
    "musiceman.net",
    "najiremix.ir",
    "offerdaily.ir",
    "persian-fa.ir",
    "public-psychology.ir",
    "rasm.io",
    "sclinic.ir",
    "shahanmusic.ir",
    "tamasha.com",
    "tarafdari.com",
    "tgju.org",
    "uploadboy.com",
    "vaamfaa.ir",
    "virgool.io",
    "zarebin.ir",
    "zoomit.ir"
   ],
   "MAIN": [
    "1da.ir",
    "1ea.ir",
    "2ad.ir",
    "ac.ir",
    "alaatv.com",
    "anaj.ir",
    "androidgozar.com",
    "androidparsi.ir",
    "androidtime.com",
    "anesthesianotes.ir",
    "animelist.tv",
    "app.blubank.com",
    "app.snapp.taxi",
    "appiroid.ir",
    "artmusics.top",
    "autosafkar.com",
    "bandmoviez.one",
    "barcanews.org",
    "behtaraneh.ir",
    "binanews.ir",
    "bizma.ir",
    "blog.ir",
    "coffeeapps.ir",
    "dailymobile.ir",
    "downloadha.com",
    "elmefarda.com",
    "fam.ir",
    "farnet.io",
    "fidibo.com",
    "fileboro.com",
    "filmnet.ir",
    "fontyab.com",
    "ganjipakhsh.com",
    "getandroid.ir",
    "gold-team.org",
    "hamisheonline.com",
    "iran-music.com",
    "iranstar.com",
    "itarfand.com",
    "iwo.ir",
    "jafekri.com",
    "javan-musics.com",
    "jeyran.net",
    "jobvision.ir",
    "karbord.io",
    "ketabesabz.com",
    "khabarpu.com",
    "lahzeakhar.com",
    "lenz.ir",
    "likeemusic.ir",
    "mopon.ir",
    "msbmusic.ir",
    "musicdel.ir",
    "musiceman.net",
    "musicguitars.ir",
    "musichi.ir",
    "musickhone.com",
    "musicpars3.ir",
    "musictag.ir",
    "my.mci.ir",
    "mybia4music.com",
    "myhastidl.cam",
    "nab-music.com",
    "najiremix.ir",
    "naslmusic.ir",
    "netgasht.com",
    "noorlib.ir",
    "oila.tj",
    "opizo.me",
    "p30konkor.com",
    "play.namava.ir",
    "play.radiojavan.com",
    "player.telewebion.com",
    "power-music.ir",
    "pwa.mci.ir",
    "rebec.ir",
    "s-moshaver.com",
    "saednews.com",
    "salamatnews.com",
    "sclinic.ir",
    "searchline.ir",
    "shahanmusic.ir",
    "skyroom.online",
    "subf2m.ir",
    "subkade.ir",
    "tabanmusic.com",
    "tabnak.ir",
    "tak3da.com",
    "takhfifan.com",
    "takmili.com",
    "tamasha.com",
    "tarfandha.org",
    "targoman.ir",
    "texahang.org",
    "themez.top",
    "tigatravel.com",
    "tinroid.ir",
    "tmk.ir",
    "up44.ir",
    "uploadgoogle.ir",
    "uptrack.ir",
    "uupload.ir",
    "vakil.net",
    "xip.li",
    "yeknet.ir",
    "zeemusic.ir"
   ]
  }
 ],
 [
  "isr-0",
  {
   "MAIN": [
    "13news.co.il",
    "13tv.co.il",
    "6days.walla.co.il",
    "animals.walla.co.il",
    "astrology.walla.co.il",
    "b.walla.co.il",
    "buzzit.walla.co.il",
    "calcalist.co.il",
    "cars.walla.co.il",
    "celebs.walla.co.il",
    "e.walla.co.il",
    "elections.walla.co.il",
    "euro.walla.co.il",
    "fashion.walla.co.il",
    "finance.walla.co.il",
    "food.walla.co.il",
    "foodsdictionary.co.il",
    "globes.co.il",
    "haaretz.co.il",
    "healthy.walla.co.il",
    "home.walla.co.il",
    "hwzone.co.il",
    "inn.co.il",
    "isramedia.net",
    "jmusic.me",
    "judaism.walla.co.il",
    "kids.walla.co.il",
    "mag.walla.co.il",
    "mako.co.il",
    "morfix.co.il",
    "movies.walla.co.il",
    "mundial.walla.co.il",
    "n12.co.il",
    "nadlan.walla.co.il",
    "news.walla.co.il",
    "nick.walla.co.il",
    "olympics.walla.co.il",
    "one.co.il",
    "sheee.co.il",
    "sport5.co.il",
    "sports.walla.co.il",
    "tags.walla.co.il",
    "tech.walla.co.il",
    "tech12.co.il",
    "themarker.com",
    "travel.walla.co.il",
    "tv-guide.walla.co.il",
    "tvbee.co.il",
    "usaelections.walla.co.il",
    "viva.walla.co.il",
    "vod.walla.co.il",
    "walla.co.il",
    "weather.walla.co.il",
    "www-globes-co-il.eu1.proxy.openathens.net",
    "www-haaretz-co-il.eu1.proxy.openathens.net",
    "www-themarker-com.eu1.proxy.openathens.net",
    "www.walla.co.il",
    "yad2.co.il",
    "ynet.co.il"
   ]
  }
 ],
 [
  "jpn-1",
  {
   "ISOLATED": [
    "aidoly.net",
    "aikru.com",
    "arty-matome.com",
    "betweenjpandkr.blog",
    "blog.livedoor.jp",
    "bridalgown.work",
    "ch-review.net",
    "contents-group.work",
    "dvdrev.com",
    "ebbs.jp",
    "figsoku.net",
    "figure-times.com",
    "fm.sekkaku.net",
    "gametohkenranbu.sakuraweb.com",
    "gamewith.jp",
    "heisei-housewarming.work",
    "hobbylabon.com",
    "ideal2ch.livedoor.biz",
    "inkbrushpainting.work",
    "kabegami.jpn.org",
    "kasegeru.blog.jp",
    "lifematome.blog",
    "liquidfoundation.work",
    "livefans.jp",
    "moez-m.com",
    "my-best.com",
    "nailcolor.work",
    "negisoku.com",
    "nihon-bijo-zukan.com",
    "o-dan.net",
    "okazurand.net",
    "okwave.jp",
    "phileweb.com",
    "pretravel.kawasaki-create.com",
    "rank1-media.com",
    "ranky-ranking.net",
    "resizer.myct.jp",
    "rxlife.net",
    "safeframe.googlesyndication.com",
    "seikeidouga.blog.jp",
    "sinsimmd.com",
    "studioglass.work",
    "tapestry.work",
    "tcg-bloglife.com",
    "teaceremony.work",
    "tyoieronews.blog.jp",
    "ura-akiba.jp",
    "video.laxd.com",
    "weddinghall.work",
    "www.yahoo.co.jp"
   ],
   "MAIN": [
    "*"
   ]
  }
 ],
 [
  "kor-1",
  {
   "ISOLATED": [
    "dcinside.com",
    "gall.dcinside.com",
    "m.dcinside.com",
    "m.humoruniv.com",
    "maple.gg",
    "mlbpark.donga.com",
    "oh-yes.co.kr",
    "ssodam.com",
    "www.naver.com"
   ],
   "MAIN": [
    "10000recipe.com",
    "1004lucifer.blogspot.com",
    "333aaa.site",
    "3dpchip.com",
    "aannm.cafe24.com",
    "actingbaum.co.kr",
    "asdn.kr",
    "auto.danawa.com",
    "beomil09121.cafe24.com",
    "bikesell.co.kr",
    "blackkiwi.net",
    "cfnews.kr",
    "checkwhoiam.tistory.com",
    "chzzk.naver.com",
    "chzzkban.xyz",
    "deokhu.com",
    "detegice.github.io",
    "dfast.kr",
    "digitstar77.com",
    "dinfo.3dpchip.com",
    "doctornow.co.kr",
    "domin.co.kr",
    "dpg.danawa.com",
    "eftlibrary.com",
    "ehpub.co.kr",
    "enjoyplan.tistory.com",
    "enjoytaiwan.co.kr",
    "enuri.com",
    "errornight.com",
    "filetender.com",
    "focuskr.tistory.com",
    "fun-iyagi.co.kr",
    "gall.dcinside.com",
    "genshin.gamedot.org",
    "hasha.in",
    "hashnews.cafe24.com",
    "healthfeed.co.kr",
    "heye.kr",
    "hub.weirdhost.xyz",
    "hub.zum.com",
    "humors.zigcou.com",
    "ilsangt.tistory.com",
    "imbc.com",
    "inven.co.kr",
    "iphonedev.co.kr",
    "itinformation.kr",
    "jiwootube.com",
    "jootc.com",
    "kakaotv.daum.net",
    "keela.co.kr",
    "kilho.net",
    "klauncher.kr",
    "koreapas.com",
    "kyobobook.co.kr",
    "laftel.net",
    "love.asdn.kr",
    "lover932.net",
    "lover933.net",
    "lover934.net",
    "lover935.net",
    "lover936.net",
    "lover937.net",
    "lover938.net",
    "lover939.net",
    "lover940.net",
    "lover941.net",
    "luckyquiz3.blogspot.com",
    "m.dcinside.com",
    "m.fmkorea.com",
    "m.humoruniv.com",
    "m.place.naver.com",
    "map.naver.com",
    "meeco.kr",
    "mememedia.co.kr",
    "minipol.tistory.com",
    "mjmedi.com",
    "momkim.co.kr",
    "moneyissues.co.kr",
    "moneytoring.co.kr",
    "mplay.mk.co.kr",
    "msearch.shopping.naver.com",
    "mvod.jtbc.co.kr",
    "mylocation.co.kr",
    "namechart.kr",
    "naver.com",
    "nesin.com",
    "newneek.co",
    "news.jtbc.co.kr",
    "news.ssongyi.co.kr",
    "newsn24.com",
    "noonnu.cc",
    "onair.jtbc.co.kr",
    "pcmap.place.naver.com",
    "picknpicker.com",
    "plankim.com",
    "platformgreat.kr",
    "play-tv.kakao.com",
    "poketory.com",
    "postincome.co.kr",
    "pping.kr",
    "remiz.co.kr",
    "sajuplus.net",
    "sbs.co.kr",
    "search.11st.co.kr",
    "search.shopping.naver.com",
    "seo-marketing.co.kr",
    "shopping.interpark.com",
    "shoppinghow.kakao.com",
    "singingdalong.blogspot.com",
    "sjtoday.kr",
    "skysky138.com",
    "smartinpress.com",
    "sogirl.so",
    "sotrychatter.com",
    "spotvnow.co.kr",
    "ssulwar.com",
    "stockinfo7.com",
    "sysnet.pe.kr",
    "te31.com",
    "timecoffee.co.kr",
    "tistory.com",
    "tv.jtbc.co.kr",
    "tv.kakao.com",
    "tvchosun.com",
    "untitle.org",
    "watchfreejavonline.co",
    "whathappen.co.kr",
    "withukor.com",
    "www.cultureland.co.kr",
    "x86.co.kr",
    "xn--wh1b751afvcpsb.com",
    "yachuk.com",
    "youtu.co",
    "zum.com",
    "zuzunza.com",
    "zzzz.lol"
   ]
  }
 ],
 [
  "ltu-0",
  {
   "MAIN": [
    "15min.lt",
    "37.16.75.37",
    "delfi.lt",
    "player.eltitbus.xyz",
    "player.filmux.to",
    "simpsonaionline.net",
    "torrent.ai",
    "torrent.lt"
   ]
  }
 ],
 [
  "lva-0",
  {
   "MAIN": [
    "liepajniekiem.lv"
   ]
  }
 ],
 [
  "nld-0",
  {
   "ISOLATED": [
    "datumprikker.nl",
    "looopings.nl"
   ],
   "MAIN": [
    "538.nl",
    "autotrader.nl",
    "avrotros.nl",
    "dailybuzz.nl",
    "filmvandaag.nl",
    "forum.fok.nl",
    "geenstijl.nl",
    "goplay.be",
    "hardware.info",
    "hartvannederland.nl",
    "indeleiderstrui.nl",
    "kijk.nl",
    "nos.nl",
    "npo.nl",
    "omroepbrabant.nl",
    "play.tv",
    "radio10.nl",
    "topkleurplaat.nl",
    "tweakers.net",
    "vandaaginside.nl",
    "vtmgo.be",
    "webcams-texel.nl",
    "webcams-vlissingen.nl"
   ]
  }
 ],
 [
  "nor-0",
  {
   "MAIN": [
    "*"
   ]
  }
 ],
 [
  "pol-0",
  {
   "ISOLATED": [
    "epiotrkow.pl"
   ],
   "MAIN": [
    "abczdrowie.pl",
    "animezone.pl",
    "anyfiles.pl",
    "auto-motor-i-sport.pl",
    "autocentrum.pl",
    "autokult.pl",
    "bankier.pl",
    "calcoolator.pl",
    "cda-tv.pl",
    "czasdzieci.pl",
    "demotywatory.pl",
    "dziennik.pl",
    "ebd.cda.pl",
    "echirurgia.pl",
    "ekino-tv.pl",
    "eurogamer.pl",
    "facet.wp.pl",
    "facetemjestem.pl",
    "filiser.tv",
    "film.wp.pl",
    "filmowakraina.tv",
    "filmweb.pl",
    "filmy69.pl",
    "fitness.wp.pl",
    "fotoblogia.pl",
    "gadzetomania.pl",
    "gala.pl",
    "garnek.pl",
    "gry-online.pl",
    "gry.wp.pl",
    "gwiazdy.wp.pl",
    "hdtvpolska.com",
    "horoskop.wp.pl",
    "jegostrona.pl",
    "joemonster.org",
    "kafeteria.pl",
    "kobieta.pl",
    "kobieta.wp.pl",
    "komixxy.pl",
    "komorkomania.pl",
    "medycyna24.pl",
    "menshealth.pl",
    "money.pl",
    "motocykl-online.pl",
    "naekranie.pl",
    "open.fm",
    "opensubtitles.org",
    "otomoto.pl",
    "otube.pl",
    "parenting.pl",
    "pcworld.pl",
    "pl.vpnmentor.com",
    "playpuls.pl",
    "pogoda.wp.pl",
    "polygamia.pl",
    "profil.wp.pl",
    "pudelek.pl",
    "purepc.pl",
    "runners-world.pl",
    "sportowefakty.wp.pl",
    "streamin.to",
    "swiatfilmow.com",
    "tech.wp.pl",
    "teleshow.wp.pl",
    "transfery.info",
    "tubagliwic.pl",
    "tubawyszkowa.pl",
    "tv.wp.pl",
    "twojeip.wp.pl",
    "v10.pl",
    "wawalove.wp.pl",
    "wiadomosci.wp.pl",
    "wideo.wp.pl",
    "womenshealth.pl",
    "wp.pl",
    "www.dobreprogramy.pl",
    "www.elektroda.pl",
    "www.interia.pl",
    "www.wp.pl"
   ]
  }
 ],
 [
  "rou-1",
  {
   "ISOLATED": [
    "acasa.ro",
    "clujust.ro",
    "filme2023.online",
    "gsp.ro",
    "myradioonline.ro",
    "sampmoduri.ro",
    "turdanews.net"
   ],
   "MAIN": [
    "*"
   ]
  }
 ],
 [
  "rus-0",
  {
   "ISOLATED": [
    "*"
   ],
   "MAIN": [
    "*"
   ]
  }
 ],
 [
  "rus-1",
  {
   "ISOLATED": [
    "*"
   ],
   "MAIN": [
    "*"
   ]
  }
 ],
 [
  "spa-1",
  {
   "ISOLATED": [
    "*"
   ],
   "MAIN": [
    "*"
   ]
  }
 ],
 [
  "swe-1",
  {
   "ISOLATED": [
    "aftonbladet.se",
    "allas.se",
    "bio-link.se",
    "byggahus.se",
    "byggipedia.se",
    "destination.se",
    "dinbyggare.se",
    "elle.se",
    "expressen.se",
    "familjeliv.se",
    "femina.se",
    "fempers.se",
    "galamagasin.se",
    "godare.se",
    "golflivet.se",
    "hant.se",
    "inet.se",
    "inredningsvis.se",
    "internetodontologi.se",
    "kandisvarlden.com",
    "landetsfria.nu",
    "leta.se",
    "m3.se",
    "mabra.com",
    "macworld.se",
    "medibok.se",
    "motherhood.se",
    "norpan.se",
    "pcforalla.se",
    "pilsner.nu",
    "residencemagazine.se",
    "rodeo.net",
    "sistaminuten.se",
    "skrattsajten.com",
    "spelhubben.se",
    "svenskdam.se",
    "synonymer.se",
    "tidningenglobal.se",
    "tidningensyre.se",
    "vitaestilo.se",
    "web-tools.se",
    "webhallen.com"
   ],
   "MAIN": [
    "affarsstaden.se",
    "aktieskolan.se",
    "alekuriren.se",
    "alingsastidning.se",
    "allagodating.se",
    "allas.se",
    "alltforforaldrar.se",
    "arvikanyheter.se",
    "automotorsport.se",
    "babyhjalp.se",
    "barometern.se",
    "blt.se",
    "bohuslaningen.se",
    "boktugg.se",
    "bt.se",
    "byggahus.se",
    "byggipedia.se",
    "byrum.se",
    "cafe.se",
    "classicmotor.se",
    "conpot.se",
    "corren.se",
    "dalslanningen.se",
    "datormagazin.se",
    "densistavilan.se",
    "di.se",
    "discoveringtheplanet.com",
    "ekuriren.se",
    "elle.se",
    "embed.viaplay.com",
    "enkelteknik.se",
    "eposten.se",
    "etunawebben.se",
    "expressen.se",
    "familjeliv.se",
    "fastighetsvarlden.se",
    "feber.se",
    "femina.se",
    "filipstadstidning.se",
    "findit.se",
    "folkbladet.nu",
    "folkbladet.se",
    "fotbollskanalen.se",
    "fotosidan.se",
    "fragbite.se",
    "fryksdalsbygden.se",
    "fssweden.se",
    "fz.se",
    "gamereactor.se",
    "godare.se",
    "golfing.se",
    "gp.se",
    "guiden.se",
    "hallandsposten.se",
    "hant.se",
    "happypancake.se",
    "harrydaposten.se",
    "hejaolika.se",
    "helagotland.se",
    "heleneholmsif.se",
    "hjotidning.se",
    "hn.se",
    "home2tiny.se",
    "husbilsplats.se",
    "husohem.se",
    "ibnytt.se",
    "idrottensaffarer.se",
    "illvet.se",
    "jobsinsweden.se",
    "kamrat.com",
    "kandisvarlden.com",
    "kattannonser.se",
    "kingmagazine.se",
    "kkuriren.se",
    "klt.nu",
    "koket.se",
    "kristianstadsbladet.se",
    "kritiker.se",
    "kt-kuriren.se",
    "kt.se",
    "kungalvsposten.se",
    "kungsbackaposten.se",
    "kurera.se",
    "kuriren.nu",
    "lakartidningen.se",
    "lchfarkivet.se",
    "livsmedelsnyheter.se",
    "lokalti.se",
    "lokaltidningen.nu",
    "lundagard.se",
    "lwcdn.com",
    "mabra.com",
    "mariestadstidningen.se",
    "markposten.se",
    "matsafari.nu",
    "matspar.se",
    "mellanbygden.nu",
    "mellerudsnyheter.se",
    "melodifestivalklubben.se",
    "mitti.se",
    "mobilanyheter.net",
    "modernpsykologi.se",
    "molndalsposten.se",
    "morotsliv.com",
    "motherhood.se",
    "mvt.se",
    "naringsliv.ax",
    "nkp.se",
    "nlt.se",
    "nordsverige.se",
    "norrahalland.se",
    "norran.se",
    "nsd.se",
    "nsk.se",
    "nt.se",
    "nuosteraker.se",
    "nvp.se",
    "nwt.se",
    "nyadagbladet.se",
    "nyan.ax",
    "nyheter24.se",
    "olandsbladet.se",
    "ordbokpro.se",
    "partilletidning.se",
    "passioneffect.se",
    "polistidningen.se",
    "praktisktbatagande.se",
    "provinstidningen.se",
    "pt.se",
    "qasa.se",
    "realtid.se",
    "recept.se",
    "residencemagazine.se",
    "rocknytt.net",
    "saffletidningen.se",
    "sexpacket.se",
    "skaraborgsbygden.se",
    "skd.se",
    "sla.se",
    "smp.se",
    "sn.se",
    "spelhubben.se",
    "stadshem.se",
    "stallet.se",
    "streamio.com",
    "strengnastidning.se",
    "stromstadstidning.se",
    "sttidningen.se",
    "svenskdam.se",
    "svenskgolf.se",
    "sverigespringer.se",
    "swedroid.se",
    "sydostran.se",
    "thatsup.se",
    "thelocal.se",
    "tidningencurie.se",
    "tidningenhalsa.se",
    "tinyurl.se",
    "tjock.se",
    "trafiksakerhet.se",
    "trafikskola.se",
    "trelleborgsallehanda.se",
    "ttela.se",
    "tv4.se",
    "tv4play.se",
    "unt.se",
    "upphandling24.se",
    "ut.se",
    "utslappsratt.se",
    "vadhanderisverige.se",
    "varldenshistoria.se",
    "vasterastidning.se",
    "vasterbottningen.se",
    "vaxjobladet.se",
    "vf.se",
    "viivilla.se",
    "villalivet.se",
    "vimmerbytidning.se",
    "vinochmatguiden.se",
    "vk.se",
    "vt.se",
    "www.aftonbladet.se",
    "ystadsallehanda.se",
    "zeinaskitchen.se"
   ]
  }
 ],
 [
  "tha-0",
  {
   "ISOLATED": [
    "nungkai.com"
   ],
   "MAIN": [
    "fembeq.com",
    "movie2uhd.com",
    "movie87hd.com",
    "subthai.tv",
    "thmovieshd.com",
    "www.nung2d.com"
   ]
  }
 ],
 [
  "tur-0",
  {
   "ISOLATED": [
    "*"
   ],
   "MAIN": [
    "*"
   ]
  }
 ],
 [
  "ukr-0",
  {
   "ISOLATED": [
    "3ivi.com",
    "bestofkinopoisk.com",
    "drezka.pl",
    "flymaterez.net",
    "hdrezka-sex-city.net",
    "hdrezka.ag",
    "hdrezka.club",
    "hdrezka.cm",
    "hdrezka.co",
    "hdrezka.in",
    "hdrezka.kim",
    "hdrezka.me",
    "hdrezka.name",
    "hdrezka.pl",
    "hdrezka.rest",
    "hdrezka.sh",
    "hdrezka.site",
    "hdrezka.today",
    "hdrezka.tv",
    "hdrezka.vip",
    "hdrezka.website",
    "hdrezka19139.org",
    "hdrezka1twwpb.org",
    "hdrezka2tepnm.org",
    "hdrezka2vmmty.org",
    "hdrezka720dhh.org",
    "hdrezka8bdhtq.org",
    "hdrezka9bsbhq.org",
    "hdrezka9fmskj.org",
    "hdrezkaonline.com",
    "hdrezkayou.com",
    "hello-rezka.tv",
    "kinopub.me",
    "kvk.pub",
    "omnirezka.tv",
    "pravda.com.ua",
    "punisher-hdrezka.net",
    "rezka-ua.in",
    "rezka-ua.org",
    "rezka-ua.tv",
    "rezka.ag",
    "rezka.fi",
    "rezka.si",
    "rezka.space",
    "rezkery.com",
    "rezkify.com",
    "standby-rezka.tv",
    "www.ukr.net"
   ],
   "MAIN": [
    "13idei.ru",
    "1plus1.video",
    "24tv.ua",
    "3witcher.ru",
    "4mama.ua",
    "4studio.com.ua",
    "agronews.ua",
    "agroreview.com",
    "ain.ua",
    "allboxing.ru",
    "altyn-orda.kz",
    "aniqit.com",
    "anisima.ru",
    "antirodinka.ru",
    "at.ua",
    "azku.ru",
    "bagnet.org",
    "baragozik.ru",
    "bouw.ru",
    "brjunetka.ru",
    "catfishes.ru",
    "cbn.com.ua",
    "cheline.com.ua",
    "cikavosti.com",
    "clan.su",
    "classicalmusicnews.ru",
    "colady.ru",
    "comments.ua",
    "cosmonova-broadcast.tv",
    "d-mod.ru",
    "dengi.ua",
    "diwis.ru",
    "do.am",
    "dooralei.ru",
    "doramakun.ru",
    "dv-gazeta.info",
    "elektronika56.ru",
    "elle.ua",
    "enovosty.com",
    "ethnoboho.ru",
    "ex-fs.net",
    "fainaidea.com",
    "fakty.ua",
    "fanofnfs.3dn.ru",
    "fitnavigator.ru",
    "freerutor.me",
    "glav-dacha.ru",
    "glavnoe.ua",
    "glavpost.com",
    "golos.te.ua",
    "gorodkiev.com.ua",
    "grad.ua",
    "greenflash.su",
    "guitarrist.ru",
    "historynotes.ru",
    "hvylya.net",
    "idealsad.com",
    "igrul-ka.ru",
    "iklife.ru",
    "info-effect.ru",
    "isport.ua",
    "it-doc.info",
    "ixtira.tv",
    "jetvis.ru",
    "kapital-rus.ru",
    "kino-fs.ucoz.net",
    "kino-hd720.net",
    "kino-torrent.net",
    "kinogo.eu",
    "kopomko.ru",
    "kubik3.ru",
    "kulikavto.ru",
    "kurs.com.ru",
    "kurs.com.ua",
    "kursiv.kz",
    "legion-rus.clan.su",
    "livekavkaz.ru",
    "love-mother.ru",
    "lumpics.ru",
    "marieclaire.ua",
    "megabitcomp.ru",
    "megomult.ru",
    "menstois.ru",
    "mignews.com.ua",
    "mirknig.su",
    "molbuk.ua",
    "moy.su",
    "my1.ru",
    "mydizajn.ru",
    "narod.ru",
    "news.dks.com.ua",
    "newsoneua.tv",
    "newsua.one",
    "nnmclub.to",
    "nr2.com.ua",
    "oblcit.ru",
    "ogo.ua",
    "otvetnavse.com",
    "paravozik.tv",
    "pingvin.pro",
    "play-force.ru",
    "plitkar.com.ua",
    "plus-plus.tv",
    "pokatushki-pmr.ru",
    "politnavigator.net",
    "portal.lviv.ua",
    "prichernomorie.com.ua",
    "privivkainfo.ru",
    "pro-zakupki.ru",
    "proagro.com.ua",
    "procherk.info",
    "programdownloadfree.com",
    "provce.ck.ua",
    "prozoro.net.ua",
    "rainbowsky.ru",
    "redpost.com.ua",
    "ria-m.tv",
    "rivnenews.com.ua",
    "rivnepost.rv.ua",
    "root-nation.com",
    "rub.org.ua",
    "rugraphics.ru",
    "rusadmin.biz",
    "rusjev.net",
    "russkiiyazyk.ru",
    "sam-sdelay.ru",
    "samelectrik.ru",
    "sdelaicomp.ru",
    "sekreti-domovodstva.ru",
    "selezen.net",
    "selfmadetrip.com",
    "serviceyard.net",
    "sibkray.ru",
    "silf.ua",
    "sinoptik.ua",
    "snow-motion.ru",
    "sprintotvet.ru",
    "staroetv.su",
    "subsidii.net",
    "sud.ua",
    "svoimi-rykami.ru",
    "tapochek.net",
    "tc-image.3dn.ru",
    "tehnika.expert",
    "tele.ru",
    "telefongid.ru",
    "telegraf.in.ua",
    "tenews.org.ua",
    "teren.in.ua",
    "times.km.ua",
    "toysew.ru",
    "tverigrad.ru",
    "unn.com.ua",
    "usatiki.ru",
    "ustroim-prazdnik.info",
    "versii.if.ua",
    "viborprost.ru",
    "viva.ua",
    "vlast.kz",
    "volyninfa.com.ua",
    "vsviti.com.ua",
    "windowstune.ru",
    "womanel.com",
    "womo.ua",
    "www.i.ua",
    "zakonguru.com",
    "zaxid.net",
    "zik.ua",
    "zikua.news"
   ]
  }
 ],
 [
  "vie-1",
  {
   "MAIN": [
    "abysscdn.com",
    "afamily.vn",
    "anh.moe",
    "anime12.site",
    "anime47.best",
    "animevietsub.show",
    "animevietsub9.com",
    "aoe.vn",
    "archphotoawards.com",
    "audiotruyenfull.com",
    "baomoi.com",
    "bluphim5.com",
    "buomtv.media",
    "cafef.vn",
    "cdn4.tiptoe34x1.fun",
    "checkscam.vn",
    "chich69.club",
    "childish2x1.fun",
    "childish2x2.fun",
    "cliphot69.shop",
    "cliphubs.com",
    "clipphot.biz",
    "clipsexsub3x.net",
    "comong.info",
    "cunghocvui.com",
    "damconuong.onl",
    "demo.14412882.com",
    "doctruyen3qui19.com",
    "dualeotruyenvx.com",
    "economic45882.shop",
    "forum.timfshare.com",
    "freeplayervideo.com",
    "game8.vn",
    "gamek.vn",
    "genk.vn",
    "giavang.net",
    "gocmod.com",
    "goctruyentranhvui17.com",
    "gotphim.com",
    "hayhaytv.site",
    "haysex.mobi",
    "haysexvn.baby",
    "hentaivc.pro",
    "hh2d.tv",
    "hh3dhay.life",
    "hhtq5.vip",
    "hhvsub1.com",
    "hoctot.hocmai.vn",
    "honghotduongpho.vn",
    "ihentai.network",
    "imail.edu.vn",
    "ios.codevn.net",
    "javhd.shop",
    "javtiful.com",
    "kenh14.vn",
    "laophatgia.net",
    "linkneverdie.net",
    "linkneverdie.top",
    "linkneverdie2.com",
    "lottedira.store",
    "lrepacks.net",
    "lxmanga.my",
    "misskon.com",
    "motchillbr.com",
    "motchillk.gg",
    "motchilltvphim.com",
    "motchillzz.site",
    "motphim.pokemonviet.com",
    "mv.dailyphimz.com",
    "mv.phimbathu.one",
    "mv.phimmoiaz.cc",
    "nettruyenar.com",
    "nettruyenviet1.com",
    "newshound.org.uk",
    "newtruyenhot.pro",
    "noitu.site",
    "pheclip.love",
    "phim.haysex.asia",
    "phim18hdxx.com",
    "phim18vip.one",
    "phimchill.life",
    "phimhdc.com",
    "phimlongtieng.net",
    "phimmoi.club",
    "phimmoier.io",
    "phimsexhayvn81.com",
    "phimsexvn1.blog",
    "phimtho.cc",
    "player-cdn.com",
    "player.phimapi.com",
    "playhydrax.com",
    "plcdn.xyz",
    "quangcaoyenbai.com",
    "quatvn.my",
    "rphang.online",
    "sachmoi.net",
    "saigon24.net",
    "samtruyentranh.com",
    "sayhentai.live",
    "sedirkettering.co.uk",
    "sex.javnong.cc",
    "sex.xinh3x.me",
    "sex.xinhmupvn.net",
    "sexdiary.club",
    "sexdiaryx.to",
    "sextop1.ing",
    "sexviet88.xyz",
    "sieudam.sh",
    "soha.vn",
    "tailieumoi.vn",
    "teamlanhlung8.shop",
    "teamlanhlungday.store",
    "tekora.fun",
    "tekora.space",
    "thanhnien.vn",
    "thefaplive.com",
    "thiendia1.vip",
    "tram3d.com",
    "tram3d.me",
    "tram3d.xyz",
    "trumtruyen.xyz",
    "truyen247.pro",
    "truyenfull.vision",
    "truyenqqno.com",
    "truyenqqtto.com",
    "truyensextv.com",
    "truyensieuhay.com",
    "truyenvn.shop",
    "tuoitre.vn",
    "tusachmanga99.com",
    "tv.tvhayhd.org",
    "umetruyenz.org",
    "ungtycomicso.com",
    "vailonxx.co",
    "vanphatelectric.com",
    "vevocloud.com",
    "viet69hay.life",
    "vinaurl.net",
    "vlxx.bz",
    "vn2.xvideos69.xxx",
    "vn5.sexviet88.xyz",
    "vndoc.com",
    "vozer.io",
    "www.asu.baby",
    "www.bachnguyetquang.online",
    "www.gvnvh18z.com",
    "www.iosviet.com",
    "www.motchill36.com",
    "www.nettruyenupp.com",
    "www.sieutamphim.pro",
    "www.toptruyentv14.com",
    "www.truyen35zz.com",
    "xem16.net",
    "xemphimhd.top",
    "xemphimjav.us",
    "xfast.sbs",
    "xnhau.hot",
    "xnxx-sex-videos.com",
    "xoilaczzyy.cc",
    "yanhh3d.vip",
    "yurineko.my",
    "z.chinav.sex",
    "znews.vn"
   ]
  }
 ]
]
