[
{
 "action": {
  "redirect": {
   "regexSubstitution": "/strictblock.html#\\0"
  },
  "type": "redirect"
 },
 "condition": {
  "regexFilter": "^https?://.*",
  "requestDomains": [
   "1.miniporn.ru",
   "1000zakazov.ru",
   "1k-shop.ru",
   "1l-hit.mail.ru",
   "1under.ru",
   "1xikk.world",
   "1xool.world",
   "2000zakazov.ru",
   "212121.ru",
   "21dengi.ru",
   "21doctor.ru",
   "21pokupki.ru",
   "21sale.ru",
   "24onlinesmi.net",
   "24s.ru",
   "2lycosu.com",
   "2lycosy.com",
   "2under.ru",
   "2x2.kz",
   "3lucosy.com",
   "3under.ru",
   "441555.ru",
   "468.vologdainfo.ru",
   "4smi.ru",
   "7cipgmg8r6.ru",
   "7gomedia.ru",
   "7rtv.com",
   "8coins.ru",
   "8nr2bisa.ru",
   "a-love.nninfo.ru",
   "a.fobos.tv",
   "a.multik-online.net",
   "a.velvet.by",
   "abourselfi.com",
   "abs.firstvds.ru",
   "abs.ispsystem.com",
   "academand.com",
   "academyun.ru",
   "act-news.com",
   "action.raadword.com",
   "actionrtb.com",
   "ad-app.morion.ua",
   "ad.aorta-net.com",
   "ad.ddestiny.ru",
   "ad.f1cd.ru",
   "ad.fantiki.net",
   "ad.gameagregator.com",
   "ad.h-vip.ru",
   "ad.hutor.ru",
   "ad.iplayer.org",
   "ad.leongaming.com",
   "ad.liveburst.com",
   "ad.luxnet.ua",
   "ad.minecraft-mods.ru",
   "ad.starlightmedia.ua",
   "ad.sweb.ru",
   "ad.webnext.ru",
   "ad1.sibnet.ru",
   "adbee.com.ua",
   "adblockmetrics.ru",
   "adbn.ru",
   "adbomb.ru",
   "adcast.ru",
   "adcomplete.ru",
   "addflow.ru",
   "addisp.com",
   "adfun.ru",
   "adgo-online.de",
   "adiabetic.ru",
   "adizer.ru",
   "adland.ru",
   "admp-tc.delfi.ee",
   "admulti.ru",
   "ado.delfi.ee",
   "adpix.ru",
   "adpro.com.ua",
   "adr.alltorrents.net",
   "adres21.ru",
   "adru.net",
   "ads.bid",
   "adsellers.net",
   "adsmeda.com",
   "adsorg.com",
   "adstock.ru",
   "adsyst.ru",
   "adtime.ru",
   "adtraff.ru",
   "adunit.chango.ca",
   "adv-first.ru",
   "advaction.ru",
   "adversni.com",
   "advertbox.ru",
   "advertpay.ru",
   "advertte.com",
   "advrush.com",
   "advvideo.com",
   "advweb.ru",
   "adward.ru",
   "adwile.com",
   "aedrvt.majordomo.ru",
   "aerontre.com",
   "aff.mediarotate.com",
   "affilates.doktordick.com",
   "afftraff.net",
   "afterview.ru",
   "agitazio.com",
   "agitmedia.com",
   "aiadvi.com",
   "aif.yadro.ru",
   "aintere.com",
   "akabo.ru",
   "akashy.com",
   "alemobile.ru",
   "alexey.blog21.ru",
   "allblog24.ru",
   "allowac.com",
   "alltizer.ru",
   "almosto.com",
   "alphacash.biz",
   "amh.ru",
   "amuseer.com",
   "an.media-active.ru",
   "analytic.press",
   "anidublink.ru",
   "anilibriaz.ru",
   "animebest.zone",
   "animegofan.ru",
   "animesvost.ru",
   "annienne.com",
   "ant-top.ru",
   "anti-gemorroy.com",
   "antiblockseries.ru",
   "ap.delfi.ee",
   "api-keks.com",
   "api-marketolog.mts.ru",
   "api.smartadv.ru",
   "apicloud.ru",
   "applieda.com",
   "appt12mn.com",
   "apreces.com",
   "aprement.com",
   "apycdn.com",
   "archeurs.com",
   "arded.com",
   "arigami.ru",
   "art-family.pro",
   "artbanner.com.ua",
   "artdemon.ru",
   "artmaxim.ru",
   "asdhit.com",
   "asg.vidigital.ru",
   "assantie.com",
   "assessoria.hotbox.ru",
   "associazio.com",
   "associeta.com",
   "astrack.ru",
   "atlassolutions.com",
   "autotizer.ru",
   "avifilm.ru",
   "avtozapchastivazlanos.ru",
   "az708531.vo.msecnd.net",
   "azartaffiliates.com",
   "b-one.com.ua",
   "b.acpr.su",
   "b.candy.vl.ru",
   "b.digital-tv.com.ua",
   "b.madplace99.com",
   "b.netall.ru",
   "b.nwave.de",
   "b2bvideo.ru",
   "b81x63nc.ws.md",
   "bachmedia.ru",
   "backromy.com",
   "banner-storage.fo.ru",
   "banner-viewers.com",
   "banner.lbs.km.ru",
   "banner.osp-ua.info",
   "banner.ua",
   "bannerhost.ru",
   "bannerms54489.com",
   "bannuncio.com",
   "banquant.com",
   "bans.name",
   "bantex.ru",
   "barpe.ru",
   "barraien.com",
   "base.kiwi.kz",
   "basetts.com",
   "bashnya.ru",
   "bb.stream24.ru",
   "bbfggzd3duxpsmo.ru",
   "bbn.by",
   "bbn.img.com.ua",
   "bbtyup.com",
   "bcggo.ru",
   "bcontent.life.ru",
   "bdbdqbdkdb.com",
   "bdbdqddkdb.com",
   "bdbdqdkibb.com",
   "bdbdqdxkdb.com",
   "bdbdqexkdb.com",
   "bdbdqfdkdb.com",
   "bdbdqfkibb.com",
   "bdbdqfxkdb.com",
   "bdbdqidkdb.com",
   "bdbdqixkdb.com",
   "bdbdqixkib.com",
   "bdbdqkdkdb.com",
   "bdbdqkkibb.com",
   "bdbdqkxkdb.com",
   "bdbdqndkdb.com",
   "bdbdqndkib.com",
   "bdbdqnxkdb.com",
   "bdbdqnxkib.com",
   "bdbdqqdkdb.com",
   "bdbdqqdkib.com",
   "bdbdqqxkdb.com",
   "bdbdqskibb.com",
   "bdbdqsxkdb.com",
   "bdbdqxdkdb.com",
   "bdbdqxkibb.com",
   "bdbdqxxkib.com",
   "be.vtomske.ru",
   "beeblebroks.ru",
   "befouled-fire.com",
   "beligana.ru",
   "belole.ru",
   "bepartner.ru",
   "beriche.ru",
   "berryfico.com",
   "besplodstop.ru",
   "best-binary.site",
   "bestclick.ru",
   "bestexotic.com",
   "bezlimitvideo.com",
   "bhfadjicddhbjaejebb.ru",
   "bidtraffic.ru",
   "bilation.com",
   "bilderfest.ru",
   "binarniks.ru",
   "binmedia.ru",
   "bistr3.ru",
   "bistr4.ru",
   "bixmarketing.ru",
   "blackads.ru",
   "blendac.com",
   "blessdi.com",
   "blogifeed.com",
   "blogistars.com",
   "blogistarts.com",
   "blogo-sfera.org",
   "blogofest.com",
   "blogs-new.ru",
   "blogs-peoples.com",
   "blogs-shop.org",
   "blogs-stars.org",
   "blogshop.org",
   "blogss-stars.org",
   "bloha.net",
   "blowclick.ru",
   "blozggerz.com",
   "bme9usxpo.tech",
   "bn.ohah.ru",
   "bn.orthodoxy.ru",
   "bn.sarov.info",
   "bn1.homefot.ru",
   "bobik.playflock.com",
   "bobrilla.com",
   "bodyfit-muscles.ru",
   "boo.samara24.ru",
   "bookforall1.bookforall.ru",
   "boolff.com",
   "br.kcdn.kz",
   "brandarium.ru",
   "breedac.com",
   "breeffnet.com",
   "brndrm.com",
   "brvyjcu0ablfhwx.ru",
   "bs.mybb.ru",
   "bs.orsk.ru",
   "bs.quadrosystems.ru",
   "bt1.gutgirl.ru",
   "bugaga.tut.by",
   "buildbull.ru",
   "burlyblogs.com",
   "busncuy4dmiuurl.ru",
   "bussters.com",
   "buy-link.ru",
   "buy-traffic.org",
   "buyfordreams.ru",
   "buytraf.ru",
   "bw95vpjda.ru",
   "bwtvmnf9fxmvanw.ru",
   "bx.metka.ru",
   "bymotofyd.ru",
   "byuop.com",
   "c5dnrqs2vbl4.ru",
   "c9wap.com",
   "cachand.com",
   "cafmjvh7.ru",
   "campeut.com",
   "canalds.com",
   "caragots.com",
   "carveac.com",
   "cashimtrap.com",
   "cashtube.ru",
   "cbn.ru",
   "cbrykorvsqihfy.com",
   "cdn-bk.ligastavok.ru",
   "cdn-rtb.sape.ru",
   "cdneurope.com",
   "cdnport.ru",
   "cenovik.net",
   "cettente.com",
   "cettenu.com",
   "cettenus.com",
   "chain-reaction-pro.com",
   "chbn.ru",
   "cheb-rielt.ru",
   "chebfm.ru",
   "chebogsary.ru",
   "cheboksar.ru",
   "chebradio.ru",
   "chebru.ru",
   "chebtube.ru",
   "chebtv.ru",
   "chepaev.ru",
   "china-air.ru",
   "chitika.org",
   "chuvashskoe.ru",
   "ciement.com",
   "cientrer.com",
   "cifaceg.gos-arhiv.ru",
   "citaire.com",
   "cl.ekzo.org",
   "clangere.com",
   "clctraffic.com",
   "click.readme.ru",
   "click4wm.ru",
   "clickburner.com",
   "clickcashmoney.com",
   "clickcoin.com",
   "clickhere.ru",
   "clickozavr.com",
   "clickscloud.net",
   "clickspay.ru",
   "clickunderad.com",
   "clickvip.ru",
   "cliennes.com",
   "clierets.com",
   "clievise.com",
   "cllckdomain.com",
   "clme.biz",
   "clme.net",
   "cloakac.com",
   "clunder.net",
   "cnb.cnews.ru",
   "coads.akipress.org",
   "cobrax.ru",
   "codata.ru",
   "code.barrior.ru",
   "codeextrarich.net",
   "codemediarich.ru",
   "codes-media.ru",
   "codexq.net",
   "coe5n.ru",
   "collanetti.com",
   "commontools.net",
   "comp-ex.ru",
   "company.1ps.ru",
   "competing-stinger.site",
   "connees.com",
   "contactsin.com",
   "contactsin.mobi",
   "contactsin.ru",
   "content.directadvert.ru",
   "content.relax.ru",
   "conteresse.com",
   "conteresso.com",
   "conternet.com",
   "context-platform.com",
   "context.hotline.ua",
   "contextbar.ru",
   "contextrtb.com",
   "contlist.com",
   "convertds.com",
   "cooleefbaldw.uk.to",
   "cooleightds.eu",
   "copercato.com",
   "cpa-system.ru",
   "cpa6.ru",
   "cpa600.ru",
   "cpagoods.ru",
   "cpmsolution.ru",
   "cppgf.com",
   "cqc.ru",
   "crackac.com",
   "crashes.autodanger.ru",
   "crateac.com",
   "crimpy-baboon.eu",
   "crpoy.com",
   "cs-serva.net",
   "cshi.ru",
   "csht.ru",
   "csp-qcw5yi.ru",
   "csvideos.ru",
   "cszz.ru",
   "culpainnata.ru",
   "cwh7tdf.com",
   "cxmolk.com",
   "cyhtr.com",
   "cykahax.net",
   "d.igra-prestoloff.cx",
   "d0.mradx.net",
   "d19lkhros9wke.cloudfront.net",
   "d1af165twk0zgn.cloudfront.net",
   "d1f5rbi95y1icu.cloudfront.net",
   "d1p7elpjrt6qav.cloudfront.net",
   "d1uvhm532ipx9t.cloudfront.net",
   "d1zfhhmz4n1jvq.cloudfront.net",
   "d1zk0i9yiryb1j.cloudfront.net",
   "d24rtvkqjwgutp.cloudfront.net",
   "d27jk9dqha8met.cloudfront.net",
   "d2i5pngfrazn5t.cloudfront.net",
   "d2oa97wrxvxm7y.cloudfront.net",
   "d2wl3qmk54t3ha.cloudfront.net",
   "d30gt5larl1k8h.cloudfront.net",
   "d30s0lx1onfwyh.cloudfront.net",
   "d31nb97nd8ha11.cloudfront.net",
   "d36sxvmjoflc2i.cloudfront.net",
   "d3c8l61zd5ltf8.cloudfront.net",
   "d3p2b5qewrnsyv.cloudfront.net",
   "d3pb9zw46rm6zr.cloudfront.net",
   "d7921da5d4c24.com",
   "daccrois.com",
   "daccroit.com",
   "daffecte.com",
   "dafferes.com",
   "daffices.com",
   "dafficha.com",
   "dailyblogzz.com",
   "dante.vl.ru",
   "daredac.com",
   "dartimyl.com",
   "datelycu.com",
   "dating-exchange.com",
   "datingbestsite.life",
   "datropy.com",
   "davarello.com",
   "ddomb.com",
   "defiques.com",
   "delivery.bannerd.ru",
   "demilith.com",
   "derploime.com",
   "designedy.com",
   "detaires.com",
   "detdove.ru",
   "devaxi.org",
   "devilclicks.com",
   "devki21.ru",
   "dewis.h1.ru",
   "df09rp0cm6rp6.cloudfront.net",
   "dfthplx.net",
   "diallyblogs.com",
   "dificaux.com",
   "dimprive.com",
   "dimpy.narod.ru",
   "directadvrt.ru",
   "directerp.ru",
   "directprofit.ru",
   "disterme.com",
   "dizzyac.com",
   "djchfgacdfaaadfdc.ru",
   "djjdf.ru",
   "dkemeli.ru",
   "dlyatizera.ru",
   "dlyazdorovia.ru",
   "dnevni4ok.com",
   "dns21.ru",
   "doloj.ru",
   "domah.ru",
   "domertb.com",
   "dominas.femdomina.ru",
   "dominasy.com",
   "donalise.com",
   "dopikas.com",
   "doroga.kugesi.ru",
   "dosugcz.in",
   "dosugcz.net",
   "doubleclick.host",
   "douteure.com",
   "downloadamigo.com",
   "dozory.goodoo.ru",
   "dqvpww3nzoeeq.cloudfront.net",
   "dreadfula.ru",
   "dreampartners.ru",
   "driverpack.io",
   "driverpaksolution.ru",
   "drlyy.com",
   "drontres.com",
   "drp.su",
   "dugtor-deer.pw",
   "dunta.ru",
   "dutrmedi.ru",
   "duuw.nm.ru",
   "dvasub.kipfilms.ru",
   "dverser.ru",
   "dw1-msetup.org",
   "dw1cdf.ru",
   "dwf6crl4raal7.cloudfront.net",
   "dyrevnya.ru",
   "dyshagi.ru",
   "dz01rk.com",
   "e-links.ru",
   "e-place.ru",
   "ebyadbloc.com",
   "echeb.ru",
   "echobanners.net",
   "econdus.com",
   "ed98512111bb19e5.in.net",
   "effad.ru",
   "efngeka8czukzyb.ru",
   "egoistic-heron.com",
   "ei0mwcgu.com",
   "eijwpxc.net",
   "ejywtxa2agahkqt.ru",
   "elementsbrowser.com",
   "elnpe.com",
   "emadztc6crnxjvj.ru",
   "emierete.com",
   "emisses.com",
   "emnodar.ru",
   "enfreine.com",
   "engine-bk.ligastavok.ru",
   "engine-pmbk.ligastavok.ru",
   "enkonyus.ru",
   "ensepare.com",
   "entercash.ru",
   "entimee.com",
   "epartner.ru",
   "epoquels.com",
   "epsexda.ru",
   "er2fl22b1w.site",
   "erobestvideo.ru",
   "erotraf.com",
   "erpito.ru",
   "ervtm9lrdj.com",
   "estiques.com",
   "etarg.network",
   "etojackpot.com",
   "etonews.ru",
   "etranslater1.com",
   "evendividualita.com",
   "everinform.com",
   "evsembu.com",
   "ex.infox.sg",
   "excalatom.com",
   "exchange.meta.ua",
   "exonews.ru",
   "extronext.ru",
   "eznagi.ru",
   "f.mega-porno.tv",
   "fafggde.net",
   "fair.huz84.com",
   "fair.jones.se",
   "fairlink.ru",
   "faqzpiv1fphpway.ru",
   "farecnop.loftlm.ru",
   "fastmoment.ru",
   "fastsearcher.ru",
   "faxso.ru",
   "fbbvjxh3fcjqiyk.ru",
   "fbs.for-ua.org.ua",
   "fcdedghcjiieggafade.ru",
   "fdgeen.com",
   "fdifieecbehcbhbgadf.ru",
   "fdrschv.ru",
   "feed.teasermaster.ru",
   "fetalli.com",
   "ff.astv.ru",
   "fialet.com",
   "fieachejgcdehafaadi.ru",
   "filebase.me",
   "films.ws",
   "fin-vector.ru",
   "finbs.ru",
   "find-it.pro",
   "findfor.net",
   "findpre.net",
   "finsotins.com",
   "fireb1.com",
   "fireb2.com",
   "fitbut.ru",
   "fityjhnl.biz",
   "fixzila.com",
   "fkhkjhj.biz",
   "fkr63eryj6sp4.ru",
   "flascom.com",
   "flashteaser.com",
   "flebolab.ru",
   "flushmviolent.org",
   "fly-shops.ru",
   "fmu1qrtjoamc.pro",
   "fmusive.ru",
   "foreign.dt00.net",
   "forum.adult-torrent.com",
   "forum.dwnld.net.ua",
   "foundtr.com",
   "four8city.in",
   "fpmef.com",
   "freddyman.com",
   "freeavalanche.ru",
   "freewm.ru",
   "frmsafe.com",
   "frogadvert.ru",
   "fsb-russia.dtdns.net",
   "fstredirr.com",
   "fulldl.net",
   "fundingchoicesmessages.google.com",
   "fxbn.fxcd.ru",
   "fxhoog.com",
   "fyrafi.ru",
   "fztff.com",
   "g17ie3l1k7iarm.ru",
   "gagnifie.com",
   "gainclick.biz",
   "gainclick.co",
   "gakogedifoda.ru",
   "game-tester.ru",
   "gameadnet.ru",
   "gameloft.name",
   "gamerulet.ru",
   "gamezonenews.net",
   "gamingpartners.org",
   "gateway-02.com",
   "gateway-03.com",
   "gateway-04.com",
   "gatgirl.com",
   "gbedccihjeajhchcaea.ru",
   "gbs.gamingmedia.ru",
   "gcjehafhajjhcdicaeb.ru",
   "gddrio.com",
   "gemoroy-stop.biz",
   "get-click.net",
   "get-news.net",
   "getb.7ya.ru",
   "getout.besaba.com",
   "gettraf.com",
   "gettraf.org",
   "ggsaffiliates.com",
   "ghaires.com",
   "gigamega.ru",
   "gingardo.com",
   "giokole.com",
   "giosany.com",
   "giotyo.com",
   "girlz42night.biz",
   "gjslm.com",
   "glance-news.com",
   "glavrich.com",
   "globalstylis.ru",
   "globeac.com",
   "glordd.com",
   "glows.ru",
   "glue-length.biz",
   "gmelvi.ru",
   "gnezdo.news",
   "gnezdo.ru",
   "go.adjika.net",
   "go.mega-games.org",
   "go.unas.ru",
   "go7media.ru",
   "goabd.ru",
   "gocdn.ru",
   "gokliks.ru",
   "goldfishkapartners.com",
   "gomakemerich1.com",
   "gomakemerich2.com",
   "gonews1.net",
   "good-teasers.ru",
   "good-traf.ru",
   "good.win-yagd.ru",
   "goodadvert.com.ua",
   "goods-story.ru",
   "googleapls.ru",
   "googlsyndication.com",
   "goossb.com",
   "gorod.shumerlya.ru",
   "gotoredr.com",
   "gov.hentaipix.ru",
   "govazd.am",
   "grainac.com",
   "grandmediatizer.com",
   "gravdee.com",
   "gredinatib.biz",
   "gredinatib.org",
   "grifiins.ru",
   "grt01.com",
   "grteab.com",
   "gueur.com",
   "gueurs.com",
   "h31135kjn6ajywtrupze.com",
   "h3a.t.r.vpath.net",
   "hadoman.net",
   "hamphlete.com",
   "hanata.pp.ua",
   "handiest-logic.com",
   "hannist.com",
   "hay-borsa.ru",
   "hcowzr7dedquas.ru",
   "head-gshame.in",
   "health-official.ru",
   "healthofficial.ru",
   "healthymag3.ru",
   "heelwork.com",
   "highlightingalive.in",
   "hit-sales.ru",
   "hit-star.ru",
   "hittoadv.com",
   "hjiss.com",
   "hkik.ru",
   "hmqzhs0csdealn.ru",
   "hnixr.com",
   "hnlvld1crehqne.ru",
   "hoilop.com",
   "holysts.com",
   "hommisse.com",
   "hommunit.com",
   "homrus.net",
   "hopedac.com",
   "host.torrent21.ru",
   "hot-news-bloggers.ru",
   "hotinga.ru",
   "houmekredit.ru",
   "hugedi.com",
   "humanredirect.ru",
   "hwmgcurmtkxk.bid",
   "hypernews.ru",
   "i-adv.biz",
   "i.j2j.ru",
   "iadv.biz",
   "iberacon.com",
   "ice-media.ru",
   "icheb.ru",
   "iclckk.com",
   "icqad001.net",
   "icqad002.net",
   "icqad003.net",
   "icqad004.net",
   "icqad005.net",
   "icqad006.net",
   "icqad007.net",
   "icqad008.net",
   "icqad009.net",
   "icqad010.net",
   "icqad011.net",
   "icqad012.net",
   "icqad013.net",
   "icqad014.net",
   "icqad015.net",
   "icqad016.net",
   "icqad017.net",
   "icqad018.net",
   "icqadv.net",
   "icqadve.net",
   "icqadvert.net",
   "id9uep.ru",
   "igrok.rocks",
   "ihlasbe.ru",
   "ikersont.com",
   "ikk2gh.eu",
   "ikolop.com",
   "illiage.com",
   "illiages.com",
   "illiap.com",
   "ilopotun.com",
   "iluzur.com",
   "im1-tub.com",
   "im2-tub.com",
   "im3-tub.com",
   "im4-tub.com",
   "im5-tub.com",
   "im6-tub.com",
   "im7-tub.com",
   "im8-tub.com",
   "im9-tub.com",
   "imagans.com",
   "imamby.ru",
   "img.bankoboev.ru",
   "impannon.com",
   "imparfum.com",
   "impromot.com",
   "imwhite-ru",
   "imwhite.ru",
   "incielle.com",
   "inctivee.com",
   "inferalton.com",
   "info.howto-news.info",
   "installpack.net",
   "interieu.com",
   "internalinspector.com",
   "intim40.com",
   "intimcity.net",
   "intoxic.biz",
   "ipmarte.ru",
   "iredirr.com",
   "islamclick.ru",
   "istokiku.ru",
   "it-cheb.ru",
   "iuiyeje4qmbe.ru",
   "ivancept.com",
   "ivances.com",
   "ivanie.com",
   "ivantat.com",
   "ixtyted.ru",
   "jaabeieacddhbdcdf.ru",
   "jadedi.com",
   "jbugk.com",
   "jd01esxhoel.online",
   "jd01qstbprek.top",
   "jd05esxdnre.info",
   "jfveak.com",
   "jinxy.ru",
   "jjabr.com",
   "jkolp.com",
   "jlzebszkilcz.ru",
   "jmk1uttboek0.pro",
   "jmk56rtfove.info",
   "jmpmedia.info",
   "jnu1usxpndz0.pro",
   "jnu9uwxlprf.online",
   "jokerhaus.moskva-tv.com",
   "jorjfix.ru",
   "jquery-uim.download",
   "jrfced.com",
   "jsc.tovarro.com",
   "jscdn.yieldbird.com",
   "jsn.st02.net",
   "jsutils.net",
   "jump-wap.com",
   "jutulep.com",
   "jxrhjcb.biz",
   "ka7co.com",
   "kadabada.com",
   "kadamata.com",
   "kadanoda.ru",
   "kadavara.com",
   "kan.kanoner.com",
   "kan.karpovka.net",
   "kazban.su",
   "kimus.ru",
   "kinemathek.ru",
   "kino.afisha21.ru",
   "kinoget.tv",
   "kinogo.r.worldssl.net",
   "kinokayf.com",
   "kinopromobase.ru",
   "kinopromobase2.ru",
   "kires.umk-spo.biz",
   "kisakuku.org",
   "kistured.com",
   "kitopr.com",
   "kiworeequnasaw.info",
   "klyuchev.in.ua",
   "kma1.biz",
   "kmabiz.org",
   "knewy.com",
   "knwmou.ru",
   "koe-dv.net",
   "kohx3.ru",
   "koliser.com",
   "kolites.com",
   "kolitter.com",
   "koluty.com",
   "korenizsemi.net",
   "kotofotto.ru",
   "koviovius.com",
   "krab-studio.ru",
   "krutilki.ru",
   "kshop2.biz",
   "kshop3.biz",
   "ktozabanittotkirkorov.ru",
   "kuhni.goodtrend2.ru",
   "kvihit.com",
   "kvvadrat.net",
   "l48ioxvhakxv.ru",
   "labadon.com",
   "lacembre.com",
   "lacemme.com",
   "lacest.com",
   "lachee.com",
   "lachest.com",
   "laconic-comment.com",
   "lady-clicks.ru",
   "ladycash.ru",
   "ladyclicks.ru",
   "ladyclicks2.ru",
   "ladyclicks8.ru",
   "ladycoin.ru",
   "ladytizer.com",
   "ladytrack.net",
   "langueur.com",
   "lapeduzis.org",
   "lareson.com",
   "largelydi.com",
   "laughtill.net",
   "lcads.ru",
   "leashac.com",
   "leforma.com",
   "lepubs.com",
   "lequ6.ru",
   "leruanmarket.ru",
   "lethargic-smock.com",
   "letitsoft.com",
   "levrico.com",
   "lexament.com",
   "lg.yaload.ru",
   "lhvmt5et8vq0.ru",
   "libertytraffic.ru",
   "licked-alphabet.eu",
   "liderus.ru",
   "lidetds.net",
   "lidicando.com",
   "liendans.com",
   "lif.yaicom.ru",
   "lifebloggersz.ru",
   "lifenewblog.ru",
   "lifeonblog.com",
   "liferead.ru",
   "like-th.ru",
   "likondok.com",
   "limonadsources.ru",
   "linkcase.ru",
   "linkerfast.ru",
   "linkerlink.ru",
   "linkexchange.ru",
   "linkme.org.ua",
   "linkodir.ru",
   "linkpeoples.com",
   "linksviewer2013.com",
   "linkupper.ru",
   "liny-ads.net",
   "liolexina.com",
   "lisamobile.ru",
   "listof.mobi",
   "litebrowser.ru",
   "litemybrowser.ru",
   "litiumo.com",
   "live-advert.net",
   "live-smi.ru",
   "livea.ru",
   "livebloggs.com",
   "liveclix.net",
   "livingy.com",
   "ljteas.com",
   "lmbicg.ru",
   "lmcuba.us",
   "loadbookvo.ru",
   "loadmovie.ru",
   "loadmult.ru",
   "loadpartners.com",
   "loadserial.ru",
   "locandito.com",
   "locoday.com",
   "logger.ivi.ru",
   "loneday.com",
   "look4file.ru",
   "looker9.ru",
   "lookrtb.com",
   "lopitus.com",
   "loponop.com",
   "lopuer.biz",
   "lopytol.com",
   "losnews.ru",
   "lotomoney.biz",
   "lotsofslots.net",
   "lotto770.com",
   "loveadvert.ru",
   "lstay.com",
   "lubov21.ru",
   "lucky-blogs.ru",
   "luckyade.ru",
   "luckysearcher.ru",
   "luisardo.com",
   "luredac.com",
   "lux-bn.com.ua",
   "luxcash.ru",
   "luxtraffic.ru",
   "luxurycash.net",
   "lvkwz.com",
   "lycodz.com",
   "lycosu.com",
   "lycosy.com",
   "lydiz.com",
   "m0g24.ru",
   "m0zdeb.ru",
   "magicanfy.com",
   "magnet-ball.com",
   "mainclc.com",
   "mainews.ru",
   "mainrusnews.info",
   "mallplg.com",
   "malysheva.ru",
   "mamypos.com",
   "managedcollapsed.in",
   "managermest.ru",
   "manuelu.com",
   "marketgid.ru",
   "markhab.ru",
   "martakava.ru",
   "masterconvert.ru",
   "masudel.com",
   "mateast.com",
   "maxforta.com",
   "mb.akado.ru",
   "mb.interfax.ru",
   "mb.rian.ru",
   "mb.vesti.ru",
   "mbn.kr.ua",
   "mbn.su",
   "mchostings.ru",
   "mdlo324fsd.ru",
   "med22iwqeq.ru",
   "medblog.online",
   "media-kod.net",
   "media-rich.ru",
   "media-rotation.net",
   "media-rotator.net",
   "media-stat.mail.ru",
   "mediacot.com",
   "mediadar.ru",
   "mediaip.ru",
   "mediarealtor.ru",
   "mediarich-code.ru",
   "mediarich.cc",
   "mediarich.ru",
   "mediarich.us",
   "mediarich.ws",
   "mediarichcode.ru",
   "mediarotator.net",
   "mediarotator.ru",
   "mediateas.com",
   "mediatraffic.com.ua",
   "medicin-novosti-24.com",
   "medicineteaser.org",
   "medicineteaser.ru",
   "medigaly.com",
   "medinses.ru",
   "medpiar.ru",
   "megaban.com.ua",
   "megactds6.net",
   "megartb.com",
   "megasliv.com",
   "mekadr.com",
   "mementes.com",
   "menato.ru",
   "mendir.ru",
   "menuse.ru",
   "meow-x.com",
   "mesopo.ru",
   "message-site.net",
   "mestmaster.ru",
   "mezima.com",
   "mfatallp.com",
   "mgogo.ru",
   "mhkx4.ru",
   "microads.ru",
   "midlemee.ru",
   "miniban.ru",
   "miokoo.com",
   "mirskidok.net",
   "mo.spaces.ru",
   "mob2web.com",
   "mobapeople.com",
   "mobbober.com",
   "mobidump.com",
   "mobikont.com",
   "mobiledirectors.com",
   "mobiloba.com",
   "mobirollcom.ru",
   "mobirollru.com",
   "mobnumbers.com",
   "mobraner.com",
   "mobyrol.com",
   "modelatos.com",
   "modverka.ru",
   "moijs.com",
   "moist-thunderstorm.com",
   "money4leads.biz",
   "moneysyst.biz",
   "moonhappy.ru",
   "more152.net",
   "more427.net",
   "moreget.net",
   "morenews1.net",
   "morenews2.net",
   "morenews3.net",
   "morenews4.net",
   "mosblog24.ru",
   "mqwcuesny6.ru",
   "mscimg.com",
   "msetup.pro",
   "msyftmtgjf.biz",
   "mubra.ru",
   "mukipol.com",
   "multiclick.ru",
   "musicmaargarit63.uk.to",
   "muzokit.ru",
   "muzomuz.ru",
   "my.megavstrecha.ru",
   "myads.ru",
   "mydatingcash.com",
   "mynagor.com",
   "mytizer.com",
   "mytraf.ru",
   "mytrk.xyz",
   "mytvblogs.ru",
   "n.gold-liter.org.ua",
   "n.vipadvert.net",
   "n278adserv.com",
   "n282adserv.com",
   "n283adserv.com",
   "n284adserv.com",
   "nalivali.ru",
   "naroda-blog.com",
   "narodnii-sovet.com",
   "nasledstvo.int.ru",
   "nav-links.com",
   "naxerposlan.com",
   "nclick.ru",
   "nd01erxppvee.top",
   "nd05esxpnrfe.pro",
   "nedv21.ru",
   "need2buy.1gb.ru",
   "neoban.su",
   "neomion.com",
   "neotizer.com",
   "nepalon.com",
   "netrotator.net",
   "new-glance.com",
   "new-rutor.eu",
   "new-rutor.eu.org",
   "new-rutor.pp.ua",
   "newlixica.com",
   "newmed24.ru",
   "news-announce.org",
   "news-are.com",
   "news-bc.ru",
   "news-decent.com",
   "news-glance.com",
   "news.movieworld.kz",
   "news.soptv.ws",
   "newseer.net",
   "newsma.ru",
   "newsmarket.pixarea.ru",
   "newsteaser.ru",
   "nigvbyd.net",
   "nihewfi.net",
   "ningres.ru",
   "nne1uuxpna.site",
   "nne1uwtbnem.info",
   "nnltp07nnq7e.ru",
   "nnm-club.eu",
   "noblok.com",
   "nolix.ru",
   "nomer1.ru.ru",
   "nonoqcm.net",
   "noptes.ru",
   "nord.murmann.ru",
   "nostalgia.onego.ru",
   "nostushi.ru",
   "nrged.com",
   "nuigyin.net",
   "numberia.com",
   "numking.com",
   "nutmore.com",
   "nvjqm.com",
   "nwmum.com",
   "nyyed.com",
   "oblivki-news.ru",
   "obnale.ru",
   "octomarket.com",
   "od3ai.ru",
   "odinkod.ru",
   "odtpmadfx5.space",
   "offergate.pro",
   "offhealth.ru",
   "oficinadafesta.com",
   "ognyvo.ru",
   "oirplane.com",
   "oiya.ru",
   "olimpbanners.info",
   "olizyr.com",
   "omoby.net",
   "onban.ru",
   "one-bmedia.ru",
   "oneund.com",
   "oneund.ru",
   "online-path.com",
   "onlineredirr.com",
   "onlinerotator.net",
   "only-new.com",
   "ooredrr.com",
   "opendone.net",
   "openmace.net",
   "opresat.ru",
   "opyavar.ru",
   "orbit.lun.ua",
   "orgsales.ru",
   "otvetes.com",
   "ou2ie.ru",
   "outwitch.com",
   "ovap.in",
   "overridingnichts.in",
   "owap.su",
   "oxn.gerkon.eu",
   "oyy.l2anons.ws",
   "p.igra-prestoloff.cx",
   "p2m0001.com",
   "palandan.com",
   "paramedjo.com",
   "parinamatch.ru",
   "partner.alfa.kz",
   "partner.ixi.ua",
   "partners.mobiguru.ru",
   "pastilon.com",
   "pautina.mobi",
   "pay-hit.com",
   "payandpray.ru",
   "payban.su",
   "paybrides.org",
   "paymonsters.biz",
   "paytraf.ru",
   "pazt.in",
   "pb-gfj-3de-ey.ru",
   "pcable.ru",
   "pcads.ru",
   "pdmayt.com",
   "pe5avnvi81ed.ru",
   "people-blog.org",
   "people-blogs.org",
   "peoplemobile.ru",
   "peterfarley.net",
   "peterjfarley.info",
   "pichyefu.ru",
   "pickegg.com",
   "pidarunki.ru",
   "pipki.r.worldssl.net",
   "piroji.com",
   "pketred.com",
   "placeoff.ru",
   "plaff-go.ru",
   "plapl.ru",
   "plaster-orto.com",
   "plastir-hyperost.biz",
   "plomihy.com",
   "plus-2launch.biz",
   "plus.pornoshara.tv",
   "po.spynets.ru",
   "pochistit.ru",
   "pogodis.ru",
   "pointclc.com",
   "pointrtb.com",
   "poketall.ru",
   "pokitom.com",
   "pokrutim.ru",
   "polimadv.com",
   "polisrtb.com",
   "pomtiy.com",
   "poollast.com",
   "pop-bloggz.com",
   "pop-blogs.com",
   "pop-blogz.com",
   "pop-under.ru",
   "pop.spy4.in",
   "pop.turnik.su",
   "popup.relinka.net",
   "portal-info.org",
   "poulop.com",
   "povtotse.ru",
   "pr-inc.biz",
   "pr28.com",
   "precision-machining-tw.com",
   "prerol.tut.by",
   "priesty.com",
   "privatzone.biz",
   "prizma.kz",
   "problogrus.ru",
   "procheb.ru",
   "profitwizard.net",
   "profitwizard.ru",
   "proligtb.com",
   "prom.x-lime.net",
   "promedia-click.ru",
   "promobit.pw",
   "promoblocks.ru",
   "promoboom.org",
   "promobuster.net",
   "promobuster.org",
   "promofor.me",
   "promoloader.com",
   "propolis-shungit.biz",
   "proravenstvo.ru",
   "proravnovesie.ru",
   "proteaser.com",
   "protrafv2.com",
   "prozapas.dn.ua",
   "psnets.com",
   "ptredir.com",
   "pu.zipsites.ru",
   "public.screenhost.ru",
   "publicitysmart.com",
   "push.autosaratov.ru",
   "puttyac.com",
   "pwfb7w87ov.ru",
   "qaadv.com",
   "qcvdwtpnit.ru",
   "qmebelist.ru",
   "qractv.com",
   "qrdeom.com",
   "qrstes.com",
   "qwerty.arenda263.ru",
   "r.qip.ru",
   "r0.mail.ru",
   "r0.mradx.net",
   "radar.imgsmail.ru",
   "randoom.ru",
   "rarenok.biz",
   "ravishstroke.in",
   "rayzest.com",
   "rb-net.com",
   "rb.infox.sg",
   "rb.rfn.ru",
   "rb.sport-express.ru",
   "rcforme.biz",
   "rd09ettvoemc.pro",
   "reacten.com",
   "readvesti.ru",
   "ready4win.com",
   "real-blog.name",
   "real-mind.com",
   "real.attico-mos.ru",
   "realblog.biz",
   "realblogs.biz",
   "realblogs.info",
   "realblogs.name",
   "realdomenclear.ru",
   "reallblog.info",
   "reallblog.net",
   "realmengames.com",
   "reals-story.ru",
   "realtraf3.ru",
   "realtraf9.ru",
   "recloma.cssmod.ru",
   "recreativ.com",
   "recreativ.com.ua",
   "recreativ.ru",
   "redavu.ru",
   "redirrtosite.com",
   "ree56vxln.tech",
   "regisg.com",
   "reklama-cluster.tut.by",
   "reklamadarom.com",
   "reklamist.ru",
   "reserches.com",
   "retagapp.com",
   "returso.com",
   "reunice.com",
   "rich-adv-code.net",
   "rich-banner.ru",
   "richthof.com",
   "rightroundark.ru",
   "rikki.bukvaved.net",
   "rl7944.ru",
   "rle.ru",
   "rlylpl6k499y.ru",
   "robimobi.com",
   "robottext.ru",
   "rokno.com",
   "rollad.ru",
   "rolloversl.net",
   "rollovervk.net",
   "romilit.com",
   "root.qw.su",
   "rootinmyhead.ru",
   "roseemariepatterson.uk.to",
   "rostok-de.com",
   "rotabanner.kulichki.com",
   "rotation-media.net",
   "rotation-message.net",
   "rotation-web.net",
   "rotationmessage.net",
   "rouhb.com",
   "rpsehc.ru",
   "rtbtraf.com",
   "rtbweb.com",
   "rtdns.ru",
   "rtkrtb.com",
   "rtmain.com",
   "ruad.net",
   "ruigra.com",
   "rus-news.biz",
   "rus-news.club",
   "rusnews.biz",
   "rusnewsclub.ru",
   "rustiz.ru",
   "rustizer.com",
   "rustoria-topnews.ru",
   "rustoria.ru",
   "rustorrents.rustorrents.net",
   "rutor.eu.org",
   "rutor.ml",
   "rutorad.ru",
   "rutorads.com",
   "rutors.tk",
   "rutracker.eu",
   "rvzr-a.akamaihd.net",
   "rx9aef.driver-id.ru",
   "rybkono.ru",
   "ryehetywyt4.com",
   "s1r.tut.by",
   "s2r.tut.by",
   "s3r.tut.by",
   "s4r.tut.by",
   "s5r.tut.by",
   "saferedd.com",
   "saferedirrect.com",
   "sailor.rutracker21.org",
   "samiana.com",
   "samsung.yaload.ru",
   "sapmedia.ru",
   "sar.66.ru",
   "saymigren.net",
   "sbiten.biz",
   "sctipt.prons.org",
   "sdv-shop.ru",
   "search.a-vega.ru",
   "searchfun.in",
   "searchmeta.webhost.ru",
   "seed.by",
   "seligers.ru",
   "senkevich-vk.net",
   "senpaianime.ru",
   "serdce-volgi.ru",
   "sergh34ds.com",
   "serveac.com",
   "server.adeasy.ru",
   "server2034.ru",
   "servidormensseger.hotbox.ru",
   "servized.com",
   "sexshop4ik.ru",
   "sexshop4ik.ru.swtest.ru",
   "sexvrusko.org",
   "sheat.ru",
   "shigopo.ru",
   "shock-news.net",
   "shoko-slim.biz",
   "shop-blogs.org",
   "shopblog.org",
   "shotad.com",
   "shotyfy.com",
   "shoveac.com",
   "showdysl.com",
   "showede.com",
   "shuffele.com",
   "sibiryak-soft.net",
   "sider.org.ru",
   "sir.uz",
   "skeet.advetime.ru",
   "slartibartfast.ru",
   "sleepac.com",
   "slivz.com",
   "slot-portal.com",
   "slotoportal.com",
   "smartbucks.ru",
   "smi-inform.ru",
   "smi24x7.com",
   "smiar.ru",
   "smibooks.ru",
   "smimarket.com",
   "smiru.ru",
   "smsvcash.ru",
   "snakeac.com",
   "sochetat.net",
   "socssite.ru",
   "sof32dsso.ru",
   "soft-pays.ru",
   "solanog.com",
   "sololslol.ru",
   "some-things.ru",
   "some.demuz.ru",
   "sonnents.com",
   "sontere.com",
   "sopital.com",
   "sourdi.com",
   "sovch.ru",
   "sovietit.com",
   "sparelli.com",
   "sparical.com",
   "spechee.com",
   "spechete.com",
   "specisez.com",
   "spitter.pauk.ru",
   "sport.hudaem.ru",
   "spytrack.tic.ru",
   "srv.mzcdn.com",
   "stableprofit.ru",
   "stableprofit4you.com",
   "standadv.com",
   "starblog.org",
   "starblogs.name",
   "stars.manystars.ru",
   "startscript.ru",
   "static.terrhq.ru",
   "static2.ero2you.com",
   "static2.rutracker.org",
   "stayeda.com",
   "stb.eat.int.ru",
   "stdate.ru",
   "steamac.com",
   "str.eshzdorovo.ru",
   "striere.com",
   "striete.com",
   "stroyka-direct.ru",
   "submitred.freezpic.ru",
   "sugar-traff2.com",
   "sukterka.ru",
   "sunrima.ru",
   "super12.eu",
   "superpromokody.com",
   "supertura.com",
   "sypleni.ru",
   "sysenvfiles.net",
   "t-kibo.com",
   "t.mediacartel.ru",
   "t.pusk.ru",
   "t800.org",
   "tadic.tk",
   "tagol2.ru",
   "tak.ru",
   "takealldir.ru",
   "takru.com",
   "taril1.ru",
   "taril2.ru",
   "taril3.ru",
   "tatar.4kazan.ru",
   "tauptoat.com",
   "tc.mybb.ru",
   "td-everest.biz",
   "tds-banner.do.am",
   "teachac.com",
   "teaser-goods.ru",
   "teaser1m.com",
   "teaser2go.com",
   "teaserbar.com",
   "teasercode.net",
   "teasercpm.ru",
   "teasergate.com",
   "teasernet.com.ua",
   "teasertraffic.com",
   "tech4215978.ru",
   "tech5877413.ru",
   "tech9638514.ru",
   "tecontx.com",
   "teeser.ru",
   "tele.gg",
   "televisionbomb.com",
   "terapou.com",
   "teromil.com",
   "tft-test.ru",
   "tg.mybb.ru",
   "tgearheads.com",
   "thegrap.ru",
   "thumpac.com",
   "ticlon.ru",
   "ticount.ru",
   "tidentes.com",
   "tierest.com",
   "tilili007.ru",
   "timedirect.ru",
   "timonom.com",
   "tinsvt.ru",
   "tisapama.com",
   "tisarama.com",
   "tivinot.ru",
   "tiz.healthy2life.com",
   "tizer12.net",
   "tizer13.net",
   "tizer6.net",
   "tizer7.net",
   "tizer8.net",
   "tizerbest.net",
   "tizerda.net",
   "tizerelite.net",
   "tizerfly.net",
   "tizerget.net",
   "tizergo.net",
   "tizergun.net",
   "tizermine.net",
   "tizermy.net",
   "tizernaya-reklama.ru",
   "tizero.ru",
   "tizerset.net",
   "tizerstock.com",
   "tizrotba.ru",
   "tizru.com",
   "tizzer.ru",
   "tle.ru",
   "tm-79.com",
   "tmska.com",
   "tnx.net",
   "todayad.ru",
   "toftori.ru",
   "tojinr.com",
   "tolicando.com",
   "tomiti.ru",
   "tomobol.com",
   "tonopole.com",
   "toolsins.com",
   "top-js-metrics.top.my.ua",
   "top-rutor.eu",
   "top-stores.ru",
   "top.softweb.ru",
   "topnews.smi.one",
   "topnews2.ru",
   "tops-blogs.ru",
   "totrena.ru",
   "toujoute.com",
   "tourteaser.ru",
   "toutiles.com",
   "tovarzona.ru",
   "tozimoto.com",
   "tozipoto.com",
   "tozitoto.com",
   "tracklab.club",
   "traf-3rs.com",
   "traf-birga.net",
   "traf.biz",
   "trafall.com",
   "trafalz.com",
   "trafers.ru",
   "trafffgen.rambler.ru",
   "traffic-king.ru",
   "traffictoadv.com",
   "traffikk.biz",
   "traffmaster.ru",
   "traffpay.ru",
   "traffru.ru",
   "traffstock.ru",
   "traffworld.ru",
   "trafmake.ru",
   "trafmax.ru",
   "trafogon.ru",
   "trafsiz.com",
   "traftiz.com",
   "trahik.ru",
   "traient.com",
   "trampam.co",
   "transfto.com",
   "tranzits.com",
   "trapfleyb-bs.ru",
   "tratataololol.ru",
   "treprime.com",
   "trfmxt.com",
   "trisol.ru",
   "trklp.ru",
   "trmedie.ru",
   "tropicalos.com",
   "trtkp.ru",
   "truenty.com",
   "tryanka.ru",
   "tsnsniper.com",
   "tsr.cdns.com.ua",
   "tsunam.ru",
   "ttcl.ru",
   "tteasr.com",
   "ttfean.com",
   "tubecontext.com",
   "tuclother.info",
   "turboroller.ru",
   "tvgoods.ru",
   "tvnotivi.ru",
   "tvoigost.ru",
   "twistcasino.net",
   "twitep.com",
   "tx2.ru",
   "txtrk.com",
   "typiol.com",
   "ubar-pro.ru",
   "ubar-pro2.ru",
   "ubar-pro3.ru",
   "ubar-pro4.ru",
   "ubar.pro",
   "uchmuk.com",
   "uclead.com",
   "ufiler-pro.ru",
   "ufiler-pro2.ru",
   "ufiler.pro",
   "ujav.net",
   "ukrotsel.ru",
   "ulogin.ru",
   "ultrabit.ws",
   "ultrapay.net",
   "under-click.ru",
   "undere.com",
   "unholyrsounds.in",
   "unikuni.com",
   "universal-lnk.net",
   "untily.com",
   "upro.me",
   "urlrtb.com",
   "uroki21.ru",
   "us97udx.com",
   "uself.in",
   "usermediaclick.ru",
   "usimonat.com",
   "utilient.com",
   "utilieur.com",
   "utorria.ru",
   "uwams.info",
   "v.tranzistor-harakteristiki.ru",
   "v2mljs.org",
   "v2mlyellow.com",
   "vabloggs.biz",
   "vacoou.info",
   "vakafaro.com",
   "vakataro.com",
   "vareza.net",
   "various1down.biz",
   "vast.bazonserver.site",
   "vast.videocdn.tv",
   "vatizon.com",
   "vba.ru",
   "vbm1.ru",
   "vbmay16.com",
   "vbmjune25.com",
   "vclicks.net",
   "ventite.com",
   "ventivmedia.com",
   "veroui.com",
   "vertucash.com",
   "vezetmne.ru",
   "vidaugust.ru",
   "videc10.com",
   "video-invest.net",
   "video-link.ru",
   "video.videonow.ru",
   "video001.com",
   "video002.com",
   "video003.com",
   "video103.ru",
   "videoaugust.ru",
   "videojuly.ru",
   "videojune.ru",
   "videomay.ru",
   "videotraff.ru",
   "vidustal.com",
   "vietalle.com",
   "viglir.ru",
   "vilumirian.biz",
   "vim100.ru",
   "vimart16.com",
   "viniki.ru",
   "vinov24.com",
   "vinregle.com",
   "vipaccess.su",
   "visitscounter.ru",
   "vitos.freezfiles.ru",
   "viva-vanna.ru",
   "vk-traf.ru",
   "vkmoll.ru",
   "vkmonster.com",
   "vmblock.net",
   "vogodita.com",
   "vogorita.com",
   "vogozita.com",
   "voono.ru",
   "votetraffic.ru",
   "vpbyl.com",
   "vtizr.com",
   "vtochku.net",
   "vtomate.biz",
   "vutatik.ru",
   "vvmblock.ru",
   "w-llke.ru",
   "w-lobo.com",
   "w-lofo.com",
   "w-loko.com",
   "w-lolo.com",
   "w-lomo.com",
   "w-loro.com",
   "w-loto.com",
   "w-lovo.com",
   "w-lozo.com",
   "w-rada.com",
   "w717.com",
   "waladon.com",
   "waogi.com",
   "wap-click.net",
   "wapratios.ru",
   "wapstart.ru",
   "wapstaterpart.ru",
   "watrz.com",
   "wbid.ru",
   "wbn.su",
   "web-rom.ru",
   "web-rotation.net",
   "web-rotator.net",
   "webasm.com",
   "webmastak.net",
   "webocat.ru",
   "webproficlub.ru",
   "webrotator.net",
   "webrotator.org",
   "webweb.picforall.ru",
   "wedgeac.com",
   "weebvivian72.uk.to",
   "wells.murmann.ru",
   "weropiy.com",
   "wetpussyhd.com",
   "winline.rambler.ru",
   "wisertb.com",
   "wizzzards.com",
   "wlboon.com",
   "wm-goldenclick.ru",
   "wmactive.ru",
   "wmbankir.ru",
   "wmip.ru",
   "wmplace.ru",
   "wmrak.com",
   "woazowup.net",
   "wogoods.com",
   "wolf.fan-guf.ru",
   "womenclick.ru",
   "womens-journal.ru",
   "womenset.ru",
   "work-vseti.com",
   "worldinform.ru",
   "worldoffer.ru",
   "wpclktls.com",
   "wq3.ru",
   "wqs7j.ru",
   "wregf.biz",
   "wssdoo.com",
   "wt.lovfot.ru",
   "wtoredir.com",
   "www.online.anime-box.ws",
   "www.rt-ns.ru",
   "wxwf9klazp.ru",
   "x-ip-adv.com",
   "x-ip-adwpc.com",
   "x-traf.ru",
   "x-vulkan.net",
   "xaogi.com",
   "xb8nuy.ru",
   "xeclick.com",
   "xewoza.com",
   "xfnvb.biz",
   "xiss.ru",
   "xiuuh.com",
   "xn----ctblib1bagjll.xn--p1ai",
   "xooplo.com",
   "xray.mail.ru",
   "xstats.in",
   "xuuclck.com",
   "xxuhter.ru",
   "xytur.ru",
   "yaload.yaload.ru",
   "yalyagich.ru",
   "yandepit.com",
   "yangot.com",
   "yapspecialrequest.ru",
   "yidop.com",
   "yohioo.com",
   "youformobile.ru",
   "youhave.mobi",
   "ytsmoda3jcne.ru",
   "yulinata.ru",
   "yummyanimez.ru",
   "yyredir.com",
   "zaovrazhnoe.ru",
   "zarabotki.ru",
   "zavod.chuvaz.ru",
   "zc9l27wq.ru",
   "zd05urtrpr.space",
   "zdenochary.com",
   "zdravo-med.ru",
   "zdravosite.ru",
   "zee1qzzfnr.site",
   "zen-test.yandex.ru",
   "zhit-zdorovo.com",
   "zirikoni.com",
   "zlograd.ru",
   "zodiac-game.info",
   "zontrans.com",
   "zork.jerkngo.com",
   "zpppstop.ru",
   "zqclick.net",
   "zqwjpxow7boc.ru",
   "zvonok.mapakids.net"
  ],
  "resourceTypes": [
   "main_frame"
  ]
 },
 "id": 1,
 "priority": 29
},
{
 "action": {
  "redirect": {
   "regexSubstitution": "/strictblock.html#\\0"
  },
  "type": "redirect"
 },
 "condition": {
  "regexFilter": "^[a-z-]+://(?:[^/?#]+\\.)?yandex\\.net(?:[^%.0-9a-z_-]|$)\\S*?/weboffer/.*",
  "resourceTypes": [
   "main_frame"
  ]
 },
 "id": 2,
 "priority": 29
},
{
 "action": {
  "redirect": {
   "regexSubstitution": "/strictblock.html#\\0"
  },
  "type": "redirect"
 },
 "condition": {
  "regexFilter": "^[a-z-]+://(?:[^/?#]+\\.)?e\\.radikal\\.host/\\S*?\\..*",
  "resourceTypes": [
   "main_frame"
  ]
 },
 "id": 3,
 "priority": 29
}
]
