[
{"action":{"redirect":{"regexSubstitution":"/strictblock.html#\\0"},"type":"redirect"},"condition":{"regexFilter":"^https?://.*","requestDomains":["0x01n2ptpuz3.com","1winpb.com","2.87.160.7","35.224.227.218","35.238.205.163","358g46.fun","45tu1c0.com","8q7tvj34.xyz","90003cfd.cfd","a.b.napiszar.com","a.fapcat.com","a.slashdotmedia.com","aa.pornvideotop.com","achang-tw.github.io","ad-shield.cc","ad.responsad1.space","ad.vietbao.vn","adblock.static-cloudflare.workers.dev","adblockenterpriseedition.com","adblockultra.com","adjust.com","adn.porndig.com","adnotbad.com","adonsonlyd.xyz","adosiz.net","ads.desustream.com","ads.digital.disneyadvertising.com","ads.the.tube","adserver.inflightinternet.com","adsinteractive.com","adsloboclick.com","adspy.javrank.com","adsux.com","adsv.svc.litv.tv","advertere.zamunda.net","adxcel.com","affforce.com","affluentarmyequator.com","aj2403.online","analytics-collect.karakuri.ai","analytics.strapi.io","analytics.tiendaenoferta.com","antonellapouncedcrewels.com","arabs.alarbda.com","atropinestatuarylandleaper.com","aviatorreproducesauciness.com","axhkkigc.com","b90.yahoo.co.jp","bameb.com","batchzoo.com","beixisys.com","beldooschae.com","bitupsss.com","blocksly.org","bloxplay.com","boarfishesquandangsunderdried.com","boaststockingsaucer.com","boobausauhipsa.net","boyfriendmeaningless.com","brightadnetwork.com","browsingcontredir.com","buoydeparturediscontent.com","buyvisblog.com","bzzxq.com","camplethora.com","catsnbootsncats2020.com","cfgr2.com","cfw.dexscreener.com","checking-your-browser.com","chinaprecentalsindu.com","chpok.site","chtntor.com","cj.dotomi.com","cjewz.com","clenchedyouthmatching.com","client-telemetry.roblox.com","clipbongda.info","clivads.com","cloudflare-analiytics.pages.dev","clprr.com","code.adclickppc.com","collect.media.jio.com","collect.trendyol.com","comfortablepossibilitycarlos.com","copyhomework.com","coreadness.com","coursecopy.com","cpmecs.cc","creeperplotgrove.com","crentgate.com","crmacd.livejasmin.com","csgo.xyz","culinar9sync.com","curryfielddistribution.com","d10ydmitx7crxz.cloudfront.net","d13jhr4vol1304.cloudfront.net","d16sc05it918j8.cloudfront.net","d19f0dp1dh77jq.cloudfront.net","d1b0fk9ns6n0w9.cloudfront.net","d1k3dpebxhgqjc.cloudfront.net","d1pozdfelzfhyt.cloudfront.net","d1t4ekjh9ps4ob.cloudfront.net","d222yr38kqru7v.cloudfront.net","d2wpknqle9nuv8.cloudfront.net","d3d52lhoy0sh2w.cloudfront.net","d3t9nyds4ufoqz.cloudfront.net","damoh.welect.de","data-saver-cindi.herokuapp.com","data.cheatography.com","datadropspot.pro","dbloader.leboncoin.info","ddacn6pr5v0tl.cloudfront.net","declk.com","dek5iqd53g59a.cloudfront.net","demeter-tr-core-collect.trendyol.com","dfuybl-bclxb.love","disproveknob.com","dl4d3y1ajyv3q.cloudfront.net","dlmonitize.com","dmads.dailymotion.com","dmxleo.dailymotion.com","doaipomer.com","doathair.com","dogsprotectedfeed.info","dohggte.com","doo6pwib3qngu.cloudfront.net","dpuplet.net","drectsearch.com","dressedoutrageousrun.com","droci.buzz","dzhzp0zlnyoe8.cloudfront.net","e-stat.huya.com","e.revenue.cat","ebd.cda-hd.cc","efficientdescent.com","elements.video","endlessenterprisebrawl.com","enigmaswhereas.com","enraptureminims.com","eriegentsfse.info","excruciationaccident.com","explorads.xml-v4.ak-is2.net","eyewondermedia.com","facesnotebook.com","fastfilehost.link","fbpbpmjjg-f.club","festivalcasketfrench.com","ffb7df5a878b59e42e257c042f54bed2.com","filestream.cloud","flatrelentlessperspective.com","flyshare.cfd","forwardrb.bid","foundinggulfsaturate.com","freetrckr.com","fzj3v7sch2xg5gosh60vpkrth5c6cngvj5ivd9kg5ajcdl2vlp2ocj5fjbto.me","gajinifreedomain.fun","generating.link","get-link.xyz","ghastlyejection.com","gigachadlitics.b-cdn.net","glashanburg.com","go.bundlebyte.net","golnkz.com","google-analyticals.com","googles.video","gxh1yqz2v.xyz","h5xzcrigf541b0fzxj.fun","hbagency.it","hbs.svc.litv.tv","highmanapts.com","highrevenuecpm.com","hk6vdj4z.click","holputy.shop","hottracker.biz","hrtya.com","htagpa.tech","ichlnk.com","icontent.us","immeritousscraichingtarumari.monster","infolkwitness.shop","injuredripplegentleman.com","intrudeimpolitetortoise.com","jayan-uvl.com","js.allporncomic.com","kataprius.com","kooolboomin.com","kuvirixa.com","largeboyfriend.com","leewibaijoa.com","ligheechoagool.com","litaudrootsa.net","lnkr.us","loader.gutefrage.net","loader.horairesdouverture24.fr","loader.nyitvatartas24.hu","loadingfreerar.top","log.oto.com.vn","log.tinxe.vn","lopfly.com","magazineschnappstrusting.com","media.toxtren.com","metrics.surinenglish.com","metrika.lookmovie.io","monetization.prod.invmed.co","mowcoordinateegypt.com","mrfoe.com","msok-bayqa.icu","mysticechohaven.com","mywatchtones.com","n1g459ky7y.com","naegaithumoreragau.qpon","nakedanalytics.net","nalroustaucmoux.net","nanai-clw.com","netronline.dev","new-twinks.com","news-pewuce.com","non.arabshentai.com","nonentrantcrpehibbin.monster","offensivefountainrabbit.com","oi.fapnado.xxx","okean-qoj.com","omegatoki.com","omoneyandfarto.com","openwebmp.com","opgg.beer","oundhertobeconsist.org","outebytech.com","p23hxejm1.com","padspms.com","pagefair.net","palpatecricketmajesty.com","pantomimemailman.com","perfotrack.com","pilixiaoshuo.com","pixeltrey.com","planetwealthbuilders.net","pndax.love","popcashjs.b-cdn.net","poweredbyliquidfire.mobi","ppcent.org","ppcnqq.com","prahmnatured.com","preservehalt.com","prf.hn","prissyupland.qpon","programmaticmarket.com","promos.investing.com","protectsurf-a.akamaihd.net","psaiceex.net","pub.contexthub.net","pub.searchnova.net","publictelemetry.tophat.com","push-me-once.com","pzcwk-sfend.top","qip.ru","qjvksieybn.vip","qsiyfgazubcu.top","qty3e.pro","quarterbackchangeless.com","quizlookup.com","quiztoolbox.com","rapidsend.cfd","ratexchange.net","rdrclk.com","recessionspeaksanybody.com","rectangularfoundation.com","refpa58144.com","reingod.com","remaininghopefully.com","reminderasking.com","rencontres-coquines.jacquieetmichel.net","renewalsuspiciousrattle.com","restedpealimagine.com","retdaz.fun","revbid.net","revive.3wayint.com","reyeshehadtwobri.com","riqhisfus.com","rochestertrend.com","ronnoble.com","rv400.com","s.pie.org","s0fast.net","sandhowl.com","scxjugrsizhfo.com","sdk.optimove.net","searchwithme.net","securecloudtorrent.com","sefeethameel.com","senditfast.cloud","sersh.com","serverads.net","serving.adserver.live","sez88e.fun","sgeiruehou.cfd","share.notizie.it","sharecube.pro","shareease.link","shieldload.neoseeker.com","shyvanas.top","simonzody.com","slavicprophetyontherm.com","slc.cbssports.com","smahxdfxxdc.com","smartaccess.biz","snhjsbs.shop","socke7.com","spexjs.com","spiddefrexpron.com","spiderhannahresidential.com","srxy.xyz","ss-mndsrv.b-cdn.net","ssiadnweb.securenetsystems.net","ssp.wp.pl","staletraffic.com","stats.pronouns.page","stats.webgames.io","staukaptaicm.net","stookroocoudray.com","strekepetrols.com","strpjmp.com","studyeffect.com","stw.dl-protect.link","suburban-anxiety.com","sumologic.stv.tv","systemsecurenow.icu","t.simply-hentai.com","tairdalwaly.click","terperbelomo.info","terribledeliberate.com","testbooksolutions.com","thankstoyou.website","timberfrittermud.com","tookfree.com","toptdspup.com","toughvariation.com","tr.jianshu.com","track.bcvc.mobi","track.link-tds.com","track.opt-tds.com","track.vtcnews.vn","tradeadsexchange.com","trck.eczyl.com","trcp.gamefantech.com","twinrdsrv.com","ublockpop.com","ucast.pro","udc.yahoo.com","ultimateaderaser.com","umami.webtor.io","urxox-iqx.online","usheebainaut.com","va.huya.com","vast.pet","vehavings.biz","video-ads-module.ad-tech.nbcuni.com","vjkyw.vip","vrkonefd.buzz","vulnerableimmigrateaboveaverage.com","vuwomoby.pro","w0of-woof.com","washpost.nile.works","wbhwwnzptf.club","webtracking.fe.union-investment.de","wgplayer.com","willalland.info","windorange.info","winfr-wtc.com","wontent.powvideo.net","wordsdelivery.com","worthwhile-draw.com","x-ozwpiqlb.rocks","xdgeslibgbim.icu","xml.clickmediahub.com","xpobbwxzhe-l.site","yamcha.xyz","yandexmetrica.com","yawperalluvio.cyou","ydfgbmla.com","yollamedia.com","you2ubeconverter.com","zetadeo.com","zonedummy.com","zontent.powvideo.net","zqvee2re50mr.com"],"resourceTypes":["main_frame"]},"id":1,"priority":29},
{"action":{"redirect":{"regexSubstitution":"/strictblock.html#\\0"},"type":"redirect"},"condition":{"regexFilter":"^.*/api/widget/.*","requestDomains":["pornhub-sexfilme.net","pornojenny.net","pornoleon.com"],"resourceTypes":["main_frame"]},"id":2,"priority":29},
{"action":{"redirect":{"regexSubstitution":"/strictblock.html#\\0"},"type":"redirect"},"condition":{"regexFilter":"^.*\\.cfd/\\?ad\\S*?z1c2vypt.*","requestDomains":["cfd"],"resourceTypes":["main_frame"]},"id":3,"priority":29},
{"action":{"redirect":{"regexSubstitution":"/strictblock.html#\\0"},"type":"redirect"},"condition":{"regexFilter":"^.*\\.pro/\\?ad\\S*?z1c2vypt.*","requestDomains":["pro"],"resourceTypes":["main_frame"]},"id":4,"priority":29},
{"action":{"redirect":{"regexSubstitution":"/strictblock.html#\\0"},"type":"redirect"},"condition":{"regexFilter":"^.*\\.xyz/\\?ad\\S*?z1c2vypt.*","requestDomains":["xyz"],"resourceTypes":["main_frame"]},"id":5,"priority":29},
{"action":{"redirect":{"regexSubstitution":"/strictblock.html#\\0"},"type":"redirect"},"condition":{"regexFilter":"^[a-z-]+://(?:[^/?#]+\\.)?binomo\\.com/en/promo/.*","resourceTypes":["main_frame"]},"id":6,"priority":29},
{"action":{"redirect":{"regexSubstitution":"/strictblock.html#\\0"},"type":"redirect"},"condition":{"regexFilter":"^[a-z-]+://(?:[^/?#]+\\.)?searchtv\\.net/vpn-.*","resourceTypes":["main_frame"]},"id":7,"priority":29},
{"action":{"redirect":{"regexSubstitution":"/strictblock.html#\\0"},"type":"redirect"},"condition":{"regexFilter":"^[a-z-]+://(?:[^/?#]+\\.)?vpnk\\.net/\\?vpn.*","resourceTypes":["main_frame"]},"id":8,"priority":29},
{"action":{"redirect":{"regexSubstitution":"/strictblock.html#\\0"},"type":"redirect"},"condition":{"regexFilter":"^.*/lp/\\?lid=\\S*?&zone=.*","resourceTypes":["main_frame"]},"id":9,"priority":29},
{"action":{"redirect":{"regexSubstitution":"/strictblock.html#\\0"},"type":"redirect"},"condition":{"regexFilter":"^[a-z-]+://(?:[^/?#]+\\.)?free\\.webcompanion\\.com/\\S*?/\\S*?partner=\\S*?&campaign=.*","resourceTypes":["main_frame"]},"id":10,"priority":29},
{"action":{"redirect":{"regexSubstitution":"/strictblock.html#\\0"},"type":"redirect"},"condition":{"regexFilter":"^[a-z-]+://(?:[^/?#]+\\.)?free\\.webcompanion\\.com/\\S*?/\\S*?campaign=\\S*?&partner=.*","resourceTypes":["main_frame"]},"id":11,"priority":29},
{"action":{"redirect":{"regexSubstitution":"/strictblock.html#\\0"},"type":"redirect"},"condition":{"regexFilter":"^[a-z-]+://(?:[^/?#]+\\.)?bdu\\.bitdriverupdater\\.com/\\S*?&utm_source=.*","resourceTypes":["main_frame"]},"id":12,"priority":29},
{"action":{"redirect":{"regexSubstitution":"/strictblock.html#\\0"},"type":"redirect"},"condition":{"regexFilter":"^[a-z-]+://(?:[^/?#]+\\.)?startgaming\\.net/\\S*?&utm_source.*","resourceTypes":["main_frame"]},"id":13,"priority":29},
{"action":{"redirect":{"regexSubstitution":"/strictblock.html#\\0"},"type":"redirect"},"condition":{"regexFilter":"^[a-z-]+://(?:[^/?#]+\\.)?startgaming\\.net/\\S*?affil=torrentgalaxy.*","resourceTypes":["main_frame"]},"id":14,"priority":29},
{"action":{"redirect":{"regexSubstitution":"/strictblock.html#\\0"},"type":"redirect"},"condition":{"regexFilter":"^.*\\.pro/\\?u=\\S*?&m=.*","resourceTypes":["main_frame"]},"id":15,"priority":29},
{"action":{"redirect":{"regexSubstitution":"/strictblock.html#\\0"},"type":"redirect"},"condition":{"regexFilter":"^.*/adraw\\?zone=.*","resourceTypes":["main_frame"]},"id":16,"priority":29},
{"action":{"redirect":{"regexSubstitution":"/strictblock.html#\\0"},"type":"redirect"},"condition":{"regexFilter":"^.*/pu/\\?psid=.*","resourceTypes":["main_frame"]},"id":17,"priority":29},
{"action":{"redirect":{"regexSubstitution":"/strictblock.html#\\0"},"type":"redirect"},"condition":{"regexFilter":"^.*/pu/exralifk/.*","resourceTypes":["main_frame"]},"id":18,"priority":29},
{"action":{"redirect":{"regexSubstitution":"/strictblock.html#\\0"},"type":"redirect"},"condition":{"regexFilter":"^.*\\?key=\\S*?&sub_id_1=.*","resourceTypes":["main_frame"]},"id":19,"priority":29},
{"action":{"redirect":{"regexSubstitution":"/strictblock.html#\\0"},"type":"redirect"},"condition":{"regexFilter":"^[a-z-]+://(?:[^/?#]+\\.)?jayabaji3\\.com/bn-bd\\?aff=.*","resourceTypes":["main_frame"]},"id":20,"priority":29},
{"action":{"redirect":{"regexSubstitution":"/strictblock.html#\\0"},"type":"redirect"},"condition":{"regexFilter":"^[a-z-]+://(?:[^/?#]+\\.)?jaya9\\.app/\\?af=.*","resourceTypes":["main_frame"]},"id":21,"priority":29},
{"action":{"redirect":{"regexSubstitution":"/strictblock.html#\\0"},"type":"redirect"},"condition":{"regexFilter":"^[a-z-]+://(?:[^/?#]+\\.)?jaya9\\.best/\\?af=.*","resourceTypes":["main_frame"]},"id":22,"priority":29},
{"action":{"redirect":{"regexSubstitution":"/strictblock.html#\\0"},"type":"redirect"},"condition":{"regexFilter":"^.*/prelanders/dating-survey/index\\.html\\?.*","resourceTypes":["main_frame"]},"id":23,"priority":29}
]
